# Blender 5.2.0 LTS
# www.blender.org
mtllib RMUC20261-floor.mtl
o RMUC2026场地1.002
v 1.505000 0.760002 -1.900002
v 1.545000 0.400002 -1.900002
v 1.505000 0.760002 -2.300002
v 1.545000 0.400002 -2.300002
v 1.545000 0.200002 -1.900002
v 1.545000 0.200002 -2.300002
v 2.000999 1.400002 -2.375002
v 2.000999 1.550002 -2.375002
v 2.151000 1.400002 -2.375002
v 2.151000 1.550002 -2.375002
v 2.000999 1.400002 -2.455002
v 2.000999 1.550002 -2.455002
v 2.151000 1.400002 -2.455002
v 2.151000 1.550002 -2.455002
v 2.330999 1.140002 -2.300002
v 2.330999 1.730003 -2.300002
v 2.108689 0.822510 -2.300002
v 1.584748 1.730003 -2.300002
v 2.330999 1.140002 -2.455002
v 2.330999 1.730003 -2.455002
v 1.642483 1.730003 -2.455002
v 2.140332 0.867702 -2.455002
v 1.571654 1.730003 -2.311342
v 1.571654 1.730003 -2.393662
v 1.566654 1.721342 -2.320002
v 2.096031 0.804433 -2.320002
v 1.566654 1.721342 -2.385002
v 1.551654 1.730003 -2.393662
v 1.551654 1.730003 -2.311342
v 2.421906 0.200002 -2.300002
v 2.445000 0.200002 -2.320002
v 1.538560 1.730003 -2.300002
v 1.484000 0.760002 -2.300002
v 1.484000 0.560002 -2.300002
v 1.484000 0.760002 -1.921002
v 1.484000 0.560002 -1.921002
v 1.145000 0.221002 -2.300002
v 1.145000 0.221002 -1.921002
v 0.881000 0.221002 -2.300002
v 0.881000 0.221002 -1.921002
v 0.931000 0.760002 -1.921002
v 0.931000 0.710002 -1.921002
v 0.931000 0.760002 -2.300002
v 0.931000 0.710002 -2.300002
v 0.881000 0.710002 -1.921002
v 0.881000 0.710002 -2.300002
v 0.881000 1.730003 -2.300002
v 0.881000 0.760002 -2.300002
v 0.881000 0.760002 -1.900002
v 0.881000 0.200002 -1.900002
v 2.364171 0.200002 -2.455002
v 0.881000 0.200002 -2.455002
v 1.480824 1.730003 -2.455002
v 0.881000 1.730003 -2.455002
v 2.445000 0.200002 -2.385002
v 2.096031 0.804433 -2.385002
v 1.145000 0.221002 -0.700002
v 1.145000 0.221002 -1.079002
v 0.881000 0.221002 -0.700002
v 0.881000 0.221002 -1.079002
v 1.484000 0.560002 -0.700002
v 1.484000 0.560002 -1.079002
v 1.484000 0.760002 -0.700002
v 1.484000 0.760002 -1.079002
v 1.505000 0.760002 -1.100002
v 1.505000 0.760002 -0.700002
v 1.545000 0.400002 -1.100002
v 1.545000 0.400002 -0.700002
v 1.545000 0.200002 -1.100002
v 1.545000 0.200002 -0.700002
v 0.881000 0.200002 -1.100002
v 0.881000 0.760002 -1.100002
v 0.931000 0.760002 -1.079002
v 0.931000 0.760002 -0.700002
v 0.881000 0.760002 -0.700002
v 0.881000 0.710002 -1.079002
v 0.931000 0.710002 -1.079002
v 0.931000 0.710002 -0.700002
v 0.881000 0.710002 -0.700002
v 0.881000 1.730003 -0.700002
v 1.538560 1.730003 -0.700002
v 2.421906 0.200002 -0.700002
v 2.096031 0.804433 -0.680002
v 2.096031 0.804433 -0.615002
v 2.445000 0.200002 -0.680002
v 2.445000 0.200002 -0.615002
v 2.330999 1.140002 -0.700002
v 2.330999 1.140002 -0.545002
v 2.108689 0.822510 -0.700002
v 2.140332 0.867702 -0.545002
v 1.566654 1.721342 -0.615002
v 1.571654 1.730003 -0.606342
v 1.642483 1.730003 -0.545002
v 2.364171 0.200002 -0.545002
v 1.551654 1.730003 -0.606342
v 1.480824 1.730003 -0.545002
v 0.881000 0.200002 -0.545002
v 0.881000 1.730003 -0.545002
v 1.551654 1.730003 -0.688663
v 1.566654 1.721342 -0.680002
v 1.584748 1.730003 -0.700002
v 1.571654 1.730003 -0.688663
v 2.330999 1.730003 -0.700002
v 2.330999 1.730003 -0.545002
v 2.295000 0.350003 -0.750002
v 2.295000 0.350003 -2.250002
v 2.245000 0.350003 -0.750002
v 2.245000 0.350003 -2.250002
v 2.145000 0.250003 -2.300002
v 2.145000 0.250003 -0.700002
v 1.545000 0.250003 -0.700002
v 1.545000 0.250003 -2.300002
v 2.295000 0.200002 -0.700002
v 2.295000 0.250003 -0.700002
v 2.295000 0.250003 -2.300002
v 2.295000 0.200002 -2.300002
v 0.881000 0.203002 -2.455002
v 0.881000 0.203002 -0.545002
v 4.381000 0.200002 -2.455002
v 4.381000 0.200002 -0.545002
v 0.881000 0.400002 -3.422576
v 0.881000 0.400002 -2.547429
v 0.910999 0.430002 -3.435002
v 0.910999 0.430002 -2.535002
v 1.740999 0.350003 -2.455002
v 0.910999 0.350003 -2.455002
v 1.740999 0.200002 -2.455002
v 0.881000 0.307576 -2.455002
v 1.820999 0.200002 -2.535002
v 1.820999 0.293986 -2.535002
v 1.820999 0.200002 -3.435002
v 1.740999 0.200002 -3.515002
v 1.820999 0.293986 -3.435002
v 1.740999 0.350003 -3.515002
v 0.941000 0.314017 -2.965002
v 0.941000 0.308658 -2.985002
v 0.881000 0.308658 -2.985002
v 0.881000 0.314017 -3.005002
v 0.941000 0.314017 -3.005002
v 0.881000 0.328658 -3.019643
v 0.941000 0.328658 -3.019643
v 0.881000 0.348658 -3.025002
v 0.941000 0.348658 -3.025002
v 0.881000 0.368658 -3.019643
v 0.941000 0.368658 -3.019643
v 0.881000 0.383299 -3.005002
v 0.941000 0.383299 -3.005002
v 0.881000 0.388658 -2.985002
v 0.941000 0.388658 -2.985002
v 0.881000 0.383299 -2.965002
v 0.941000 0.383299 -2.965002
v 0.941000 0.371903 -2.952449
v 0.881000 0.368658 -2.950361
v 0.941000 0.368658 -2.950361
v 0.881000 0.348658 -2.945002
v 0.941000 0.348658 -2.945002
v 0.881000 0.328658 -2.950361
v 0.941000 0.328658 -2.950361
v 0.881000 0.325414 -2.952449
v 0.881000 0.314017 -2.965002
v 0.941000 0.280002 -2.735002
v 0.941000 0.280002 -3.235002
v 0.941000 0.430002 -3.235002
v 0.941000 0.430002 -2.735002
v 1.040999 0.280002 -2.735002
v 1.040999 0.280002 -3.235002
v 1.040999 0.230003 -3.235002
v 1.040999 0.230003 -2.735002
v 1.820999 0.230003 -2.735002
v 1.820999 0.230003 -3.235002
v 1.820999 0.293986 -3.235002
v 1.626748 0.430002 -3.235002
v 1.626748 0.430002 -3.435002
v 1.820999 0.293986 -2.735002
v 0.881000 0.200002 -3.515002
v 0.910999 0.350003 -3.515002
v 0.881000 0.307576 -3.515002
v 1.626748 0.430002 -2.535002
v 1.626748 0.430002 -2.735002
v 11.499910 0.500003 -3.787918
v 11.499910 0.500003 -4.587918
v 11.915596 0.500003 -4.587918
v 12.149911 0.500003 -4.353604
v 12.149911 0.500003 -4.022233
v 11.915596 0.500003 -3.787918
v 11.499910 0.600003 -4.587918
v 11.499910 0.600003 -3.787918
v 11.915596 0.600003 -4.587918
v 12.149911 0.600003 -4.353604
v 12.149911 0.600003 -4.022233
v 11.915596 0.600003 -3.787918
v 18.262089 0.500003 -12.302086
v 18.262089 0.500003 -11.502087
v 17.846403 0.500003 -11.502087
v 17.612089 0.500003 -11.736401
v 17.612089 0.500003 -12.067772
v 17.846403 0.500003 -12.302086
v 18.262089 0.600003 -11.502087
v 18.262089 0.600003 -12.302086
v 17.846403 0.600003 -11.502087
v 17.612089 0.600003 -11.736401
v 17.612089 0.600003 -12.067772
v 17.846403 0.600003 -12.302086
v 15.596238 0.737669 -8.911562
v 15.600480 0.737669 -8.915804
v 15.495829 0.501002 -9.011971
v 15.500072 0.501002 -9.016213
v 15.521284 0.501002 -8.995001
v 15.600480 0.687669 -8.915804
v 15.517042 0.501002 -8.990758
v 15.596238 0.687669 -8.911562
v 15.561708 0.533949 -9.026701
v 15.565950 0.533949 -9.030944
v 15.561576 0.533249 -9.026834
v 15.565818 0.533249 -9.031076
v 15.561213 0.532736 -9.027197
v 15.565456 0.532736 -9.031439
v 15.560719 0.532549 -9.027691
v 15.564960 0.532549 -9.031934
v 15.560224 0.532736 -9.028187
v 15.564466 0.532736 -9.032429
v 15.559861 0.533249 -9.028549
v 15.564104 0.533249 -9.032791
v 15.559729 0.533949 -9.028681
v 15.563971 0.533949 -9.032924
v 15.559861 0.534649 -9.028549
v 15.564104 0.534649 -9.032791
v 15.560224 0.535161 -9.028187
v 15.564466 0.535161 -9.032429
v 15.560719 0.535349 -9.027691
v 15.564960 0.535349 -9.031934
v 15.561213 0.535161 -9.027197
v 15.565456 0.535161 -9.031439
v 15.561576 0.534649 -9.026834
v 15.565818 0.534649 -9.031076
v 15.623555 0.679723 -8.964855
v 15.627797 0.679723 -8.969097
v 15.623423 0.679023 -8.964988
v 15.627665 0.679023 -8.969230
v 15.623060 0.678510 -8.965349
v 15.627302 0.678510 -8.969592
v 15.622565 0.678323 -8.965845
v 15.626807 0.678323 -8.970087
v 15.622070 0.678510 -8.966339
v 15.626312 0.678510 -8.970582
v 15.621708 0.679023 -8.966702
v 15.625950 0.679023 -8.970944
v 15.621575 0.679723 -8.966835
v 15.625817 0.679723 -8.971077
v 15.621708 0.680423 -8.966702
v 15.625950 0.680423 -8.970944
v 15.622070 0.680935 -8.966339
v 15.626312 0.680935 -8.970582
v 15.622565 0.681123 -8.965845
v 15.626807 0.681123 -8.970087
v 15.623060 0.680935 -8.965349
v 15.627302 0.680935 -8.969592
v 15.623423 0.680423 -8.964988
v 15.627665 0.680423 -8.969230
v 15.557347 0.501002 -9.031063
v 15.636543 0.687669 -8.951866
v 15.536134 0.501002 -9.052276
v 15.636543 0.737669 -8.951866
v 15.591146 0.608048 -8.997263
v 15.591641 0.608236 -8.996768
v 15.592499 0.606136 -8.995911
v 15.592136 0.605623 -8.996273
v 15.590784 0.607536 -8.997625
v 15.592136 0.608048 -8.996273
v 15.592499 0.607536 -8.995911
v 15.592631 0.606836 -8.995778
v 15.591641 0.605436 -8.996768
v 15.591146 0.605623 -8.997263
v 15.590784 0.606136 -8.997625
v 15.590652 0.606836 -8.997758
v 15.594894 0.606836 -9.002001
v 15.595027 0.607536 -9.001868
v 15.595389 0.608048 -9.001506
v 15.595884 0.608236 -9.001011
v 15.596379 0.608048 -9.000516
v 15.596742 0.607536 -9.000154
v 15.596874 0.606836 -9.000021
v 15.596742 0.606136 -9.000154
v 15.596379 0.605623 -9.000516
v 15.595884 0.605436 -9.001011
v 15.595389 0.605623 -9.001506
v 15.595027 0.606136 -9.001868
v 15.536134 0.501002 -9.028941
v 15.536134 0.496002 -9.028941
v 15.538463 0.501002 -9.024907
v 15.538463 0.496002 -9.024907
v 15.538463 0.501002 -9.020248
v 15.538463 0.496002 -9.020248
v 15.536134 0.501002 -9.016213
v 15.536134 0.496002 -9.016213
v 15.532099 0.501002 -9.013884
v 15.532099 0.496002 -9.013884
v 15.527440 0.501002 -9.013884
v 15.527440 0.496002 -9.013884
v 15.523406 0.501002 -9.016213
v 15.523406 0.496002 -9.016213
v 15.533305 0.501002 -9.031770
v 15.533305 0.496002 -9.031770
v 15.520577 0.501002 -9.019042
v 15.520577 0.496002 -9.019042
v 15.518446 0.501002 -9.022433
v 15.518446 0.496002 -9.022433
v 15.517998 0.501002 -9.026413
v 15.517998 0.496002 -9.026413
v 15.519320 0.501002 -9.030194
v 15.519320 0.496002 -9.030194
v 15.522153 0.501002 -9.033027
v 15.522153 0.496002 -9.033027
v 15.525933 0.501002 -9.034349
v 15.525933 0.496002 -9.034349
v 15.529914 0.501002 -9.033901
v 15.529914 0.496002 -9.033901
v 15.480272 0.501002 -8.978737
v 15.483101 0.501002 -8.975908
v 15.480272 0.496002 -8.978737
v 15.483101 0.496002 -8.975908
v 15.493000 0.496002 -8.991465
v 15.495829 0.496002 -8.988636
v 15.493000 0.501002 -8.991465
v 15.495829 0.501002 -8.988636
v 15.478142 0.501002 -8.982128
v 15.478142 0.496002 -8.982128
v 15.477693 0.501002 -8.986109
v 15.477693 0.496002 -8.986109
v 15.479015 0.501002 -8.989889
v 15.479015 0.496002 -8.989889
v 15.481848 0.501002 -8.992722
v 15.481848 0.496002 -8.992722
v 15.485628 0.501002 -8.994044
v 15.485628 0.496002 -8.994044
v 15.489609 0.501002 -8.993595
v 15.489609 0.496002 -8.993595
v 15.624876 0.718002 -8.940199
v 15.628411 0.718002 -8.936664
v 15.624246 0.721907 -8.939569
v 15.627781 0.721907 -8.936033
v 15.622479 0.725039 -8.937803
v 15.626015 0.725039 -8.934268
v 15.619927 0.726777 -8.935251
v 15.623464 0.726777 -8.931716
v 15.617096 0.726777 -8.932419
v 15.620631 0.726777 -8.928884
v 15.614544 0.725039 -8.929868
v 15.618079 0.725039 -8.926332
v 15.612778 0.721907 -8.928102
v 15.616314 0.721907 -8.924566
v 15.612147 0.718002 -8.927471
v 15.615684 0.718002 -8.923936
v 15.624876 0.714002 -8.940199
v 15.628411 0.714002 -8.936664
v 15.612147 0.714002 -8.927471
v 15.615684 0.714002 -8.923936
v 15.613000 0.709502 -8.928324
v 15.616536 0.709502 -8.924788
v 15.615330 0.706208 -8.930654
v 15.618865 0.706208 -8.927118
v 15.618511 0.705002 -8.933836
v 15.622047 0.705002 -8.930300
v 15.621694 0.706208 -8.937017
v 15.625229 0.706208 -8.933482
v 15.624023 0.709502 -8.939346
v 15.627559 0.709502 -8.935811
v 15.575378 0.718002 -8.883631
v 15.575378 0.714002 -8.883631
v 15.571842 0.718002 -8.887167
v 15.571842 0.714002 -8.887167
v 15.572695 0.709502 -8.888020
v 15.576231 0.709502 -8.884483
v 15.575025 0.706208 -8.890348
v 15.578560 0.706208 -8.886813
v 15.578207 0.705002 -8.893530
v 15.581742 0.705002 -8.889995
v 15.581388 0.706208 -8.896712
v 15.584924 0.706208 -8.893177
v 15.583718 0.709502 -8.899042
v 15.587254 0.709502 -8.895506
v 15.584571 0.714002 -8.899895
v 15.588106 0.714002 -8.896358
v 15.584571 0.718002 -8.899895
v 15.588106 0.718002 -8.896358
v 15.587476 0.721907 -8.895729
v 15.583718 0.722502 -8.899042
v 15.585710 0.725039 -8.893963
v 15.582174 0.725039 -8.897498
v 15.581388 0.725797 -8.896712
v 15.583158 0.726777 -8.891411
v 15.579622 0.726777 -8.894947
v 15.578207 0.727003 -8.893530
v 15.580326 0.726777 -8.888578
v 15.576791 0.726777 -8.892115
v 15.575025 0.725797 -8.890348
v 15.577774 0.725039 -8.886027
v 15.574239 0.725039 -8.889563
v 15.576009 0.721907 -8.884261
v 15.572695 0.722502 -8.888020
v 15.640785 0.686002 -8.956109
v 15.644321 0.686002 -8.952574
v 15.555933 0.686002 -8.871257
v 15.559468 0.686002 -8.867722
v 15.644321 0.746002 -8.952574
v 15.559468 0.746002 -8.867722
v 15.640785 0.746002 -8.956109
v 15.555933 0.746002 -8.871257
v 15.478151 0.501002 -8.949039
v 15.478151 0.496002 -8.949039
v 15.563004 0.501002 -9.033892
v 15.563004 0.496002 -9.033892
v 15.542945 0.679723 -8.884245
v 15.547188 0.679723 -8.888487
v 15.542812 0.679023 -8.884377
v 15.547054 0.679023 -8.888620
v 15.542450 0.678510 -8.884740
v 15.546692 0.678510 -8.888983
v 15.541955 0.678323 -8.885235
v 15.546197 0.678323 -8.889477
v 15.541460 0.678510 -8.885730
v 15.545702 0.678510 -8.889973
v 15.541098 0.679023 -8.886092
v 15.545340 0.679023 -8.890335
v 15.540965 0.679723 -8.886225
v 15.545207 0.679723 -8.890467
v 15.541098 0.680423 -8.886092
v 15.545340 0.680423 -8.890335
v 15.541460 0.680935 -8.885730
v 15.545702 0.680935 -8.889973
v 15.541955 0.681123 -8.885235
v 15.546197 0.681123 -8.889477
v 15.542450 0.680935 -8.884740
v 15.546692 0.680935 -8.888983
v 15.542812 0.680423 -8.884377
v 15.547054 0.680423 -8.888620
v 15.510041 0.606836 -8.917148
v 15.514284 0.606836 -8.921391
v 15.510174 0.607536 -8.917015
v 15.514417 0.607536 -8.921258
v 15.510536 0.608048 -8.916653
v 15.514779 0.608048 -8.920896
v 15.511031 0.608236 -8.916158
v 15.515274 0.608236 -8.920401
v 15.511526 0.608048 -8.915663
v 15.515769 0.608048 -8.919906
v 15.511889 0.607536 -8.915300
v 15.516131 0.607536 -8.919543
v 15.512021 0.606836 -8.915168
v 15.516264 0.606836 -8.919411
v 15.511889 0.606136 -8.915300
v 15.516131 0.606136 -8.919543
v 15.511526 0.605623 -8.915663
v 15.515769 0.605623 -8.919906
v 15.511031 0.605436 -8.916158
v 15.515274 0.605436 -8.920401
v 15.510536 0.605623 -8.916653
v 15.514779 0.605623 -8.920896
v 15.510174 0.606136 -8.917015
v 15.514417 0.606136 -8.921258
v 15.481098 0.533949 -8.946091
v 15.485341 0.533949 -8.950334
v 15.480966 0.533249 -8.946224
v 15.485209 0.533249 -8.950466
v 15.480603 0.532736 -8.946587
v 15.484846 0.532736 -8.950829
v 15.480108 0.532549 -8.947081
v 15.484351 0.532549 -8.951324
v 15.479613 0.532736 -8.947577
v 15.483856 0.532736 -8.951818
v 15.479251 0.533249 -8.947939
v 15.483494 0.533249 -8.952181
v 15.479118 0.533949 -8.948071
v 15.483361 0.533949 -8.952313
v 15.479251 0.534649 -8.947939
v 15.483494 0.534649 -8.952181
v 15.479613 0.535161 -8.947577
v 15.483856 0.535161 -8.951818
v 15.480108 0.535349 -8.947081
v 15.484351 0.535349 -8.951324
v 15.480603 0.535161 -8.946587
v 15.484846 0.535161 -8.950829
v 15.480966 0.534649 -8.946224
v 15.485209 0.534649 -8.950466
v 15.459766 0.501002 -8.975908
v 15.455523 0.501002 -8.971665
v 15.560175 0.737669 -8.875500
v 15.555933 0.737669 -8.871257
v 15.560175 0.687669 -8.875500
v 15.480979 0.501002 -8.954695
v 15.476737 0.501002 -8.950453
v 15.555933 0.687669 -8.871257
v 15.453403 0.501002 -8.973787
v 15.453403 0.496002 -8.973787
v 15.538255 0.496002 -9.058640
v 15.486492 0.496002 -8.973778
v 15.490473 0.496002 -8.973329
v 15.494253 0.496002 -8.974651
v 15.497086 0.496002 -8.977484
v 15.498408 0.496002 -8.981264
v 15.497959 0.496002 -8.985245
v 15.538255 0.501002 -9.058640
v 15.640785 0.687669 -8.956109
v 15.640785 0.737669 -8.956109
v 15.540377 0.501002 -9.056519
v 15.561589 0.501002 -9.035305
v 15.497086 0.501002 -8.977484
v 15.494253 0.501002 -8.974651
v 15.490473 0.501002 -8.973329
v 15.497959 0.501002 -8.985245
v 15.498408 0.501002 -8.981264
v 15.486492 0.501002 -8.973778
v 15.751801 0.737669 -8.764483
v 15.747559 0.737669 -8.760241
v 15.852210 0.501002 -8.664074
v 15.847968 0.501002 -8.659832
v 15.826755 0.501002 -8.681045
v 15.747559 0.687669 -8.760241
v 15.830997 0.501002 -8.685287
v 15.751801 0.687669 -8.764483
v 15.786331 0.533949 -8.649343
v 15.782088 0.533949 -8.645102
v 15.786464 0.533249 -8.649211
v 15.782221 0.533249 -8.644968
v 15.786826 0.532736 -8.648849
v 15.782583 0.532736 -8.644606
v 15.787321 0.532549 -8.648354
v 15.783078 0.532549 -8.644112
v 15.787816 0.532736 -8.647859
v 15.783573 0.532736 -8.643616
v 15.788178 0.533249 -8.647496
v 15.783936 0.533249 -8.643253
v 15.788311 0.533949 -8.647364
v 15.784068 0.533949 -8.643122
v 15.788178 0.534649 -8.647496
v 15.783936 0.534649 -8.643253
v 15.787816 0.535161 -8.647859
v 15.783573 0.535161 -8.643616
v 15.787321 0.535349 -8.648354
v 15.783078 0.535349 -8.644112
v 15.786826 0.535161 -8.648849
v 15.782583 0.535161 -8.644606
v 15.786464 0.534649 -8.649211
v 15.782221 0.534649 -8.644968
v 15.724484 0.679723 -8.711190
v 15.720242 0.679723 -8.706947
v 15.724617 0.679023 -8.711058
v 15.720374 0.679023 -8.706815
v 15.724979 0.678510 -8.710695
v 15.720737 0.678510 -8.706452
v 15.725474 0.678323 -8.710200
v 15.721231 0.678323 -8.705957
v 15.725969 0.678510 -8.709705
v 15.721726 0.678510 -8.705462
v 15.726332 0.679023 -8.709343
v 15.722089 0.679023 -8.705100
v 15.726464 0.679723 -8.709210
v 15.722221 0.679723 -8.704967
v 15.726332 0.680423 -8.709343
v 15.722089 0.680423 -8.705100
v 15.725969 0.680935 -8.709705
v 15.721726 0.680935 -8.705462
v 15.725474 0.681123 -8.710200
v 15.721231 0.681123 -8.705957
v 15.724979 0.680935 -8.710695
v 15.720737 0.680935 -8.706452
v 15.724617 0.680423 -8.711058
v 15.720374 0.680423 -8.706815
v 15.711496 0.687669 -8.724178
v 15.755902 0.608048 -8.679772
v 15.755540 0.607536 -8.680134
v 15.790692 0.501002 -8.644982
v 15.757255 0.607536 -8.678420
v 15.756892 0.608048 -8.678782
v 15.756397 0.608236 -8.679277
v 15.811905 0.501002 -8.623770
v 15.711496 0.737669 -8.724178
v 15.755407 0.606836 -8.680267
v 15.755540 0.606136 -8.680134
v 15.755902 0.605623 -8.679772
v 15.756397 0.605436 -8.679277
v 15.756892 0.605623 -8.678782
v 15.757255 0.606136 -8.678420
v 15.757387 0.606836 -8.678288
v 15.753145 0.606836 -8.674045
v 15.753012 0.607536 -8.674177
v 15.752649 0.608048 -8.674540
v 15.752155 0.608236 -8.675035
v 15.751659 0.608048 -8.675529
v 15.751298 0.607536 -8.675892
v 15.751165 0.606836 -8.676024
v 15.751298 0.606136 -8.675892
v 15.751659 0.605623 -8.675529
v 15.752155 0.605436 -8.675035
v 15.752649 0.605623 -8.674540
v 15.753012 0.606136 -8.674177
v 15.811905 0.501002 -8.647104
v 15.811905 0.496002 -8.647104
v 15.809576 0.501002 -8.651138
v 15.809576 0.496002 -8.651138
v 15.809576 0.501002 -8.655797
v 15.809576 0.496002 -8.655797
v 15.811905 0.501002 -8.659832
v 15.811905 0.496002 -8.659832
v 15.815940 0.501002 -8.662161
v 15.815940 0.496002 -8.662161
v 15.820599 0.501002 -8.662161
v 15.820599 0.496002 -8.662161
v 15.824634 0.501002 -8.659832
v 15.824634 0.496002 -8.659832
v 15.814734 0.501002 -8.644276
v 15.814734 0.496002 -8.644276
v 15.827461 0.501002 -8.657003
v 15.827461 0.496002 -8.657003
v 15.829791 0.501002 -8.652968
v 15.829791 0.496002 -8.652968
v 15.829791 0.501002 -8.648310
v 15.829791 0.496002 -8.648310
v 15.827461 0.501002 -8.644276
v 15.827461 0.496002 -8.644276
v 15.823427 0.501002 -8.641946
v 15.823427 0.496002 -8.641946
v 15.818769 0.501002 -8.641946
v 15.818769 0.496002 -8.641946
v 15.867766 0.501002 -8.697309
v 15.864939 0.501002 -8.700136
v 15.867766 0.496002 -8.697309
v 15.864939 0.496002 -8.700136
v 15.855039 0.496002 -8.684580
v 15.852210 0.496002 -8.687408
v 15.855039 0.501002 -8.684580
v 15.852210 0.501002 -8.687408
v 15.869898 0.501002 -8.693916
v 15.869898 0.496002 -8.693916
v 15.870346 0.501002 -8.689937
v 15.870346 0.496002 -8.689937
v 15.869023 0.501002 -8.686156
v 15.869023 0.496002 -8.686156
v 15.866191 0.501002 -8.683324
v 15.866191 0.496002 -8.683324
v 15.862411 0.501002 -8.682001
v 15.862411 0.496002 -8.682001
v 15.858430 0.501002 -8.682449
v 15.858430 0.496002 -8.682449
v 15.723164 0.718002 -8.735846
v 15.719628 0.718002 -8.739381
v 15.724016 0.722502 -8.736698
v 15.720481 0.722502 -8.740233
v 15.726345 0.725797 -8.739027
v 15.722810 0.725797 -8.742563
v 15.729527 0.727003 -8.742209
v 15.725992 0.727003 -8.745745
v 15.732710 0.725797 -8.745392
v 15.729174 0.725797 -8.748927
v 15.735039 0.722502 -8.747721
v 15.731503 0.722502 -8.751257
v 15.735891 0.718002 -8.748573
v 15.732356 0.718002 -8.752110
v 15.723164 0.714002 -8.735846
v 15.719628 0.714002 -8.739381
v 15.735891 0.714002 -8.748573
v 15.732356 0.714002 -8.752110
v 15.735039 0.709502 -8.747721
v 15.731503 0.709502 -8.751257
v 15.732710 0.706208 -8.745392
v 15.729174 0.706208 -8.748927
v 15.729527 0.705002 -8.742209
v 15.725992 0.705002 -8.745745
v 15.726345 0.706208 -8.739027
v 15.722810 0.706208 -8.742563
v 15.724016 0.709502 -8.736698
v 15.720481 0.709502 -8.740233
v 15.772661 0.718002 -8.792414
v 15.772661 0.714002 -8.792414
v 15.776196 0.718002 -8.788878
v 15.776196 0.714002 -8.788878
v 15.775566 0.710098 -8.788248
v 15.772031 0.710098 -8.791784
v 15.773800 0.706966 -8.786483
v 15.770265 0.706966 -8.790018
v 15.771249 0.705228 -8.783931
v 15.767714 0.705228 -8.787466
v 15.768416 0.705228 -8.781098
v 15.764881 0.705228 -8.784634
v 15.765864 0.706966 -8.778547
v 15.762329 0.706966 -8.782083
v 15.764099 0.710098 -8.776781
v 15.760563 0.710098 -8.780316
v 15.763469 0.714002 -8.776151
v 15.759933 0.714002 -8.779686
v 15.763469 0.718002 -8.776151
v 15.759933 0.718002 -8.779686
v 15.764099 0.721907 -8.776781
v 15.760563 0.721907 -8.780316
v 15.765864 0.725039 -8.778547
v 15.762329 0.725039 -8.782083
v 15.768416 0.726777 -8.781098
v 15.764881 0.726777 -8.784634
v 15.771249 0.726777 -8.783931
v 15.767714 0.726777 -8.787466
v 15.773800 0.725039 -8.786483
v 15.770265 0.725039 -8.790018
v 15.775566 0.721907 -8.788248
v 15.772031 0.721907 -8.791784
v 15.707253 0.686002 -8.719935
v 15.703718 0.686002 -8.723471
v 15.792107 0.686002 -8.804789
v 15.788570 0.686002 -8.808324
v 15.703718 0.746002 -8.723471
v 15.788570 0.746002 -8.808324
v 15.707253 0.746002 -8.719935
v 15.792107 0.746002 -8.804789
v 15.869888 0.501002 -8.727007
v 15.869888 0.496002 -8.727007
v 15.785035 0.501002 -8.642154
v 15.785035 0.496002 -8.642154
v 15.805095 0.679723 -8.791800
v 15.800852 0.679723 -8.787558
v 15.805227 0.679023 -8.791668
v 15.800984 0.679023 -8.787425
v 15.805590 0.678510 -8.791306
v 15.801347 0.678510 -8.787063
v 15.806085 0.678323 -8.790811
v 15.801842 0.678323 -8.786568
v 15.806580 0.678510 -8.790316
v 15.802337 0.678510 -8.786073
v 15.806942 0.679023 -8.789953
v 15.802699 0.679023 -8.785710
v 15.807075 0.679723 -8.789821
v 15.802832 0.679723 -8.785578
v 15.806942 0.680423 -8.789953
v 15.802699 0.680423 -8.785710
v 15.806580 0.680935 -8.790316
v 15.802337 0.680935 -8.786073
v 15.806085 0.681123 -8.790811
v 15.801842 0.681123 -8.786568
v 15.805590 0.680935 -8.791306
v 15.801347 0.680935 -8.787063
v 15.805227 0.680423 -8.791668
v 15.800984 0.680423 -8.787425
v 15.837997 0.606836 -8.758898
v 15.833755 0.606836 -8.754655
v 15.837865 0.607536 -8.759029
v 15.833622 0.607536 -8.754787
v 15.837502 0.608048 -8.759392
v 15.833260 0.608048 -8.755150
v 15.837008 0.608236 -8.759888
v 15.832765 0.608236 -8.755645
v 15.836513 0.608048 -8.760382
v 15.832270 0.608048 -8.756140
v 15.836150 0.607536 -8.760744
v 15.831907 0.607536 -8.756502
v 15.836018 0.606836 -8.760878
v 15.831775 0.606836 -8.756635
v 15.836150 0.606136 -8.760744
v 15.831907 0.606136 -8.756502
v 15.836513 0.605623 -8.760382
v 15.832270 0.605623 -8.756140
v 15.837008 0.605436 -8.759888
v 15.832765 0.605436 -8.755645
v 15.837502 0.605623 -8.759392
v 15.833260 0.605623 -8.755150
v 15.837865 0.606136 -8.759029
v 15.833622 0.606136 -8.754787
v 15.866941 0.533949 -8.729954
v 15.862699 0.533949 -8.725712
v 15.867074 0.533249 -8.729821
v 15.862831 0.533249 -8.725578
v 15.867436 0.532736 -8.729459
v 15.863194 0.532736 -8.725216
v 15.867931 0.532549 -8.728964
v 15.863688 0.532549 -8.724722
v 15.868426 0.532736 -8.728469
v 15.864183 0.532736 -8.724226
v 15.868788 0.533249 -8.728106
v 15.864546 0.533249 -8.723864
v 15.868921 0.533949 -8.727974
v 15.864678 0.533949 -8.723731
v 15.868788 0.534649 -8.728106
v 15.864546 0.534649 -8.723864
v 15.868426 0.535161 -8.728469
v 15.864183 0.535161 -8.724226
v 15.867931 0.535349 -8.728964
v 15.863688 0.535349 -8.724722
v 15.867436 0.535161 -8.729459
v 15.863194 0.535161 -8.725216
v 15.867074 0.534649 -8.729821
v 15.862831 0.534649 -8.725578
v 15.888273 0.501002 -8.700136
v 15.892515 0.501002 -8.704379
v 15.787864 0.737669 -8.800546
v 15.792107 0.737669 -8.804789
v 15.867060 0.501002 -8.721350
v 15.787864 0.687669 -8.800546
v 15.871303 0.501002 -8.725593
v 15.792107 0.687669 -8.804789
v 15.894637 0.496002 -8.702258
v 15.894637 0.501002 -8.702258
v 15.809784 0.496002 -8.617405
v 15.861547 0.496002 -8.702268
v 15.857567 0.496002 -8.702716
v 15.853786 0.496002 -8.701393
v 15.850954 0.496002 -8.698561
v 15.849631 0.496002 -8.694780
v 15.850080 0.496002 -8.690800
v 15.809784 0.501002 -8.617405
v 15.707253 0.687669 -8.719935
v 15.707253 0.737669 -8.719935
v 15.807663 0.501002 -8.619527
v 15.786449 0.501002 -8.640739
v 15.853786 0.501002 -8.701393
v 15.857567 0.501002 -8.702716
v 15.849631 0.501002 -8.694780
v 15.850954 0.501002 -8.698561
v 15.850080 0.501002 -8.690800
v 15.861547 0.501002 -8.702268
v 14.010198 0.737669 -7.325521
v 14.014440 0.737669 -7.329764
v 13.909788 0.501002 -7.425930
v 13.914031 0.501002 -7.430173
v 13.935244 0.501002 -7.408960
v 14.014440 0.687669 -7.329764
v 13.931002 0.501002 -7.404717
v 14.010198 0.687669 -7.325521
v 13.975668 0.533949 -7.440661
v 13.979910 0.533949 -7.444903
v 13.975535 0.533249 -7.440794
v 13.979777 0.533249 -7.445036
v 13.975173 0.532736 -7.441156
v 13.979416 0.532736 -7.445398
v 13.974678 0.532549 -7.441651
v 13.978920 0.532549 -7.445893
v 13.974183 0.532736 -7.442146
v 13.978425 0.532736 -7.446388
v 13.973821 0.533249 -7.442508
v 13.978064 0.533249 -7.446751
v 13.973688 0.533949 -7.442641
v 13.977930 0.533949 -7.446883
v 13.973821 0.534649 -7.442508
v 13.978064 0.534649 -7.446751
v 13.974183 0.535161 -7.442146
v 13.978425 0.535161 -7.446388
v 13.974678 0.535349 -7.441651
v 13.978920 0.535349 -7.445893
v 13.975173 0.535161 -7.441156
v 13.979416 0.535161 -7.445398
v 13.975535 0.534649 -7.440794
v 13.979777 0.534649 -7.445036
v 14.037515 0.679723 -7.378814
v 14.041757 0.679723 -7.383057
v 14.037382 0.679023 -7.378947
v 14.041624 0.679023 -7.383190
v 14.037020 0.678510 -7.379309
v 14.041262 0.678510 -7.383552
v 14.036525 0.678323 -7.379804
v 14.040767 0.678323 -7.384047
v 14.036030 0.678510 -7.380299
v 14.040272 0.678510 -7.384542
v 14.035667 0.679023 -7.380661
v 14.039909 0.679023 -7.384904
v 14.035535 0.679723 -7.380794
v 14.039777 0.679723 -7.385037
v 14.035667 0.680423 -7.380661
v 14.039909 0.680423 -7.384904
v 14.036030 0.680935 -7.380299
v 14.040272 0.680935 -7.384542
v 14.036525 0.681123 -7.379804
v 14.040767 0.681123 -7.384047
v 14.037020 0.680935 -7.379309
v 14.041262 0.680935 -7.383552
v 14.037382 0.680423 -7.378947
v 14.041624 0.680423 -7.383190
v 14.050503 0.687669 -7.365826
v 14.006096 0.608048 -7.410233
v 14.006458 0.607536 -7.409870
v 14.005601 0.608236 -7.410728
v 14.004744 0.607536 -7.411585
v 13.971307 0.501002 -7.445022
v 14.005106 0.608048 -7.411222
v 13.950093 0.501002 -7.466235
v 14.050503 0.737669 -7.365826
v 14.006591 0.606836 -7.409738
v 14.006458 0.606136 -7.409870
v 14.006096 0.605623 -7.410233
v 14.004611 0.606836 -7.411717
v 14.005601 0.605436 -7.410728
v 14.005106 0.605623 -7.411222
v 14.004744 0.606136 -7.411585
v 14.008854 0.606836 -7.415960
v 14.008986 0.607536 -7.415828
v 14.009349 0.608048 -7.415465
v 14.009844 0.608236 -7.414970
v 14.010339 0.608048 -7.414475
v 14.010701 0.607536 -7.414113
v 14.010834 0.606836 -7.413980
v 14.010701 0.606136 -7.414113
v 14.010339 0.605623 -7.414475
v 14.009844 0.605436 -7.414970
v 14.009349 0.605623 -7.415465
v 14.008986 0.606136 -7.415828
v 13.950093 0.501002 -7.442901
v 13.950093 0.496002 -7.442901
v 13.952422 0.501002 -7.438866
v 13.952422 0.496002 -7.438866
v 13.952422 0.501002 -7.434207
v 13.952422 0.496002 -7.434207
v 13.950093 0.501002 -7.430173
v 13.950093 0.496002 -7.430173
v 13.946058 0.501002 -7.427844
v 13.946058 0.496002 -7.427844
v 13.941400 0.501002 -7.427844
v 13.941400 0.496002 -7.427844
v 13.937366 0.501002 -7.430173
v 13.937366 0.496002 -7.430173
v 13.947265 0.501002 -7.445729
v 13.947265 0.496002 -7.445729
v 13.934537 0.501002 -7.433002
v 13.934537 0.496002 -7.433002
v 13.932207 0.501002 -7.437036
v 13.932207 0.496002 -7.437036
v 13.932207 0.501002 -7.441695
v 13.932207 0.496002 -7.441695
v 13.934537 0.501002 -7.445729
v 13.934537 0.496002 -7.445729
v 13.938572 0.501002 -7.448059
v 13.938572 0.496002 -7.448059
v 13.943231 0.501002 -7.448059
v 13.943231 0.496002 -7.448059
v 13.894232 0.501002 -7.392696
v 13.897060 0.501002 -7.389868
v 13.894232 0.496002 -7.392696
v 13.897060 0.496002 -7.389868
v 13.906960 0.496002 -7.405424
v 13.909788 0.496002 -7.402596
v 13.906960 0.501002 -7.405424
v 13.909788 0.501002 -7.402596
v 13.891902 0.501002 -7.396731
v 13.891902 0.496002 -7.396731
v 13.891902 0.501002 -7.401390
v 13.891902 0.496002 -7.401390
v 13.894232 0.501002 -7.405424
v 13.894232 0.496002 -7.405424
v 13.898267 0.501002 -7.407753
v 13.898267 0.496002 -7.407753
v 13.902925 0.501002 -7.407753
v 13.902925 0.496002 -7.407753
v 14.038836 0.718002 -7.354159
v 14.042371 0.718002 -7.350624
v 14.037983 0.722502 -7.353306
v 14.041518 0.722502 -7.349771
v 14.035653 0.725797 -7.350977
v 14.039188 0.725797 -7.347442
v 14.032471 0.727003 -7.347795
v 14.036007 0.727003 -7.344259
v 14.029289 0.725797 -7.344613
v 14.032825 0.725797 -7.341077
v 14.026959 0.722502 -7.342284
v 14.030496 0.722502 -7.338748
v 14.026107 0.718002 -7.341431
v 14.029643 0.718002 -7.337895
v 14.038836 0.714002 -7.354159
v 14.042371 0.714002 -7.350624
v 14.026107 0.714002 -7.341431
v 14.029643 0.714002 -7.337895
v 14.026959 0.709502 -7.342284
v 14.030496 0.709502 -7.338748
v 14.029289 0.706208 -7.344613
v 14.032825 0.706208 -7.341077
v 14.032471 0.705002 -7.347795
v 14.036007 0.705002 -7.344259
v 14.035653 0.706208 -7.350977
v 14.039188 0.706208 -7.347442
v 14.037983 0.709502 -7.353306
v 14.041518 0.709502 -7.349771
v 13.989338 0.718002 -7.297590
v 13.989338 0.714002 -7.297590
v 13.985802 0.718002 -7.301126
v 13.985802 0.714002 -7.301126
v 13.986654 0.709502 -7.301979
v 13.990191 0.709502 -7.298443
v 13.988984 0.706208 -7.304308
v 13.992519 0.706208 -7.300773
v 13.992167 0.705002 -7.307490
v 13.995702 0.705002 -7.303954
v 13.995348 0.706208 -7.310672
v 13.998883 0.706208 -7.307137
v 13.997678 0.709502 -7.313001
v 14.001213 0.709502 -7.309466
v 13.998530 0.714002 -7.313854
v 14.002066 0.714002 -7.310318
v 13.998530 0.718002 -7.313854
v 14.002066 0.718002 -7.310318
v 13.997678 0.722502 -7.313001
v 14.001213 0.722502 -7.309466
v 13.995348 0.725797 -7.310672
v 13.998883 0.725797 -7.307137
v 13.992167 0.727003 -7.307490
v 13.995702 0.727003 -7.303954
v 13.988984 0.725797 -7.304308
v 13.992519 0.725797 -7.300773
v 13.986654 0.722502 -7.301979
v 13.990191 0.722502 -7.298443
v 14.054745 0.686002 -7.370069
v 14.058281 0.686002 -7.366533
v 13.969893 0.686002 -7.285216
v 13.973428 0.686002 -7.281681
v 14.058281 0.746002 -7.366533
v 13.973428 0.746002 -7.281681
v 14.054745 0.746002 -7.370069
v 13.969893 0.746002 -7.285216
v 13.892111 0.501002 -7.362998
v 13.892111 0.496002 -7.362998
v 13.976963 0.501002 -7.447851
v 13.976963 0.496002 -7.447851
v 13.956904 0.679723 -7.298204
v 13.961146 0.679723 -7.302447
v 13.956772 0.679023 -7.298337
v 13.961014 0.679023 -7.302579
v 13.956409 0.678510 -7.298699
v 13.960651 0.678510 -7.302942
v 13.955914 0.678323 -7.299194
v 13.960156 0.678323 -7.303437
v 13.955420 0.678510 -7.299689
v 13.959661 0.678510 -7.303932
v 13.955057 0.679023 -7.300051
v 13.959299 0.679023 -7.304294
v 13.954925 0.679723 -7.300184
v 13.959167 0.679723 -7.304427
v 13.955057 0.680423 -7.300051
v 13.959299 0.680423 -7.304294
v 13.955420 0.680935 -7.299689
v 13.959661 0.680935 -7.303932
v 13.955914 0.681123 -7.299194
v 13.960156 0.681123 -7.303437
v 13.956409 0.680935 -7.298699
v 13.960651 0.680935 -7.302942
v 13.956772 0.680423 -7.298337
v 13.961014 0.680423 -7.302579
v 13.924001 0.606836 -7.331107
v 13.928244 0.606836 -7.335350
v 13.924133 0.607536 -7.330975
v 13.928376 0.607536 -7.335217
v 13.924496 0.608048 -7.330612
v 13.928739 0.608048 -7.334855
v 13.924991 0.608236 -7.330117
v 13.929234 0.608236 -7.334360
v 13.925486 0.608048 -7.329622
v 13.929729 0.608048 -7.333865
v 13.925848 0.607536 -7.329260
v 13.930091 0.607536 -7.333503
v 13.925981 0.606836 -7.329127
v 13.930223 0.606836 -7.333370
v 13.925848 0.606136 -7.329260
v 13.930091 0.606136 -7.333503
v 13.925486 0.605623 -7.329622
v 13.929729 0.605623 -7.333865
v 13.924991 0.605436 -7.330117
v 13.929234 0.605436 -7.334360
v 13.924496 0.605623 -7.330612
v 13.928739 0.605623 -7.334855
v 13.924133 0.606136 -7.330975
v 13.928376 0.606136 -7.335217
v 13.895058 0.533949 -7.360051
v 13.899301 0.533949 -7.364293
v 13.894925 0.533249 -7.360183
v 13.899168 0.533249 -7.364426
v 13.894563 0.532736 -7.360546
v 13.898806 0.532736 -7.364788
v 13.894068 0.532549 -7.361041
v 13.898311 0.532549 -7.365283
v 13.893573 0.532736 -7.361536
v 13.897816 0.532736 -7.365778
v 13.893210 0.533249 -7.361898
v 13.897453 0.533249 -7.366140
v 13.893078 0.533949 -7.362031
v 13.897321 0.533949 -7.366273
v 13.893210 0.534649 -7.361898
v 13.897453 0.534649 -7.366140
v 13.893573 0.535161 -7.361536
v 13.897816 0.535161 -7.365778
v 13.894068 0.535349 -7.361041
v 13.898311 0.535349 -7.365283
v 13.894563 0.535161 -7.360546
v 13.898806 0.535161 -7.364788
v 13.894925 0.534649 -7.360183
v 13.899168 0.534649 -7.364426
v 13.873726 0.501002 -7.389868
v 13.869483 0.501002 -7.385625
v 13.974134 0.737669 -7.289459
v 13.969893 0.737669 -7.285216
v 13.894938 0.501002 -7.368655
v 13.974134 0.687669 -7.289459
v 13.890697 0.501002 -7.364412
v 13.969893 0.687669 -7.285216
v 13.867362 0.501002 -7.387747
v 13.867362 0.496002 -7.387747
v 13.901094 0.496002 -7.387538
v 13.912117 0.496002 -7.398561
v 13.952214 0.496002 -7.472600
v 13.912117 0.496002 -7.393902
v 13.905753 0.496002 -7.387538
v 13.909788 0.496002 -7.389868
v 13.952214 0.501002 -7.472600
v 14.054745 0.687669 -7.370069
v 14.054745 0.737669 -7.370069
v 13.954336 0.501002 -7.470478
v 13.975549 0.501002 -7.449265
v 13.909788 0.501002 -7.389868
v 13.905753 0.501002 -7.387538
v 13.912117 0.501002 -7.398561
v 13.912117 0.501002 -7.393902
v 13.901094 0.501002 -7.387538
v 14.165761 0.737669 -7.178443
v 14.161518 0.737669 -7.174200
v 14.266170 0.501002 -7.078034
v 14.261928 0.501002 -7.073791
v 14.240714 0.501002 -7.095004
v 14.161518 0.687669 -7.174200
v 14.244957 0.501002 -7.099247
v 14.165761 0.687669 -7.178443
v 14.200291 0.533949 -7.063303
v 14.196048 0.533949 -7.059061
v 14.200423 0.533249 -7.063170
v 14.196180 0.533249 -7.058928
v 14.200786 0.532736 -7.062808
v 14.196543 0.532736 -7.058566
v 14.201281 0.532549 -7.062313
v 14.197038 0.532549 -7.058071
v 14.201776 0.532736 -7.061818
v 14.197533 0.532736 -7.057576
v 14.202138 0.533249 -7.061456
v 14.197895 0.533249 -7.057213
v 14.202271 0.533949 -7.061323
v 14.198028 0.533949 -7.057081
v 14.202138 0.534649 -7.061456
v 14.197895 0.534649 -7.057213
v 14.201776 0.535161 -7.061818
v 14.197533 0.535161 -7.057576
v 14.201281 0.535349 -7.062313
v 14.197038 0.535349 -7.058071
v 14.200786 0.535161 -7.062808
v 14.196543 0.535161 -7.058566
v 14.200423 0.534649 -7.063170
v 14.196180 0.534649 -7.058928
v 14.138444 0.679723 -7.125150
v 14.134201 0.679723 -7.120907
v 14.138577 0.679023 -7.125017
v 14.134334 0.679023 -7.120775
v 14.138939 0.678510 -7.124655
v 14.134696 0.678510 -7.120412
v 14.139434 0.678323 -7.124160
v 14.135191 0.678323 -7.119917
v 14.139929 0.678510 -7.123665
v 14.135686 0.678510 -7.119422
v 14.140291 0.679023 -7.123302
v 14.136048 0.679023 -7.119060
v 14.140424 0.679723 -7.123170
v 14.136181 0.679723 -7.118927
v 14.140291 0.680423 -7.123302
v 14.136048 0.680423 -7.119060
v 14.139929 0.680935 -7.123665
v 14.135686 0.680935 -7.119422
v 14.139434 0.681123 -7.124160
v 14.135191 0.681123 -7.119917
v 14.138939 0.680935 -7.124655
v 14.134696 0.680935 -7.120412
v 14.138577 0.680423 -7.125017
v 14.134334 0.680423 -7.120775
v 14.204652 0.501002 -7.058942
v 14.125456 0.687669 -7.138138
v 14.225864 0.501002 -7.037729
v 14.169499 0.606136 -7.094094
v 14.169862 0.605623 -7.093731
v 14.169862 0.608048 -7.093731
v 14.170357 0.605436 -7.093236
v 14.170852 0.605623 -7.092741
v 14.171214 0.606136 -7.092379
v 14.169367 0.606836 -7.094226
v 14.125456 0.737669 -7.138138
v 14.171347 0.606836 -7.092247
v 14.171214 0.607536 -7.092379
v 14.170852 0.608048 -7.092741
v 14.170357 0.608236 -7.093236
v 14.169499 0.607536 -7.094094
v 14.167105 0.606836 -7.088004
v 14.166971 0.607536 -7.088137
v 14.166609 0.608048 -7.088499
v 14.166115 0.608236 -7.088994
v 14.165619 0.608048 -7.089489
v 14.165257 0.607536 -7.089851
v 14.165124 0.606836 -7.089984
v 14.165257 0.606136 -7.089851
v 14.165619 0.605623 -7.089489
v 14.166115 0.605436 -7.088994
v 14.166609 0.605623 -7.088499
v 14.166971 0.606136 -7.088137
v 14.225864 0.501002 -7.061063
v 14.225864 0.496002 -7.061063
v 14.223536 0.501002 -7.065098
v 14.223536 0.496002 -7.065098
v 14.223536 0.501002 -7.069757
v 14.223536 0.496002 -7.069757
v 14.225864 0.501002 -7.073791
v 14.225864 0.496002 -7.073791
v 14.229899 0.501002 -7.076120
v 14.229899 0.496002 -7.076120
v 14.234558 0.501002 -7.076120
v 14.234558 0.496002 -7.076120
v 14.238593 0.501002 -7.073791
v 14.238593 0.496002 -7.073791
v 14.228693 0.501002 -7.058235
v 14.228693 0.496002 -7.058235
v 14.241421 0.501002 -7.070963
v 14.241421 0.496002 -7.070963
v 14.243552 0.501002 -7.067571
v 14.243552 0.496002 -7.067571
v 14.244000 0.501002 -7.063591
v 14.244000 0.496002 -7.063591
v 14.242678 0.501002 -7.059811
v 14.242678 0.496002 -7.059811
v 14.239845 0.501002 -7.056978
v 14.239845 0.496002 -7.056978
v 14.236065 0.501002 -7.055655
v 14.236065 0.496002 -7.055655
v 14.232084 0.501002 -7.056104
v 14.232084 0.496002 -7.056104
v 14.281726 0.501002 -7.111268
v 14.278898 0.501002 -7.114096
v 14.281726 0.496002 -7.111268
v 14.278898 0.496002 -7.114096
v 14.268998 0.496002 -7.098540
v 14.266170 0.496002 -7.101368
v 14.268998 0.501002 -7.098540
v 14.266170 0.501002 -7.101368
v 14.284056 0.501002 -7.107233
v 14.284056 0.496002 -7.107233
v 14.284056 0.501002 -7.102574
v 14.284056 0.496002 -7.102574
v 14.281726 0.501002 -7.098540
v 14.281726 0.496002 -7.098540
v 14.277692 0.501002 -7.096210
v 14.277692 0.496002 -7.096210
v 14.273033 0.501002 -7.096210
v 14.273033 0.496002 -7.096210
v 14.137123 0.718002 -7.149805
v 14.133588 0.718002 -7.153341
v 14.137753 0.721907 -7.150435
v 14.134217 0.721907 -7.153971
v 14.139519 0.725039 -7.152201
v 14.135983 0.725039 -7.155737
v 14.142071 0.726777 -7.154753
v 14.138535 0.726777 -7.158288
v 14.144903 0.726777 -7.157585
v 14.141368 0.726777 -7.161121
v 14.147455 0.725039 -7.160137
v 14.143919 0.725039 -7.163672
v 14.149220 0.721907 -7.161903
v 14.145685 0.721907 -7.165438
v 14.149851 0.718002 -7.162533
v 14.146316 0.718002 -7.166069
v 14.137123 0.714002 -7.149805
v 14.133588 0.714002 -7.153341
v 14.149851 0.714002 -7.162533
v 14.146316 0.714002 -7.166069
v 14.148998 0.709502 -7.161680
v 14.145463 0.709502 -7.165216
v 14.146669 0.706208 -7.159351
v 14.143133 0.706208 -7.162887
v 14.143487 0.705002 -7.156169
v 14.139952 0.705002 -7.159705
v 14.140305 0.706208 -7.152987
v 14.136769 0.706208 -7.156523
v 14.137976 0.709502 -7.150658
v 14.134440 0.709502 -7.154193
v 14.186621 0.718002 -7.206374
v 14.186621 0.714002 -7.206374
v 14.190156 0.718002 -7.202838
v 14.190156 0.714002 -7.202838
v 14.189526 0.710098 -7.202208
v 14.185990 0.710098 -7.205743
v 14.187759 0.706966 -7.200442
v 14.184224 0.706966 -7.203978
v 14.185208 0.705228 -7.197890
v 14.181673 0.705228 -7.201426
v 14.182376 0.705228 -7.195058
v 14.178841 0.705228 -7.198594
v 14.179824 0.706966 -7.192506
v 14.176289 0.706966 -7.196042
v 14.178059 0.710098 -7.190741
v 14.174522 0.710098 -7.194276
v 14.177428 0.714002 -7.190110
v 14.173893 0.714002 -7.193645
v 14.177428 0.718002 -7.190110
v 14.173893 0.718002 -7.193645
v 14.178059 0.721907 -7.190741
v 14.174522 0.721907 -7.194276
v 14.179824 0.725039 -7.192506
v 14.176289 0.725039 -7.196042
v 14.182376 0.726777 -7.195058
v 14.178841 0.726777 -7.198594
v 14.185208 0.726777 -7.197890
v 14.181673 0.726777 -7.201426
v 14.187759 0.725039 -7.200442
v 14.184224 0.725039 -7.203978
v 14.189526 0.721907 -7.202208
v 14.185990 0.721907 -7.205743
v 14.121213 0.686002 -7.133895
v 14.117678 0.686002 -7.137431
v 14.206066 0.686002 -7.218748
v 14.202530 0.686002 -7.222283
v 14.117678 0.746002 -7.137431
v 14.202530 0.746002 -7.222283
v 14.121213 0.746002 -7.133895
v 14.206066 0.746002 -7.218748
v 14.283848 0.501002 -7.140966
v 14.283848 0.496002 -7.140966
v 14.198995 0.501002 -7.056113
v 14.198995 0.496002 -7.056113
v 14.219054 0.679723 -7.205760
v 14.214811 0.679723 -7.201517
v 14.219187 0.679023 -7.205627
v 14.214944 0.679023 -7.201385
v 14.219549 0.678510 -7.205265
v 14.215306 0.678510 -7.201022
v 14.220044 0.678323 -7.204770
v 14.215801 0.678323 -7.200527
v 14.220539 0.678510 -7.204275
v 14.216296 0.678510 -7.200032
v 14.220901 0.679023 -7.203913
v 14.216659 0.679023 -7.199670
v 14.221034 0.679723 -7.203780
v 14.216791 0.679723 -7.199537
v 14.220901 0.680423 -7.203913
v 14.216659 0.680423 -7.199670
v 14.220539 0.680935 -7.204275
v 14.216296 0.680935 -7.200032
v 14.220044 0.681123 -7.204770
v 14.215801 0.681123 -7.200527
v 14.219549 0.680935 -7.205265
v 14.215306 0.680935 -7.201022
v 14.219187 0.680423 -7.205627
v 14.214944 0.680423 -7.201385
v 14.251957 0.606836 -7.172857
v 14.247714 0.606836 -7.168614
v 14.251824 0.607536 -7.172989
v 14.247581 0.607536 -7.168747
v 14.251462 0.608048 -7.173352
v 14.247219 0.608048 -7.169109
v 14.250967 0.608236 -7.173847
v 14.246724 0.608236 -7.169604
v 14.250472 0.608048 -7.174342
v 14.246229 0.608048 -7.170099
v 14.250110 0.607536 -7.174704
v 14.245867 0.607536 -7.170462
v 14.249977 0.606836 -7.174837
v 14.245734 0.606836 -7.170594
v 14.250110 0.606136 -7.174704
v 14.245867 0.606136 -7.170462
v 14.250472 0.605623 -7.174342
v 14.246229 0.605623 -7.170099
v 14.250967 0.605436 -7.173847
v 14.246724 0.605436 -7.169604
v 14.251462 0.605623 -7.173352
v 14.247219 0.605623 -7.169109
v 14.251824 0.606136 -7.172989
v 14.247581 0.606136 -7.168747
v 14.280901 0.533949 -7.143913
v 14.276658 0.533949 -7.139671
v 14.281034 0.533249 -7.143781
v 14.276791 0.533249 -7.139538
v 14.281395 0.532736 -7.143418
v 14.277153 0.532736 -7.139176
v 14.281891 0.532549 -7.142923
v 14.277648 0.532549 -7.138681
v 14.282386 0.532736 -7.142428
v 14.278143 0.532736 -7.138186
v 14.282747 0.533249 -7.142066
v 14.278505 0.533249 -7.137824
v 14.282881 0.533949 -7.141933
v 14.278638 0.533949 -7.137691
v 14.282747 0.534649 -7.142066
v 14.278505 0.534649 -7.137824
v 14.282386 0.535161 -7.142428
v 14.278143 0.535161 -7.138186
v 14.281891 0.535349 -7.142923
v 14.277648 0.535349 -7.138681
v 14.281395 0.535161 -7.143418
v 14.277153 0.535161 -7.139176
v 14.281034 0.534649 -7.143781
v 14.276791 0.534649 -7.139538
v 14.302233 0.501002 -7.114096
v 14.306475 0.501002 -7.118339
v 14.201823 0.737669 -7.214505
v 14.206066 0.737669 -7.218748
v 14.281019 0.501002 -7.135309
v 14.201823 0.687669 -7.214505
v 14.285262 0.501002 -7.139552
v 14.206066 0.687669 -7.218748
v 14.308597 0.496002 -7.116218
v 14.308597 0.501002 -7.116218
v 14.263841 0.496002 -7.105403
v 14.274863 0.496002 -7.116426
v 14.270205 0.496002 -7.116426
v 14.266170 0.496002 -7.114096
v 14.263841 0.496002 -7.110062
v 14.223743 0.496002 -7.031365
v 14.223743 0.501002 -7.031365
v 14.121213 0.687669 -7.133895
v 14.221622 0.501002 -7.033486
v 14.121213 0.737669 -7.133895
v 14.200409 0.501002 -7.054699
v 14.263841 0.501002 -7.105403
v 14.263841 0.501002 -7.110062
v 14.266170 0.501002 -7.114096
v 14.270205 0.501002 -7.116426
v 14.274863 0.501002 -7.116426
v 14.883824 1.045594 -7.559924
v 14.882656 1.044872 -7.559177
v 14.883726 1.044872 -7.560247
v 14.884217 1.045365 -7.559532
v 14.884118 1.044642 -7.559855
v 14.883048 1.044642 -7.558785
v 14.882545 1.044810 -7.559116
v 14.882949 1.044575 -7.558713
v 14.882664 1.044453 -7.561086
v 14.882216 1.044154 -7.559617
v 14.883286 1.044154 -7.560687
v 14.884470 1.043397 -7.559279
v 14.884071 1.043696 -7.559903
v 14.883001 1.043696 -7.558832
v 14.882724 1.043533 -7.559109
v 14.882663 1.043595 -7.558999
v 14.882684 1.043631 -7.558978
v 14.883998 1.043719 -7.559992
v 14.882834 1.043719 -7.558828
v 14.882867 1.043715 -7.558794
v 14.883920 1.043696 -7.560076
v 14.882752 1.043696 -7.558909
v 14.883848 1.043631 -7.560142
v 14.883794 1.043533 -7.560180
v 14.883471 1.042811 -7.560278
v 14.883079 1.043040 -7.560670
v 14.882332 1.043762 -7.559502
v 14.882259 1.043830 -7.559402
v 14.883402 1.043762 -7.560572
v 14.882174 1.044120 -7.559487
v 14.882200 1.044089 -7.559462
v 14.883426 1.043875 -7.560563
v 14.882262 1.043875 -7.559400
v 14.883413 1.043991 -7.560582
v 14.882246 1.043991 -7.559415
v 14.883364 1.044089 -7.560626
v 14.882826 1.045007 -7.560924
v 14.882379 1.044709 -7.559454
v 14.882341 1.044690 -7.559321
v 14.883449 1.044709 -7.560525
v 14.882524 1.044774 -7.559137
v 14.883538 1.044686 -7.560452
v 14.882374 1.044686 -7.559288
v 14.883622 1.044709 -7.560373
v 14.882455 1.044709 -7.559206
v 14.883688 1.044774 -7.560301
v 14.901855 1.042811 -7.541893
v 14.901109 1.043533 -7.540725
v 14.902179 1.043533 -7.541795
v 14.902601 1.045365 -7.541147
v 14.902503 1.044642 -7.541471
v 14.901433 1.044642 -7.540401
v 14.903017 1.043952 -7.540732
v 14.901547 1.044251 -7.540285
v 14.902618 1.044251 -7.541356
v 14.901419 1.044285 -7.540243
v 14.901393 1.044316 -7.540269
v 14.901331 1.044530 -7.540331
v 14.901334 1.044575 -7.540328
v 14.902556 1.044316 -7.541433
v 14.901347 1.044414 -7.540315
v 14.902514 1.044414 -7.541481
v 14.902494 1.044530 -7.541494
v 14.902209 1.045594 -7.541539
v 14.901040 1.044872 -7.540792
v 14.902111 1.044872 -7.541863
v 14.901048 1.044453 -7.542701
v 14.900601 1.044154 -7.541232
v 14.901671 1.044154 -7.542302
v 14.901210 1.045007 -7.542539
v 14.900764 1.044709 -7.541070
v 14.900559 1.044120 -7.541102
v 14.900725 1.044690 -7.540936
v 14.901834 1.044709 -7.542140
v 14.900930 1.044810 -7.540731
v 14.900908 1.044774 -7.540753
v 14.901923 1.044686 -7.542067
v 14.900759 1.044686 -7.540903
v 14.902007 1.044709 -7.541988
v 14.900840 1.044709 -7.540822
v 14.902073 1.044774 -7.541917
v 14.900647 1.043877 -7.541015
v 14.900631 1.043992 -7.541031
v 14.900584 1.044089 -7.541077
v 14.901252 1.043715 -7.540410
v 14.901218 1.043719 -7.540443
v 14.901137 1.043696 -7.540524
v 14.901047 1.043595 -7.540615
v 14.900644 1.043830 -7.541018
v 14.901069 1.043631 -7.540593
v 14.901385 1.043696 -7.540447
v 14.902855 1.043397 -7.540894
v 14.902456 1.043696 -7.541518
v 14.902383 1.043719 -7.541607
v 14.902305 1.043696 -7.541691
v 14.902233 1.043631 -7.541757
v 14.900717 1.043762 -7.541117
v 14.901464 1.043040 -7.542286
v 14.901787 1.043762 -7.542187
v 14.901811 1.043877 -7.542179
v 14.901797 1.043992 -7.542198
v 14.901749 1.044089 -7.542241
v 14.899856 1.045602 -7.542969
v 14.899740 1.045272 -7.543084
v 14.899590 1.044202 -7.543234
v 14.901154 1.041465 -7.541671
v 14.900580 1.041778 -7.542244
v 14.901116 1.043807 -7.542651
v 14.899943 1.042607 -7.542881
v 14.899856 1.042802 -7.542969
v 14.902308 1.042792 -7.541419
v 14.902859 1.042076 -7.539966
v 14.902560 1.041778 -7.540265
v 14.902632 1.046566 -7.540194
v 14.903285 1.045602 -7.539540
v 14.903550 1.044202 -7.539275
v 14.902927 1.044916 -7.540798
v 14.902560 1.046627 -7.540265
v 14.901570 1.047003 -7.541255
v 14.901584 1.045407 -7.542184
v 14.899911 1.045730 -7.542914
v 14.900580 1.046627 -7.542244
v 14.903285 1.042802 -7.539540
v 14.901570 1.041402 -7.541255
v 14.898499 1.044202 -7.542144
v 14.898766 1.045602 -7.541878
v 14.901469 1.046627 -7.539174
v 14.900479 1.047003 -7.540164
v 14.899489 1.046627 -7.541154
v 14.902194 1.042802 -7.538449
v 14.902460 1.044202 -7.538184
v 14.902194 1.045602 -7.538449
v 14.900479 1.041402 -7.540164
v 14.901469 1.041778 -7.539174
v 14.899489 1.041778 -7.541154
v 14.898766 1.042802 -7.541878
v 14.902342 1.062202 -7.545373
v 14.898807 1.062202 -7.541837
v 14.899579 1.056462 -7.541064
v 14.903115 1.056462 -7.544600
v 14.898302 1.050905 -7.542342
v 14.901837 1.050905 -7.545877
v 14.895289 1.046906 -7.545354
v 14.898825 1.046906 -7.548890
v 14.891288 1.045452 -7.549356
v 14.894823 1.045452 -7.552892
v 14.887285 1.046906 -7.553358
v 14.890821 1.046906 -7.556894
v 14.884273 1.050905 -7.556371
v 14.887809 1.050905 -7.559906
v 14.882996 1.056462 -7.557648
v 14.886531 1.056462 -7.561184
v 14.883769 1.062202 -7.556875
v 14.887304 1.062202 -7.560410
v 14.888244 1.060732 -7.569370
v 14.888422 1.061169 -7.569191
v 14.888367 1.060632 -7.569248
v 14.888545 1.061069 -7.569069
v 14.897362 1.041318 -7.560252
v 14.897008 1.041318 -7.560606
v 14.897362 1.041518 -7.560252
v 14.897008 1.041518 -7.560606
v 14.888840 1.052213 -7.568774
v 14.888663 1.052646 -7.568951
v 14.888963 1.052313 -7.568652
v 14.888785 1.052746 -7.568829
v 14.887326 1.057723 -7.570287
v 14.887579 1.058702 -7.570035
v 14.888297 1.057684 -7.570940
v 14.888531 1.058588 -7.570707
v 14.889439 1.057571 -7.571176
v 14.889617 1.058263 -7.570997
v 14.890576 1.057402 -7.570958
v 14.890576 1.057003 -7.570958
v 14.889439 1.056834 -7.571176
v 14.888297 1.056721 -7.570940
v 14.887326 1.056682 -7.570287
v 14.887579 1.055702 -7.570035
v 14.888531 1.055817 -7.570707
v 14.889617 1.056142 -7.570997
v 14.890673 1.056628 -7.570861
v 14.891537 1.057202 -7.570320
v 14.890673 1.057776 -7.570861
v 14.891847 1.044848 -7.565767
v 14.891668 1.045285 -7.565946
v 14.891970 1.044948 -7.565645
v 14.891790 1.045385 -7.565823
v 14.891315 1.046151 -7.566299
v 14.891138 1.046584 -7.566476
v 14.891438 1.046251 -7.566177
v 14.891260 1.046684 -7.566354
v 14.890430 1.048316 -7.567183
v 14.890254 1.048749 -7.567360
v 14.890553 1.048416 -7.567060
v 14.890377 1.048849 -7.567237
v 14.889547 1.050481 -7.568067
v 14.889370 1.050914 -7.568244
v 14.889669 1.050581 -7.567945
v 14.889493 1.051014 -7.568121
v 14.894064 1.043219 -7.565671
v 14.892757 1.043018 -7.564857
v 14.894795 1.043457 -7.565819
v 14.895513 1.043768 -7.565775
v 14.896715 1.044518 -7.565141
v 14.896094 1.042397 -7.564520
v 14.895655 1.041920 -7.564080
v 14.895026 1.042077 -7.564709
v 14.896431 1.043018 -7.564857
v 14.896069 1.043108 -7.565220
v 14.894474 1.042528 -7.565261
v 14.895749 1.043369 -7.565539
v 14.893230 1.042220 -7.564384
v 14.893868 1.041699 -7.563745
v 14.894594 1.041518 -7.563020
v 14.903376 1.041318 -7.554238
v 14.903019 1.041318 -7.554595
v 14.903376 1.041518 -7.554238
v 14.903019 1.041518 -7.554595
v 14.902311 1.041318 -7.555303
v 14.901958 1.041318 -7.555656
v 14.902311 1.041518 -7.555303
v 14.901958 1.041518 -7.555656
v 14.900543 1.041318 -7.557070
v 14.900190 1.041318 -7.557424
v 14.900543 1.041518 -7.557070
v 14.900190 1.041518 -7.557424
v 14.898776 1.041318 -7.558838
v 14.898422 1.041318 -7.559192
v 14.898776 1.041518 -7.558838
v 14.898422 1.041518 -7.559192
v 14.905763 1.041746 -7.553475
v 14.904951 1.041518 -7.552663
v 14.906323 1.042231 -7.554036
v 14.906343 1.042254 -7.554055
v 14.906451 1.042397 -7.554163
v 14.906911 1.043370 -7.554623
v 14.907072 1.044518 -7.554784
v 14.907707 1.043768 -7.553581
v 14.907751 1.043462 -7.552877
v 14.907348 1.042756 -7.553051
v 14.907602 1.043219 -7.552133
v 14.907463 1.043133 -7.551784
v 14.907245 1.042751 -7.551878
v 14.906788 1.043018 -7.550826
v 14.906582 1.042210 -7.551657
v 14.906936 1.042426 -7.551833
v 14.906239 1.042134 -7.551375
v 14.907608 1.043954 -7.553937
v 14.907082 1.043033 -7.554164
v 14.906776 1.042157 -7.552969
v 14.906124 1.041757 -7.552643
v 14.905491 1.041617 -7.552124
v 14.911302 1.053673 -7.546313
v 14.911123 1.053236 -7.546491
v 14.911179 1.053773 -7.546435
v 14.911000 1.053336 -7.546614
v 14.910769 1.052370 -7.546844
v 14.910592 1.051937 -7.547021
v 14.910646 1.052469 -7.546968
v 14.910470 1.052037 -7.547144
v 14.909885 1.050205 -7.547729
v 14.909709 1.049772 -7.547905
v 14.909763 1.050304 -7.547851
v 14.909586 1.049871 -7.548028
v 14.909001 1.048039 -7.548613
v 14.908825 1.047606 -7.548789
v 14.908879 1.048139 -7.548735
v 14.908702 1.047706 -7.548912
v 14.908295 1.046307 -7.549320
v 14.908117 1.045874 -7.549497
v 14.908172 1.046407 -7.549442
v 14.907995 1.045974 -7.549619
v 14.912781 1.055903 -7.546954
v 14.912582 1.055793 -7.546486
v 14.911966 1.055702 -7.545648
v 14.912910 1.056078 -7.547512
v 14.912885 1.056453 -7.548403
v 14.912251 1.057202 -7.549606
v 14.911966 1.058702 -7.545648
v 14.912218 1.057730 -7.545396
v 14.912861 1.057730 -7.546361
v 14.912885 1.057952 -7.548403
v 14.912850 1.057730 -7.548634
v 14.912929 1.058263 -7.547686
v 14.913083 1.057730 -7.547499
v 14.912781 1.058501 -7.546954
v 14.912582 1.058612 -7.546486
v 14.912850 1.056675 -7.548634
v 14.913083 1.056675 -7.547499
v 14.912861 1.056675 -7.546361
v 14.912218 1.056675 -7.545396
v 14.910706 1.062192 -7.546908
v 14.910882 1.061759 -7.546732
v 14.910583 1.062092 -7.547031
v 14.910760 1.061659 -7.546854
v 14.905756 1.062192 -7.541959
v 14.905633 1.062092 -7.542081
v 14.905932 1.061759 -7.541782
v 14.905810 1.061659 -7.541904
v 14.907017 1.058702 -7.540698
v 14.907017 1.055702 -7.540698
v 14.907269 1.056682 -7.540446
v 14.907269 1.057723 -7.540446
v 14.906229 1.053773 -7.541485
v 14.906351 1.053673 -7.541363
v 14.906173 1.053236 -7.541542
v 14.906051 1.053336 -7.541664
v 14.905697 1.052469 -7.542017
v 14.905820 1.052370 -7.541895
v 14.905643 1.051937 -7.542072
v 14.905520 1.052037 -7.542194
v 14.904813 1.050304 -7.542902
v 14.904936 1.050205 -7.542779
v 14.904758 1.049772 -7.542955
v 14.904636 1.049871 -7.543078
v 14.903930 1.048139 -7.543785
v 14.904052 1.048039 -7.543663
v 14.903875 1.047606 -7.543839
v 14.903752 1.047706 -7.543962
v 14.903222 1.046407 -7.544492
v 14.903345 1.046307 -7.544370
v 14.903168 1.045874 -7.544547
v 14.903046 1.045974 -7.544669
v 14.901838 1.043018 -7.545876
v 14.900002 1.041518 -7.547713
v 14.900727 1.041699 -7.546988
v 14.901365 1.042220 -7.546350
v 14.898426 1.041518 -7.549289
v 14.898426 1.041318 -7.549289
v 14.898068 1.041318 -7.549646
v 14.898068 1.041518 -7.549646
v 14.897362 1.041518 -7.550353
v 14.897362 1.041318 -7.550353
v 14.897008 1.041318 -7.550706
v 14.897008 1.041518 -7.550706
v 14.895594 1.041518 -7.552121
v 14.895594 1.041318 -7.552121
v 14.895241 1.041318 -7.552474
v 14.895241 1.041518 -7.552474
v 14.893826 1.041518 -7.553888
v 14.893826 1.041318 -7.553888
v 14.893473 1.041318 -7.554242
v 14.893473 1.041518 -7.554242
v 14.892412 1.041518 -7.555303
v 14.892412 1.041318 -7.555303
v 14.892058 1.041318 -7.555656
v 14.892058 1.041518 -7.555656
v 14.889645 1.041518 -7.558070
v 14.887807 1.043018 -7.559907
v 14.888281 1.042220 -7.559434
v 14.888919 1.041699 -7.558795
v 14.887019 1.044948 -7.560695
v 14.886897 1.044848 -7.560818
v 14.886719 1.045285 -7.560996
v 14.886841 1.045385 -7.560874
v 14.886488 1.046251 -7.561227
v 14.886365 1.046151 -7.561349
v 14.886189 1.046584 -7.561526
v 14.886311 1.046684 -7.561404
v 14.885604 1.048416 -7.562111
v 14.885481 1.048316 -7.562233
v 14.885304 1.048749 -7.562410
v 14.885427 1.048849 -7.562288
v 14.884720 1.050581 -7.562995
v 14.884597 1.050481 -7.563117
v 14.884420 1.050914 -7.563294
v 14.884543 1.051014 -7.563171
v 14.884012 1.052313 -7.563702
v 14.883890 1.052213 -7.563825
v 14.883714 1.052646 -7.564001
v 14.883836 1.052746 -7.563879
v 14.882628 1.055702 -7.565085
v 14.882628 1.058702 -7.565085
v 14.882377 1.057723 -7.565338
v 14.882377 1.056682 -7.565338
v 14.883417 1.060632 -7.564298
v 14.883294 1.060732 -7.564420
v 14.883472 1.061169 -7.564242
v 14.883595 1.061069 -7.564119
v 14.888899 1.061935 -7.568716
v 14.883948 1.061935 -7.563766
v 14.883826 1.062035 -7.563889
v 14.888776 1.062035 -7.568838
v 14.888844 1.062202 -7.568770
v 14.883895 1.062202 -7.563820
v 14.889008 1.062202 -7.568606
v 14.893579 1.062202 -7.568278
v 14.892480 1.062202 -7.569054
v 14.891225 1.062202 -7.569389
v 14.890006 1.062202 -7.569232
v 14.910210 1.062202 -7.551647
v 14.911163 1.062202 -7.548075
v 14.910538 1.062202 -7.547076
v 14.911321 1.062202 -7.549294
v 14.910986 1.062202 -7.550548
v 14.905588 1.062202 -7.542127
v 14.852884 1.066089 -8.541505
v 14.852708 1.065656 -8.541681
v 14.853006 1.065989 -8.541382
v 14.852830 1.065556 -8.541559
v 14.853768 1.068254 -8.540621
v 14.853591 1.067821 -8.540798
v 14.853890 1.068154 -8.540499
v 14.853714 1.067721 -8.540675
v 14.854300 1.069557 -8.540089
v 14.854121 1.069120 -8.540268
v 14.854423 1.069457 -8.539967
v 14.854244 1.069020 -8.540145
v 14.865829 1.073087 -8.528561
v 14.865472 1.073087 -8.528917
v 14.865829 1.072887 -8.528561
v 14.865472 1.072887 -8.528917
v 14.864765 1.073087 -8.529625
v 14.864411 1.073087 -8.529978
v 14.864765 1.072887 -8.529625
v 14.864411 1.072887 -8.529978
v 14.862997 1.073087 -8.531392
v 14.862643 1.073087 -8.531746
v 14.862997 1.072887 -8.531392
v 14.862643 1.072887 -8.531746
v 14.861229 1.073087 -8.533160
v 14.860876 1.073087 -8.533514
v 14.861229 1.072887 -8.533160
v 14.860876 1.072887 -8.533514
v 14.859815 1.073087 -8.534575
v 14.859462 1.073087 -8.534927
v 14.859815 1.072887 -8.534575
v 14.859462 1.072887 -8.534927
v 15.043980 1.080145 -8.518418
v 15.016466 1.097502 -8.511045
v 15.079759 1.080145 -8.651946
v 15.059617 1.097502 -8.672087
v 14.841108 1.097502 -8.686403
v 14.848481 1.080145 -8.713917
v 15.002150 1.097502 -8.729554
v 14.982009 1.080145 -8.749696
v 14.937964 1.097502 -8.490011
v 14.820074 1.097502 -8.607902
v 14.910452 1.080145 -8.482639
v 14.812702 1.080145 -8.580389
v 14.812702 1.071702 -8.580389
v 14.848481 1.071702 -8.713917
v 14.982009 1.071702 -8.749696
v 15.079759 1.071702 -8.651946
v 15.043980 1.071702 -8.518418
v 14.910452 1.071702 -8.482639
v 14.868315 1.071702 -8.524776
v 14.867618 1.072470 -8.525474
v 14.866755 1.072743 -8.526336
v 14.856399 1.072743 -8.536693
v 14.855776 1.072604 -8.537315
v 14.855536 1.072470 -8.537555
v 14.855521 1.072460 -8.537569
v 14.854908 1.071814 -8.538183
v 14.854839 1.071702 -8.538252
v 14.857047 1.072887 -8.537342
v 14.854841 1.071702 -8.536427
v 14.855145 1.071655 -8.535839
v 14.855359 1.071702 -8.535653
v 14.855297 1.072137 -8.538276
v 14.855210 1.071387 -8.539179
v 14.854391 1.070451 -8.536067
v 14.854926 1.069887 -8.535220
v 14.855038 1.070845 -8.535332
v 14.856508 1.072788 -8.537881
v 14.855761 1.072271 -8.538630
v 14.854535 1.071271 -8.538221
v 14.854659 1.071702 -8.537338
v 14.854247 1.070943 -8.537127
v 14.854692 1.071702 -8.536948
v 14.865716 1.071702 -8.525296
v 14.865463 1.071096 -8.525043
v 14.865283 1.069887 -8.524863
v 15.016629 1.100502 -8.507984
v 15.046429 1.081702 -8.515968
v 15.061289 1.100502 -8.674658
v 15.083104 1.081702 -8.652843
v 14.939355 1.100502 -8.487278
v 14.909554 1.071702 -8.479294
v 15.046429 1.071702 -8.515968
v 15.083104 1.071702 -8.652843
v 14.982905 1.071702 -8.753041
v 14.846031 1.071702 -8.716366
v 14.809356 1.071702 -8.579493
v 14.867401 1.071702 -8.524596
v 14.866489 1.071702 -8.524778
v 14.868465 1.072485 -8.525924
v 14.868856 1.071936 -8.525343
v 14.869242 1.071387 -8.525147
v 14.867845 1.072576 -8.525729
v 14.867791 1.072837 -8.526598
v 14.867758 1.072845 -8.526632
v 14.868275 1.072623 -8.526114
v 14.868009 1.072727 -8.526229
v 14.868560 1.071783 -8.524967
v 14.867935 1.071186 -8.524333
v 14.868184 1.071630 -8.524671
v 14.867272 1.071355 -8.524372
v 14.867204 1.070948 -8.524185
v 14.866486 1.070637 -8.524229
v 14.866301 1.071164 -8.524505
v 14.866296 1.070541 -8.524275
v 14.870748 1.068098 -8.523642
v 14.870571 1.068531 -8.523818
v 14.870625 1.067998 -8.523764
v 14.870448 1.068431 -8.523941
v 14.871455 1.066365 -8.522934
v 14.871278 1.066798 -8.523111
v 14.871332 1.066266 -8.523057
v 14.871156 1.066699 -8.523233
v 14.872338 1.064200 -8.522051
v 14.872162 1.064633 -8.522227
v 14.872216 1.064101 -8.522173
v 14.872040 1.064533 -8.522349
v 14.877289 1.064200 -8.527000
v 14.877166 1.064101 -8.527122
v 14.877111 1.064633 -8.527177
v 14.876989 1.064533 -8.527300
v 14.876282 1.066266 -8.528007
v 14.876405 1.066365 -8.527884
v 14.876227 1.066798 -8.528061
v 14.876105 1.066699 -8.528183
v 14.875575 1.067998 -8.528713
v 14.875697 1.068098 -8.528591
v 14.875521 1.068531 -8.528768
v 14.875399 1.068431 -8.528891
v 14.874191 1.071387 -8.530097
v 14.873415 1.072485 -8.530874
v 14.872355 1.072887 -8.531935
v 14.870778 1.072887 -8.533510
v 14.870778 1.073087 -8.533510
v 14.870421 1.073087 -8.533867
v 14.870421 1.072887 -8.533867
v 14.869715 1.072887 -8.534575
v 14.869715 1.073087 -8.534575
v 14.869361 1.073087 -8.534927
v 14.869361 1.072887 -8.534927
v 14.867947 1.072887 -8.536342
v 14.867947 1.073087 -8.536342
v 14.867593 1.073087 -8.536695
v 14.867593 1.072887 -8.536695
v 14.866179 1.072887 -8.538110
v 14.866179 1.073087 -8.538110
v 14.865826 1.073087 -8.538464
v 14.865826 1.072887 -8.538464
v 14.864765 1.072887 -8.539524
v 14.864765 1.073087 -8.539524
v 14.864411 1.073087 -8.539877
v 14.864411 1.072887 -8.539877
v 14.861998 1.072887 -8.542292
v 14.860160 1.071387 -8.544128
v 14.860634 1.072185 -8.543655
v 14.861272 1.072706 -8.543016
v 14.859372 1.069457 -8.544916
v 14.859250 1.069557 -8.545038
v 14.859072 1.069120 -8.545218
v 14.859194 1.069020 -8.545094
v 14.858840 1.068154 -8.545448
v 14.858718 1.068254 -8.545570
v 14.858541 1.067821 -8.545748
v 14.858664 1.067721 -8.545625
v 14.857957 1.065989 -8.546332
v 14.857834 1.066089 -8.546454
v 14.857657 1.065656 -8.546631
v 14.857780 1.065556 -8.546509
v 14.852123 1.063824 -8.542267
v 14.857073 1.063824 -8.547216
v 14.856950 1.063924 -8.547338
v 14.852000 1.063924 -8.542389
v 14.851910 1.063702 -8.542480
v 14.856859 1.063702 -8.547429
v 14.852074 1.063702 -8.542316
v 14.852402 1.063702 -8.537745
v 14.851625 1.063702 -8.538844
v 14.851291 1.063702 -8.540098
v 14.851448 1.063702 -8.541318
v 14.867808 1.063702 -8.522339
v 14.871381 1.063702 -8.521385
v 14.872378 1.063702 -8.522011
v 14.868907 1.063702 -8.521563
v 14.870161 1.063702 -8.521228
v 14.877329 1.063702 -8.526960
v 14.879335 1.070453 -8.528919
v 14.879782 1.070154 -8.530388
v 14.878712 1.070154 -8.529318
v 14.878174 1.071594 -8.530081
v 14.879343 1.070872 -8.530828
v 14.878273 1.070872 -8.529757
v 14.877782 1.071365 -8.530473
v 14.877880 1.070642 -8.530149
v 14.878951 1.070642 -8.531219
v 14.879453 1.070810 -8.530889
v 14.879050 1.070575 -8.531292
v 14.879173 1.071007 -8.529081
v 14.878550 1.070709 -8.529480
v 14.879620 1.070709 -8.530550
v 14.879475 1.070774 -8.530867
v 14.878461 1.070686 -8.529553
v 14.879624 1.070686 -8.530717
v 14.879658 1.070690 -8.530684
v 14.878377 1.070709 -8.529632
v 14.879543 1.070709 -8.530798
v 14.878310 1.070774 -8.529703
v 14.879824 1.070120 -8.530518
v 14.878921 1.069040 -8.529334
v 14.878596 1.069762 -8.529433
v 14.879667 1.069762 -8.530503
v 14.879798 1.070089 -8.530543
v 14.878572 1.069875 -8.529441
v 14.879737 1.069875 -8.530605
v 14.879739 1.069830 -8.530602
v 14.878586 1.069991 -8.529423
v 14.879752 1.069991 -8.530589
v 14.878634 1.070089 -8.529379
v 14.878528 1.068810 -8.529726
v 14.879274 1.069533 -8.530895
v 14.878204 1.069533 -8.529825
v 14.877367 1.069952 -8.530888
v 14.878836 1.070251 -8.531334
v 14.877766 1.070251 -8.530264
v 14.877529 1.069397 -8.530725
v 14.878998 1.069696 -8.531172
v 14.878964 1.070285 -8.531377
v 14.879131 1.069715 -8.531210
v 14.877928 1.069696 -8.530102
v 14.879336 1.069595 -8.531006
v 14.879314 1.069631 -8.531027
v 14.878001 1.069719 -8.530013
v 14.879165 1.069719 -8.531177
v 14.878079 1.069696 -8.529929
v 14.879246 1.069696 -8.531096
v 14.878151 1.069631 -8.529863
v 14.879052 1.070530 -8.531289
v 14.879037 1.070414 -8.531305
v 14.878990 1.070316 -8.531351
v 14.877827 1.070316 -8.530187
v 14.877871 1.070414 -8.530138
v 14.877889 1.070530 -8.530125
v 14.879269 1.069490 -8.529008
v 14.879875 1.067840 -8.529304
v 14.880793 1.070202 -8.528385
v 14.880527 1.068802 -8.528650
v 14.878813 1.067402 -8.530365
v 14.879803 1.067778 -8.529375
v 14.877884 1.068998 -8.530352
v 14.877154 1.068674 -8.532024
v 14.877823 1.067778 -8.531355
v 14.877416 1.070599 -8.530819
v 14.876833 1.070202 -8.532345
v 14.877098 1.068802 -8.532080
v 14.877823 1.072627 -8.531355
v 14.877187 1.071799 -8.531992
v 14.877098 1.071602 -8.532080
v 14.878397 1.072940 -8.530781
v 14.880643 1.071272 -8.528536
v 14.880527 1.071602 -8.528650
v 14.878649 1.071613 -8.529628
v 14.880102 1.072327 -8.529076
v 14.879803 1.072627 -8.529375
v 14.878813 1.073002 -8.530365
v 14.881884 1.070202 -8.529476
v 14.881618 1.071602 -8.529741
v 14.879904 1.073002 -8.531456
v 14.880894 1.072627 -8.530466
v 14.878914 1.072627 -8.532446
v 14.878189 1.068802 -8.533171
v 14.877924 1.070202 -8.533436
v 14.878189 1.071602 -8.533171
v 14.880894 1.067778 -8.530466
v 14.879904 1.067402 -8.531456
v 14.878914 1.067778 -8.532446
v 14.881618 1.068802 -8.529741
v 14.858982 1.069952 -8.549273
v 14.860451 1.070251 -8.549719
v 14.859381 1.070251 -8.548649
v 14.859789 1.071594 -8.548466
v 14.860958 1.070872 -8.549212
v 14.859888 1.070872 -8.548141
v 14.860788 1.071007 -8.547466
v 14.860165 1.070709 -8.547865
v 14.861236 1.070709 -8.548935
v 14.861068 1.070810 -8.549273
v 14.861090 1.070774 -8.549252
v 14.860076 1.070686 -8.547937
v 14.861239 1.070686 -8.549102
v 14.861273 1.070690 -8.549068
v 14.859992 1.070709 -8.548017
v 14.861158 1.070709 -8.549183
v 14.859926 1.070774 -8.548088
v 14.860950 1.070453 -8.547304
v 14.861397 1.070154 -8.548773
v 14.860327 1.070154 -8.547703
v 14.860144 1.068810 -8.548111
v 14.860890 1.069533 -8.549280
v 14.859819 1.069533 -8.548210
v 14.861354 1.069830 -8.548987
v 14.860951 1.069595 -8.549390
v 14.861282 1.069762 -8.548888
v 14.860536 1.069040 -8.547719
v 14.860211 1.069762 -8.547817
v 14.861440 1.070120 -8.548903
v 14.861414 1.070089 -8.548927
v 14.860188 1.069875 -8.547826
v 14.861352 1.069875 -8.548990
v 14.860201 1.069991 -8.547808
v 14.861367 1.069991 -8.548974
v 14.860250 1.070089 -8.547764
v 14.860665 1.070575 -8.549676
v 14.860929 1.069631 -8.549412
v 14.860668 1.070530 -8.549674
v 14.860652 1.070414 -8.549689
v 14.860580 1.070285 -8.549761
v 14.860746 1.069715 -8.549595
v 14.860606 1.070316 -8.549736
v 14.860780 1.069719 -8.549562
v 14.860861 1.069696 -8.549480
v 14.860566 1.070642 -8.549604
v 14.859397 1.071365 -8.548858
v 14.859496 1.070642 -8.548534
v 14.859504 1.070530 -8.548510
v 14.859486 1.070414 -8.548523
v 14.859442 1.070316 -8.548572
v 14.860613 1.069696 -8.549557
v 14.859144 1.069397 -8.549110
v 14.859543 1.069696 -8.548487
v 14.859616 1.069719 -8.548398
v 14.859694 1.069696 -8.548314
v 14.859766 1.069631 -8.548248
v 14.860428 1.073002 -8.548750
v 14.859673 1.072790 -8.549506
v 14.860481 1.071485 -8.547796
v 14.862099 1.071706 -8.547080
v 14.861418 1.072627 -8.547760
v 14.862408 1.070202 -8.546770
v 14.862143 1.071602 -8.547035
v 14.860808 1.069555 -8.547426
v 14.861509 1.067857 -8.547668
v 14.862143 1.068802 -8.547035
v 14.860428 1.067402 -8.548750
v 14.861418 1.067778 -8.547760
v 14.859676 1.068894 -8.548559
v 14.859298 1.067903 -8.549880
v 14.859438 1.067778 -8.549740
v 14.858713 1.068802 -8.550465
v 14.858492 1.069616 -8.550686
v 14.858980 1.070608 -8.549296
v 14.858448 1.070202 -8.550730
v 14.858713 1.071602 -8.550465
v 14.858926 1.072027 -8.550252
v 14.859438 1.072627 -8.549740
v 14.861519 1.073002 -8.549841
v 14.862509 1.072627 -8.548851
v 14.863234 1.071602 -8.548126
v 14.860529 1.072627 -8.550831
v 14.859539 1.070202 -8.551821
v 14.859804 1.071602 -8.551556
v 14.859804 1.068802 -8.551556
v 14.862509 1.067778 -8.548851
v 14.861519 1.067402 -8.549841
v 14.860529 1.067778 -8.550831
v 14.863499 1.070202 -8.547861
v 14.863234 1.068802 -8.548126
v 14.858654 1.071203 -8.551999
v 14.860436 1.071203 -8.553720
v 14.858895 1.072478 -8.551757
v 14.860571 1.072162 -8.553585
v 14.860674 1.072457 -8.553482
v 14.860956 1.072976 -8.553201
v 14.859556 1.073412 -8.551097
v 14.862210 1.073711 -8.551947
v 14.860458 1.073754 -8.550195
v 14.861531 1.073520 -8.552625
v 14.861323 1.073375 -8.552834
v 14.880258 1.073754 -8.530396
v 14.882009 1.073711 -8.532147
v 14.881160 1.073412 -8.529493
v 14.882688 1.073520 -8.531468
v 14.882895 1.073375 -8.531260
v 14.883264 1.072976 -8.530893
v 14.881820 1.072478 -8.528832
v 14.883782 1.071203 -8.530374
v 14.882062 1.071203 -8.528591
v 14.883648 1.072162 -8.530508
v 14.883545 1.072457 -8.530611
v 14.883701 1.072159 -8.530573
v 14.883836 1.071203 -8.530438
v 14.883318 1.072970 -8.530956
v 14.882069 1.073702 -8.532207
v 14.882745 1.073512 -8.531530
v 14.862269 1.073702 -8.552006
v 14.861593 1.073512 -8.552682
v 14.861019 1.072970 -8.553255
v 14.860501 1.071203 -8.553774
v 14.860636 1.072159 -8.553638
v 14.862933 1.073702 -8.552670
v 14.862257 1.073512 -8.553346
v 14.861683 1.072970 -8.553919
v 14.861300 1.072159 -8.554302
v 14.861165 1.071203 -8.554437
v 14.882732 1.073702 -8.532870
v 14.884500 1.071203 -8.531102
v 14.884365 1.072159 -8.531237
v 14.883982 1.072970 -8.531620
v 14.883409 1.073512 -8.532194
v 14.884500 1.063702 -8.531102
v 14.882062 1.063702 -8.528591
v 14.927465 1.083702 -8.546138
v 14.964994 1.083702 -8.546138
v 14.997496 1.083702 -8.564902
v 15.016260 1.083702 -8.597403
v 14.876201 1.083702 -8.634932
v 14.876201 1.083702 -8.597403
v 14.894965 1.083702 -8.564902
v 14.964994 1.083702 -8.686197
v 14.927465 1.083702 -8.686197
v 14.894965 1.083702 -8.667433
v 15.016260 1.083702 -8.634932
v 14.997496 1.083702 -8.667433
v 14.894965 1.092002 -8.564902
v 14.927465 1.092002 -8.546138
v 14.934299 1.092002 -8.544656
v 14.964994 1.092002 -8.546138
v 14.997496 1.092002 -8.564902
v 15.016260 1.092002 -8.597403
v 15.016260 1.092002 -8.634932
v 14.997496 1.092002 -8.667433
v 14.964994 1.092002 -8.686197
v 14.927465 1.092002 -8.686197
v 14.894965 1.092002 -8.667433
v 14.876201 1.092002 -8.634932
v 14.876201 1.092002 -8.597403
v 14.894611 1.092502 -8.564548
v 14.927337 1.092502 -8.545654
v 14.930759 1.092502 -8.544826
v 14.934217 1.092502 -8.544163
v 14.965124 1.092502 -8.545654
v 14.997849 1.092502 -8.564548
v 15.016743 1.092502 -8.597274
v 15.016743 1.092502 -8.635061
v 14.997849 1.092502 -8.667787
v 14.965124 1.092502 -8.686680
v 14.927337 1.092502 -8.686680
v 14.894611 1.092502 -8.667787
v 14.875718 1.092502 -8.635061
v 14.875718 1.092502 -8.597274
v 14.939028 1.092502 -8.541754
v 14.958532 1.092502 -8.542425
v 14.993755 1.092502 -8.558456
v 15.016244 1.092502 -8.589951
v 15.019973 1.092502 -8.628469
v 15.003942 1.092502 -8.663692
v 14.972447 1.092502 -8.686182
v 14.933928 1.092502 -8.689910
v 14.898705 1.092502 -8.673879
v 14.876216 1.092502 -8.642385
v 14.872488 1.092502 -8.603865
v 14.888518 1.092502 -8.568642
v 14.893366 1.092502 -8.563303
v 14.920013 1.092502 -8.546154
v 14.888119 1.092003 -8.568314
v 14.871978 1.092003 -8.603780
v 14.875731 1.092003 -8.642566
v 14.919832 1.092003 -8.545669
v 14.893000 1.092003 -8.669397
v 14.898376 1.092003 -8.674278
v 14.933843 1.092003 -8.690420
v 14.972629 1.092003 -8.686666
v 15.004341 1.092003 -8.664022
v 15.020483 1.092003 -8.628555
v 15.016729 1.092003 -8.589769
v 14.994084 1.092003 -8.558056
v 14.958618 1.092003 -8.541914
v 14.904561 1.075601 -8.548734
v 14.903754 1.076702 -8.549541
v 14.883640 1.075603 -8.527817
v 14.882835 1.076702 -8.528622
v 14.882850 1.076148 -8.527822
v 14.905027 1.076702 -8.550514
v 14.880565 1.076702 -8.574984
v 14.879589 1.076702 -8.573706
v 14.858670 1.076702 -8.552787
v 14.909220 1.075608 -8.550071
v 14.910406 1.075603 -8.549633
v 14.908399 1.076161 -8.550766
v 14.905129 1.078668 -8.552821
v 14.905728 1.077976 -8.552276
v 14.905882 1.077693 -8.552015
v 14.905943 1.077505 -8.551831
v 14.905952 1.077234 -8.551537
v 14.905815 1.076965 -8.551189
v 14.905931 1.075606 -8.549704
v 14.905470 1.076764 -8.550816
v 14.907544 1.075606 -8.550167
v 14.905813 1.076963 -8.551187
v 14.908524 1.075608 -8.550180
v 14.887939 1.078668 -8.568165
v 14.882039 1.077692 -8.575881
v 14.882241 1.077916 -8.575773
v 14.882824 1.078668 -8.575160
v 14.881233 1.076965 -8.575784
v 14.881533 1.077199 -8.575924
v 14.881829 1.077475 -8.575939
v 14.881186 1.076933 -8.575749
v 14.880874 1.076767 -8.575440
v 14.880630 1.075994 -8.578676
v 14.878797 1.075581 -8.574498
v 14.879569 1.075585 -8.575500
v 14.879907 1.075586 -8.576188
v 14.880166 1.075586 -8.577068
v 14.880210 1.075588 -8.578746
v 14.880108 1.075678 -8.579592
v 14.879696 1.075584 -8.580343
v 14.857879 1.075583 -8.553578
v 14.857885 1.076148 -8.552787
v 14.857885 1.076134 -8.552767
v 14.882830 1.076134 -8.527822
v 14.882983 1.063702 -8.527670
v 14.883787 1.063702 -8.527670
v 14.904597 1.063702 -8.548479
v 14.906249 1.063702 -8.549576
v 14.908557 1.063702 -8.549926
v 14.910491 1.063702 -8.549353
v 14.879666 1.075583 -8.580399
v 14.898062 1.063702 -8.674660
v 14.875269 1.063702 -8.642739
v 14.871490 1.063702 -8.603699
v 14.879415 1.063702 -8.580429
v 14.933762 1.063702 -8.690907
v 14.972802 1.063702 -8.687129
v 15.004723 1.063702 -8.664336
v 15.020970 1.063702 -8.628636
v 15.017192 1.063702 -8.589596
v 14.994399 1.063702 -8.557675
v 14.958699 1.063702 -8.541428
v 14.919659 1.063702 -8.545206
v 14.879985 1.063702 -8.578533
v 14.879653 1.063702 -8.576221
v 14.878542 1.063702 -8.574533
v 14.857732 1.063702 -8.553724
v 14.857732 1.063702 -8.552920
v 14.858654 1.063702 -8.551999
v 14.861165 1.063702 -8.554437
v 14.860812 1.073202 -8.550548
v 14.862933 1.073202 -8.552670
v 14.862226 1.072935 -8.553376
v 14.860105 1.072935 -8.551255
v 14.861709 1.072202 -8.553894
v 14.859587 1.072202 -8.551773
v 14.861519 1.071203 -8.554084
v 14.859398 1.071203 -8.551962
v 14.882732 1.073202 -8.532870
v 14.880610 1.073202 -8.530748
v 14.882025 1.071203 -8.529335
v 14.884147 1.071203 -8.531456
v 14.883957 1.072202 -8.531646
v 14.881836 1.072202 -8.529524
v 14.883439 1.072935 -8.532164
v 14.881318 1.072935 -8.530042
v 14.884147 1.063702 -8.531456
v 14.882025 1.063702 -8.529335
v 14.861519 1.063702 -8.554084
v 14.859398 1.063702 -8.551962
v 14.877633 1.063702 -8.533727
v 14.874639 1.067557 -8.536721
v 14.870711 1.068953 -8.540648
v 14.866784 1.067557 -8.544576
v 14.863790 1.063702 -8.547570
v 14.874097 1.063702 -8.530191
v 14.871102 1.067557 -8.533186
v 14.867176 1.068953 -8.537113
v 14.863249 1.067557 -8.541040
v 14.860254 1.063702 -8.544035
v 14.726804 1.062202 -7.477373
v 14.726804 1.063702 -7.477373
v 14.724563 1.062202 -7.478667
v 14.724563 1.063702 -7.478667
v 14.721974 1.062202 -7.478667
v 14.721974 1.063702 -7.478667
v 14.719733 1.062202 -7.477373
v 14.719733 1.063702 -7.477373
v 14.718439 1.062202 -7.475131
v 14.718439 1.063702 -7.475131
v 14.718439 1.062202 -7.472543
v 14.718439 1.063702 -7.472543
v 14.719733 1.062202 -7.470302
v 14.719733 1.063702 -7.470302
v 14.721974 1.062202 -7.469007
v 14.721974 1.063702 -7.469007
v 14.724563 1.062202 -7.469007
v 14.724563 1.063702 -7.469007
v 14.726804 1.062202 -7.470302
v 14.726804 1.063702 -7.470302
v 14.728098 1.062202 -7.472543
v 14.728098 1.063702 -7.472543
v 14.728098 1.062202 -7.475131
v 14.728098 1.063702 -7.475131
v 14.819304 1.062202 -7.384872
v 14.819304 1.063702 -7.384872
v 14.817062 1.062202 -7.386167
v 14.817062 1.063702 -7.386167
v 14.814474 1.062202 -7.386167
v 14.814474 1.063702 -7.386167
v 14.812233 1.062202 -7.384872
v 14.812233 1.063702 -7.384872
v 14.810939 1.062202 -7.382631
v 14.810939 1.063702 -7.382631
v 14.810939 1.062202 -7.380043
v 14.810939 1.063702 -7.380043
v 14.812233 1.062202 -7.377801
v 14.812233 1.063702 -7.377801
v 14.814474 1.062202 -7.376507
v 14.814474 1.063702 -7.376507
v 14.817062 1.062202 -7.376507
v 14.817062 1.063702 -7.376507
v 14.819304 1.062202 -7.377801
v 14.819304 1.063702 -7.377801
v 14.820598 1.062202 -7.380043
v 14.820598 1.063702 -7.380043
v 14.820598 1.062202 -7.382631
v 14.820598 1.063702 -7.382631
v 14.911804 1.062202 -7.477373
v 14.911804 1.063702 -7.477373
v 14.909562 1.062202 -7.478667
v 14.909562 1.063702 -7.478667
v 14.906974 1.062202 -7.478667
v 14.906974 1.063702 -7.478667
v 14.904733 1.062202 -7.477373
v 14.904733 1.063702 -7.477373
v 14.903439 1.062202 -7.475131
v 14.903439 1.063702 -7.475131
v 14.903439 1.062202 -7.472543
v 14.903439 1.063702 -7.472543
v 14.904733 1.062202 -7.470302
v 14.904733 1.063702 -7.470302
v 14.906974 1.062202 -7.469007
v 14.906974 1.063702 -7.469007
v 14.909562 1.062202 -7.469007
v 14.909562 1.063702 -7.469007
v 14.911804 1.062202 -7.470302
v 14.911804 1.063702 -7.470302
v 14.913098 1.062202 -7.472543
v 14.913098 1.063702 -7.472543
v 14.913098 1.062202 -7.475131
v 14.913098 1.063702 -7.475131
v 14.909115 1.066089 -7.548500
v 14.909291 1.065656 -7.548323
v 14.908992 1.065989 -7.548622
v 14.909168 1.065556 -7.548445
v 14.908231 1.068254 -7.549384
v 14.908407 1.067821 -7.549207
v 14.908108 1.068154 -7.549506
v 14.908285 1.067721 -7.549329
v 14.907699 1.069557 -7.549915
v 14.907877 1.069120 -7.549737
v 14.907576 1.069457 -7.550038
v 14.907755 1.069020 -7.549860
v 14.896170 1.073087 -7.561444
v 14.896526 1.073087 -7.561087
v 14.896170 1.072887 -7.561444
v 14.896526 1.072887 -7.561087
v 14.897234 1.073087 -7.560380
v 14.897588 1.073087 -7.560027
v 14.897234 1.072887 -7.560380
v 14.897588 1.072887 -7.560027
v 14.899002 1.073087 -7.558612
v 14.899355 1.073087 -7.558259
v 14.899002 1.072887 -7.558612
v 14.899355 1.072887 -7.558259
v 14.900769 1.073087 -7.556845
v 14.901123 1.073087 -7.556491
v 14.900769 1.072887 -7.556845
v 14.901123 1.072887 -7.556491
v 14.902184 1.073087 -7.555430
v 14.902537 1.073087 -7.555077
v 14.902184 1.072887 -7.555430
v 14.902537 1.072887 -7.555077
v 14.718019 1.080145 -7.571587
v 14.745532 1.097502 -7.578959
v 14.682240 1.080145 -7.438058
v 14.702381 1.097502 -7.417917
v 14.920890 1.097502 -7.403601
v 14.913518 1.080145 -7.376088
v 14.759849 1.097502 -7.360450
v 14.779989 1.080145 -7.340309
v 14.941924 1.097502 -7.482102
v 14.824034 1.097502 -7.599993
v 14.851547 1.080145 -7.607365
v 14.949296 1.080145 -7.509616
v 14.949296 1.071702 -7.509616
v 14.913518 1.071702 -7.376088
v 14.779989 1.071702 -7.340309
v 14.682240 1.071702 -7.438058
v 14.718019 1.071702 -7.571587
v 14.851547 1.071702 -7.607365
v 14.893684 1.071702 -7.565228
v 14.894382 1.072470 -7.564531
v 14.895244 1.072743 -7.563669
v 14.905601 1.072743 -7.553312
v 14.906222 1.072604 -7.552690
v 14.906462 1.072470 -7.552450
v 14.906477 1.072460 -7.552435
v 14.907091 1.071814 -7.551822
v 14.907159 1.071702 -7.551753
v 14.894594 1.072887 -7.563020
v 14.904951 1.072887 -7.552663
v 14.907157 1.071702 -7.553578
v 14.906853 1.071655 -7.554165
v 14.906640 1.071702 -7.554352
v 14.906701 1.072137 -7.551729
v 14.906788 1.071387 -7.550826
v 14.907608 1.070451 -7.553937
v 14.907072 1.069887 -7.554784
v 14.906961 1.070845 -7.554673
v 14.905491 1.072788 -7.552124
v 14.906239 1.072271 -7.551375
v 14.907463 1.071271 -7.551784
v 14.907339 1.071702 -7.552666
v 14.907751 1.070943 -7.552877
v 14.907307 1.071702 -7.553056
v 14.896283 1.071702 -7.564709
v 14.896536 1.071096 -7.564961
v 14.896715 1.069887 -7.565141
v 14.915967 1.081702 -7.373638
v 14.923952 1.100502 -7.403439
v 14.779093 1.081702 -7.336963
v 14.757277 1.100502 -7.358778
v 14.745370 1.100502 -7.582021
v 14.715569 1.081702 -7.574036
v 14.700709 1.100502 -7.415347
v 14.678894 1.081702 -7.437162
v 14.822643 1.100502 -7.602726
v 14.944657 1.100502 -7.480712
v 14.852444 1.081702 -7.610711
v 14.952642 1.081702 -7.510512
v 14.852444 1.071702 -7.610711
v 14.715569 1.071702 -7.574036
v 14.678894 1.071702 -7.437162
v 14.779093 1.071702 -7.336963
v 14.915967 1.071702 -7.373638
v 14.952642 1.071702 -7.510512
v 14.894597 1.071702 -7.565408
v 14.895510 1.071702 -7.565226
v 14.893534 1.072485 -7.564080
v 14.893142 1.071936 -7.564662
v 14.892757 1.071387 -7.564857
v 14.894154 1.072576 -7.564276
v 14.894208 1.072837 -7.563406
v 14.894241 1.072845 -7.563373
v 14.893724 1.072623 -7.563890
v 14.893990 1.072727 -7.563776
v 14.893438 1.071783 -7.565037
v 14.894064 1.071186 -7.565671
v 14.893814 1.071630 -7.565333
v 14.894727 1.071355 -7.565633
v 14.894795 1.070948 -7.565819
v 14.895513 1.070637 -7.565775
v 14.895698 1.071164 -7.565500
v 14.895703 1.070541 -7.565730
v 14.891251 1.068098 -7.566363
v 14.891428 1.068531 -7.566186
v 14.891374 1.067998 -7.566241
v 14.891550 1.068431 -7.566064
v 14.890544 1.066365 -7.567070
v 14.890720 1.066798 -7.566894
v 14.890666 1.066266 -7.566948
v 14.890843 1.066699 -7.566771
v 14.889660 1.064200 -7.567954
v 14.889836 1.064633 -7.567778
v 14.889782 1.064101 -7.567832
v 14.889959 1.064533 -7.567655
v 14.884710 1.064200 -7.563004
v 14.884832 1.064101 -7.562882
v 14.884887 1.064633 -7.562828
v 14.885010 1.064533 -7.562705
v 14.885716 1.066266 -7.561998
v 14.885594 1.066365 -7.562120
v 14.885771 1.066798 -7.561944
v 14.885893 1.066699 -7.561821
v 14.886424 1.067998 -7.561291
v 14.886301 1.068098 -7.561413
v 14.886477 1.068531 -7.561236
v 14.886600 1.068431 -7.561114
v 14.887807 1.071387 -7.559907
v 14.888584 1.072485 -7.559131
v 14.889645 1.072887 -7.558070
v 14.891220 1.072887 -7.556495
v 14.891220 1.073087 -7.556495
v 14.891577 1.073087 -7.556138
v 14.891577 1.072887 -7.556138
v 14.892284 1.072887 -7.555430
v 14.892284 1.073087 -7.555430
v 14.892637 1.073087 -7.555077
v 14.892637 1.072887 -7.555077
v 14.894052 1.072887 -7.553663
v 14.894052 1.073087 -7.553663
v 14.894405 1.073087 -7.553309
v 14.894405 1.072887 -7.553309
v 14.895820 1.072887 -7.551895
v 14.895820 1.073087 -7.551895
v 14.896173 1.073087 -7.551541
v 14.896173 1.072887 -7.551541
v 14.897234 1.072887 -7.550481
v 14.897234 1.073087 -7.550481
v 14.897588 1.073087 -7.550127
v 14.897588 1.072887 -7.550127
v 14.900002 1.072887 -7.547713
v 14.901838 1.071387 -7.545876
v 14.901365 1.072185 -7.546350
v 14.900727 1.072706 -7.546988
v 14.902626 1.069457 -7.545088
v 14.902749 1.069557 -7.544966
v 14.902927 1.069120 -7.544787
v 14.902804 1.069020 -7.544910
v 14.903158 1.068154 -7.544556
v 14.903281 1.068254 -7.544434
v 14.903458 1.067821 -7.544257
v 14.903335 1.067721 -7.544379
v 14.904042 1.065989 -7.543673
v 14.904164 1.066089 -7.543550
v 14.904342 1.065656 -7.543373
v 14.904219 1.065556 -7.543496
v 14.909876 1.063824 -7.547738
v 14.904926 1.063824 -7.542789
v 14.905048 1.063924 -7.542666
v 14.909998 1.063924 -7.547616
v 14.910089 1.063702 -7.547525
v 14.905139 1.063702 -7.542576
v 14.909925 1.063702 -7.547688
v 14.909597 1.063702 -7.552259
v 14.910373 1.063702 -7.551161
v 14.910707 1.063702 -7.549906
v 14.910551 1.063702 -7.548687
v 14.894191 1.063702 -7.567666
v 14.890618 1.063702 -7.568620
v 14.889620 1.063702 -7.567994
v 14.893092 1.063702 -7.568442
v 14.891837 1.063702 -7.568777
v 14.884670 1.063702 -7.563045
v 14.882664 1.070453 -7.561086
v 14.882216 1.070154 -7.559617
v 14.883286 1.070154 -7.560687
v 14.883824 1.071594 -7.559924
v 14.882656 1.070872 -7.559177
v 14.883726 1.070872 -7.560247
v 14.884217 1.071365 -7.559532
v 14.884118 1.070642 -7.559855
v 14.883048 1.070642 -7.558785
v 14.882949 1.070575 -7.558713
v 14.882545 1.070810 -7.559116
v 14.882826 1.071007 -7.560924
v 14.883449 1.070709 -7.560525
v 14.882379 1.070709 -7.559454
v 14.882524 1.070774 -7.559137
v 14.883538 1.070686 -7.560452
v 14.882374 1.070686 -7.559288
v 14.882341 1.070690 -7.559321
v 14.883622 1.070709 -7.560373
v 14.882455 1.070709 -7.559206
v 14.883688 1.070774 -7.560301
v 14.882174 1.070120 -7.559487
v 14.883079 1.069040 -7.560670
v 14.883402 1.069762 -7.560572
v 14.882332 1.069762 -7.559502
v 14.882200 1.070089 -7.559462
v 14.883426 1.069875 -7.560563
v 14.882262 1.069875 -7.559400
v 14.882259 1.069830 -7.559402
v 14.883413 1.069991 -7.560582
v 14.882246 1.069991 -7.559415
v 14.883364 1.070089 -7.560626
v 14.883471 1.068810 -7.560278
v 14.882724 1.069533 -7.559109
v 14.883794 1.069533 -7.560180
v 14.884632 1.069952 -7.559117
v 14.883162 1.070251 -7.558670
v 14.884233 1.070251 -7.559741
v 14.882867 1.069715 -7.558794
v 14.883034 1.070285 -7.558628
v 14.883001 1.069696 -7.558832
v 14.884470 1.069397 -7.559279
v 14.884071 1.069696 -7.559903
v 14.882663 1.069595 -7.558999
v 14.882684 1.069631 -7.558978
v 14.883998 1.069719 -7.559992
v 14.882834 1.069719 -7.558828
v 14.883920 1.069696 -7.560076
v 14.882752 1.069696 -7.558909
v 14.883848 1.069631 -7.560142
v 14.883008 1.070316 -7.558654
v 14.882962 1.070414 -7.558700
v 14.882946 1.070530 -7.558716
v 14.884171 1.070316 -7.559817
v 14.884129 1.070414 -7.559866
v 14.884109 1.070530 -7.559879
v 14.882730 1.069490 -7.560997
v 14.882124 1.067840 -7.560701
v 14.881206 1.070202 -7.561619
v 14.881471 1.068802 -7.561354
v 14.883185 1.067402 -7.559639
v 14.882195 1.067778 -7.560629
v 14.884115 1.068998 -7.559653
v 14.884845 1.068674 -7.557981
v 14.884175 1.067778 -7.558649
v 14.884583 1.070599 -7.559186
v 14.885165 1.070202 -7.557659
v 14.884900 1.068802 -7.557924
v 14.884175 1.072627 -7.558649
v 14.884812 1.071799 -7.558013
v 14.884900 1.071602 -7.557924
v 14.883601 1.072940 -7.559223
v 14.881356 1.071272 -7.561469
v 14.881471 1.071602 -7.561354
v 14.883349 1.071613 -7.560377
v 14.881896 1.072327 -7.560928
v 14.882195 1.072627 -7.560629
v 14.883185 1.073002 -7.559639
v 14.880116 1.070202 -7.560528
v 14.880381 1.071602 -7.560263
v 14.882095 1.073002 -7.558548
v 14.881105 1.072627 -7.559538
v 14.883085 1.072627 -7.557559
v 14.883810 1.068802 -7.556834
v 14.884075 1.070202 -7.556569
v 14.883810 1.071602 -7.556834
v 14.881105 1.067778 -7.559538
v 14.882095 1.067402 -7.558548
v 14.883085 1.067778 -7.557559
v 14.880381 1.068802 -7.560263
v 14.903017 1.069952 -7.540732
v 14.901547 1.070251 -7.540285
v 14.902618 1.070251 -7.541356
v 14.902209 1.071594 -7.541539
v 14.901040 1.070872 -7.540792
v 14.902111 1.070872 -7.541863
v 14.902601 1.071365 -7.541147
v 14.902503 1.070642 -7.541471
v 14.901433 1.070642 -7.540401
v 14.901334 1.070575 -7.540328
v 14.900930 1.070810 -7.540731
v 14.901210 1.071007 -7.542539
v 14.901834 1.070709 -7.542140
v 14.900764 1.070709 -7.541070
v 14.900908 1.070774 -7.540753
v 14.901923 1.070686 -7.542067
v 14.900759 1.070686 -7.540903
v 14.900725 1.070690 -7.540936
v 14.902007 1.070709 -7.541988
v 14.900840 1.070709 -7.540822
v 14.902073 1.070774 -7.541917
v 14.901048 1.070453 -7.542701
v 14.900601 1.070154 -7.541232
v 14.901671 1.070154 -7.542302
v 14.901855 1.068810 -7.541893
v 14.901109 1.069533 -7.540725
v 14.902179 1.069533 -7.541795
v 14.900644 1.069830 -7.541018
v 14.901047 1.069595 -7.540615
v 14.900717 1.069762 -7.541117
v 14.901464 1.069040 -7.542286
v 14.901787 1.069762 -7.542187
v 14.900559 1.070120 -7.541102
v 14.900585 1.070089 -7.541077
v 14.901811 1.069875 -7.542179
v 14.900647 1.069875 -7.541015
v 14.901797 1.069991 -7.542197
v 14.900631 1.069991 -7.541031
v 14.901749 1.070089 -7.542241
v 14.901069 1.069631 -7.540593
v 14.901331 1.070530 -7.540331
v 14.901347 1.070414 -7.540315
v 14.901419 1.070285 -7.540243
v 14.901252 1.069715 -7.540410
v 14.901393 1.070316 -7.540269
v 14.901218 1.069719 -7.540443
v 14.901137 1.069696 -7.540524
v 14.902556 1.070316 -7.541433
v 14.902514 1.070414 -7.541481
v 14.902494 1.070530 -7.541494
v 14.902855 1.069397 -7.540894
v 14.901385 1.069696 -7.540447
v 14.902456 1.069696 -7.541518
v 14.902383 1.069719 -7.541607
v 14.902305 1.069696 -7.541691
v 14.902233 1.069631 -7.541757
v 14.901570 1.073002 -7.541255
v 14.902327 1.072790 -7.540498
v 14.901518 1.071485 -7.542209
v 14.899900 1.071706 -7.542925
v 14.900580 1.072627 -7.542244
v 14.899590 1.070202 -7.543234
v 14.899856 1.071602 -7.542969
v 14.901190 1.069555 -7.542578
v 14.900489 1.067857 -7.542336
v 14.899856 1.068802 -7.542969
v 14.901570 1.067402 -7.541255
v 14.900580 1.067778 -7.542244
v 14.902323 1.068894 -7.541446
v 14.902700 1.067903 -7.540124
v 14.902560 1.067778 -7.540265
v 14.903285 1.068802 -7.539540
v 14.903506 1.069616 -7.539319
v 14.903018 1.070608 -7.540709
v 14.903550 1.070202 -7.539275
v 14.903285 1.071602 -7.539540
v 14.903072 1.072027 -7.539752
v 14.902560 1.072627 -7.540265
v 14.900479 1.073002 -7.540164
v 14.899489 1.072627 -7.541154
v 14.898766 1.071602 -7.541878
v 14.901469 1.072627 -7.539174
v 14.902460 1.070202 -7.538184
v 14.902194 1.071602 -7.538449
v 14.902194 1.068802 -7.538449
v 14.899489 1.067778 -7.541154
v 14.900479 1.067402 -7.540164
v 14.901469 1.067778 -7.539174
v 14.898499 1.070202 -7.542144
v 14.898766 1.068802 -7.541878
v 14.901541 1.073754 -7.539810
v 14.902443 1.073412 -7.538908
v 14.903103 1.072478 -7.538248
v 14.903345 1.071203 -7.538006
v 14.881742 1.073754 -7.559609
v 14.879990 1.073711 -7.557858
v 14.880839 1.073412 -7.560512
v 14.879311 1.073520 -7.558536
v 14.879103 1.073375 -7.558744
v 14.880178 1.072478 -7.561172
v 14.878736 1.072976 -7.559112
v 14.878216 1.071203 -7.559631
v 14.879937 1.071203 -7.561414
v 14.878351 1.072162 -7.559496
v 14.878453 1.072457 -7.559393
v 14.878297 1.072159 -7.559431
v 14.878162 1.071203 -7.559566
v 14.878680 1.072970 -7.559048
v 14.879930 1.073702 -7.557798
v 14.879253 1.073512 -7.558475
v 14.899066 1.073702 -7.537335
v 14.899949 1.073368 -7.536451
v 14.900597 1.072453 -7.535804
v 14.900833 1.071203 -7.535567
v 14.879267 1.073702 -7.557134
v 14.877499 1.071203 -7.558902
v 14.877633 1.072159 -7.558767
v 14.878016 1.072970 -7.558384
v 14.878590 1.073512 -7.557811
v 14.877499 1.063702 -7.558902
v 14.879937 1.063702 -7.561414
v 14.834533 1.083702 -7.543867
v 14.797004 1.083702 -7.543867
v 14.764503 1.083702 -7.525103
v 14.745739 1.083702 -7.492601
v 14.885798 1.083702 -7.455073
v 14.885798 1.083702 -7.492601
v 14.867034 1.083702 -7.525103
v 14.797004 1.083702 -7.403808
v 14.834533 1.083702 -7.403808
v 14.867034 1.083702 -7.422572
v 14.745739 1.083702 -7.455073
v 14.764503 1.083702 -7.422572
v 14.867034 1.092002 -7.525103
v 14.834533 1.092002 -7.543867
v 14.827699 1.092002 -7.545349
v 14.797004 1.092002 -7.543867
v 14.764503 1.092002 -7.525103
v 14.745739 1.092002 -7.492601
v 14.745739 1.092002 -7.455073
v 14.764503 1.092002 -7.422572
v 14.797004 1.092002 -7.403808
v 14.834533 1.092002 -7.403808
v 14.867034 1.092002 -7.422572
v 14.885798 1.092002 -7.455073
v 14.885798 1.092002 -7.492601
v 14.867387 1.092502 -7.525456
v 14.834662 1.092502 -7.544350
v 14.827781 1.092502 -7.545842
v 14.796875 1.092502 -7.544350
v 14.764150 1.092502 -7.525456
v 14.745255 1.092502 -7.492731
v 14.745255 1.092502 -7.454943
v 14.764150 1.092502 -7.422218
v 14.796875 1.092502 -7.403325
v 14.834662 1.092502 -7.403325
v 14.867387 1.092502 -7.422218
v 14.886281 1.092502 -7.454943
v 14.886281 1.092502 -7.492731
v 14.822971 1.092502 -7.548251
v 14.803466 1.092502 -7.547580
v 14.768243 1.092502 -7.531549
v 14.745754 1.092502 -7.500054
v 14.742026 1.092502 -7.461535
v 14.758057 1.092502 -7.426311
v 14.789552 1.092502 -7.403823
v 14.828071 1.092502 -7.400095
v 14.863294 1.092502 -7.416126
v 14.885782 1.092502 -7.447620
v 14.889511 1.092502 -7.486139
v 14.873480 1.092502 -7.521362
v 14.868632 1.092502 -7.526701
v 14.841986 1.092502 -7.543851
v 14.873879 1.092003 -7.521691
v 14.890021 1.092003 -7.486225
v 14.886267 1.092003 -7.447439
v 14.842167 1.092003 -7.544336
v 14.868999 1.092003 -7.420607
v 14.863623 1.092003 -7.415726
v 14.828156 1.092003 -7.399584
v 14.789370 1.092003 -7.403338
v 14.757657 1.092003 -7.425982
v 14.741515 1.092003 -7.461450
v 14.745270 1.092003 -7.500236
v 14.767914 1.092003 -7.531948
v 14.803381 1.092003 -7.548090
v 14.857437 1.075601 -7.541271
v 14.858244 1.076702 -7.540464
v 14.878358 1.075603 -7.562188
v 14.879163 1.076702 -7.561383
v 14.879149 1.076148 -7.562181
v 14.856971 1.076702 -7.539491
v 14.881433 1.076702 -7.515021
v 14.882409 1.076702 -7.516299
v 14.903328 1.076702 -7.537218
v 14.852778 1.075608 -7.539934
v 14.851592 1.075603 -7.540371
v 14.853601 1.076161 -7.539239
v 14.856870 1.078667 -7.537183
v 14.856271 1.077976 -7.537729
v 14.856116 1.077693 -7.537989
v 14.856055 1.077505 -7.538174
v 14.856046 1.077234 -7.538468
v 14.856184 1.076965 -7.538815
v 14.856068 1.075606 -7.540301
v 14.856529 1.076764 -7.539189
v 14.854454 1.075606 -7.539837
v 14.856185 1.076963 -7.538817
v 14.853475 1.075608 -7.539824
v 14.874059 1.078668 -7.521840
v 14.879959 1.077692 -7.514124
v 14.879758 1.077916 -7.514232
v 14.879175 1.078667 -7.514845
v 14.880765 1.076965 -7.514221
v 14.880466 1.077199 -7.514081
v 14.880169 1.077475 -7.514066
v 14.880814 1.076933 -7.514256
v 14.881124 1.076767 -7.514564
v 14.881370 1.075994 -7.511329
v 14.883203 1.075581 -7.515506
v 14.882429 1.075585 -7.514505
v 14.882092 1.075586 -7.513817
v 14.881833 1.075586 -7.512936
v 14.881789 1.075588 -7.511259
v 14.881890 1.075678 -7.510413
v 14.882302 1.075584 -7.509661
v 14.904119 1.075583 -7.536427
v 14.904113 1.076148 -7.537218
v 14.904113 1.076134 -7.537238
v 14.879169 1.076134 -7.562181
v 14.879015 1.063702 -7.562335
v 14.878211 1.063702 -7.562335
v 14.857401 1.063702 -7.541525
v 14.870696 1.063702 -7.554821
v 14.855750 1.063702 -7.540429
v 14.853441 1.063702 -7.540079
v 14.851507 1.063702 -7.540652
v 14.842340 1.063702 -7.544798
v 14.882332 1.075583 -7.509606
v 14.863936 1.063702 -7.415345
v 14.886729 1.063702 -7.447266
v 14.890509 1.063702 -7.486306
v 14.882584 1.063702 -7.509576
v 14.803300 1.063702 -7.548577
v 14.767600 1.063702 -7.532330
v 14.762004 1.063702 -7.527231
v 14.828238 1.063702 -7.399097
v 14.789197 1.063702 -7.402876
v 14.757276 1.063702 -7.425669
v 14.741028 1.063702 -7.461368
v 14.744807 1.063702 -7.500409
v 14.882013 1.063702 -7.511472
v 14.882346 1.063702 -7.513783
v 14.883457 1.063702 -7.515471
v 14.896751 1.063702 -7.528765
v 14.904266 1.063702 -7.536280
v 14.904266 1.063702 -7.537084
v 14.903345 1.063702 -7.538006
v 14.900833 1.063702 -7.535567
v 14.901187 1.073202 -7.539456
v 14.899066 1.073202 -7.537335
v 14.899773 1.072935 -7.536628
v 14.901894 1.072935 -7.538750
v 14.900290 1.072202 -7.536110
v 14.902411 1.072202 -7.538232
v 14.900479 1.071203 -7.535921
v 14.902601 1.071203 -7.538043
v 14.879267 1.073202 -7.557134
v 14.881388 1.073202 -7.559256
v 14.879973 1.071203 -7.560670
v 14.877852 1.071203 -7.558548
v 14.878042 1.072202 -7.558359
v 14.880163 1.072202 -7.560480
v 14.878559 1.072935 -7.557841
v 14.880681 1.072935 -7.559963
v 14.877852 1.063702 -7.558548
v 14.879973 1.063702 -7.560670
v 14.900479 1.063702 -7.535921
v 14.902601 1.063702 -7.538043
v 14.887361 1.067557 -7.553283
v 14.891288 1.068953 -7.549356
v 14.884366 1.063702 -7.556278
v 14.898209 1.063702 -7.542435
v 14.895214 1.067557 -7.545429
v 14.887901 1.063702 -7.559813
v 14.890896 1.067557 -7.556819
v 14.894823 1.068953 -7.552892
v 14.898750 1.067557 -7.548965
v 14.901745 1.063702 -7.545970
v 14.942695 1.062202 -8.705132
v 14.942695 1.063702 -8.705132
v 14.944936 1.062202 -8.703838
v 14.944936 1.063702 -8.703838
v 14.947524 1.062202 -8.703838
v 14.947524 1.063702 -8.703838
v 14.949766 1.062202 -8.705132
v 14.949766 1.063702 -8.705132
v 14.951060 1.062202 -8.707374
v 14.951060 1.063702 -8.707374
v 14.951060 1.062202 -8.709962
v 14.951060 1.063702 -8.709962
v 14.949766 1.062202 -8.712203
v 14.949766 1.063702 -8.712203
v 14.947524 1.062202 -8.713497
v 14.947524 1.063702 -8.713497
v 14.944936 1.062202 -8.713497
v 14.944936 1.063702 -8.713497
v 14.942695 1.062202 -8.712203
v 14.942695 1.063702 -8.712203
v 14.941401 1.062202 -8.709962
v 14.941401 1.063702 -8.709962
v 14.941401 1.062202 -8.707374
v 14.941401 1.063702 -8.707374
v 15.035194 1.062202 -8.612632
v 15.035194 1.063702 -8.612632
v 15.037436 1.062202 -8.611338
v 15.037436 1.063702 -8.611338
v 15.040025 1.062202 -8.611338
v 15.040025 1.063702 -8.611338
v 15.042266 1.062202 -8.612632
v 15.042266 1.063702 -8.612632
v 15.043560 1.062202 -8.614874
v 15.043560 1.063702 -8.614874
v 15.043560 1.062202 -8.617461
v 15.043560 1.063702 -8.617461
v 15.042266 1.062202 -8.619703
v 15.042266 1.063702 -8.619703
v 15.040025 1.062202 -8.620997
v 15.040025 1.063702 -8.620997
v 15.037436 1.062202 -8.620997
v 15.037436 1.063702 -8.620997
v 15.035194 1.062202 -8.619703
v 15.035194 1.063702 -8.619703
v 15.033900 1.062202 -8.617461
v 15.033900 1.063702 -8.617461
v 15.033900 1.062202 -8.614874
v 15.033900 1.063702 -8.614874
v 14.942695 1.062202 -8.520132
v 14.942695 1.063702 -8.520132
v 14.944936 1.062202 -8.518838
v 14.944936 1.063702 -8.518838
v 14.947524 1.062202 -8.518838
v 14.947524 1.063702 -8.518838
v 14.949766 1.062202 -8.520132
v 14.949766 1.063702 -8.520132
v 14.951060 1.062202 -8.522373
v 14.951060 1.063702 -8.522373
v 14.951060 1.062202 -8.524961
v 14.951060 1.063702 -8.524961
v 14.949766 1.062202 -8.527203
v 14.949766 1.063702 -8.527203
v 14.947524 1.062202 -8.528497
v 14.947524 1.063702 -8.528497
v 14.944936 1.062202 -8.528497
v 14.944936 1.063702 -8.528497
v 14.942695 1.062202 -8.527203
v 14.942695 1.063702 -8.527203
v 14.941401 1.062202 -8.524961
v 14.941401 1.063702 -8.524961
v 14.941401 1.062202 -8.522373
v 14.941401 1.063702 -8.522373
v 15.001333 1.030702 -8.709052
v 15.039115 1.030702 -8.671270
v 14.952104 1.030702 -8.724008
v 15.054070 1.030702 -8.622041
v 14.951068 1.031685 -8.725042
v 14.976908 1.031685 -8.720743
v 15.055105 1.031685 -8.621005
v 15.050774 1.031685 -8.646956
v 15.001835 1.031685 -8.709898
v 15.023252 1.031685 -8.693271
v 15.039961 1.031685 -8.671772
v 15.158650 1.002203 -8.475035
v 15.179864 1.002203 -8.496247
v 15.158650 1.032202 -8.475035
v 15.179864 1.032202 -8.496247
v 14.939447 1.002203 -8.736664
v 14.918234 1.002203 -8.715450
v 15.033146 1.032202 -8.617099
v 15.033146 1.032202 -8.615236
v 15.037799 1.032202 -8.621752
v 15.035131 1.032202 -8.620538
v 15.033428 1.032202 -8.618153
v 15.044314 1.032202 -8.617099
v 15.043100 1.032202 -8.619766
v 15.040715 1.032202 -8.621469
v 15.039661 1.032202 -8.610583
v 15.042329 1.032202 -8.611797
v 15.044032 1.032202 -8.614182
v 15.034360 1.032202 -8.612569
v 15.036745 1.032202 -8.610866
v 15.036791 1.047220 -8.621346
v 15.035214 1.047220 -8.620437
v 15.034461 1.047220 -8.619683
v 15.033551 1.047220 -8.618107
v 15.033276 1.047220 -8.617078
v 15.033276 1.047220 -8.615257
v 15.033551 1.047220 -8.614228
v 15.034461 1.047220 -8.612652
v 15.035214 1.047220 -8.611898
v 15.036791 1.047220 -8.610989
v 15.037820 1.047220 -8.610712
v 15.042246 1.047220 -8.611898
v 15.040669 1.047220 -8.610989
v 15.039640 1.047220 -8.610712
v 15.042641 1.047220 -8.612257
v 15.042999 1.047220 -8.612652
v 15.043909 1.047220 -8.614228
v 15.044186 1.047220 -8.615257
v 15.044186 1.047220 -8.617078
v 15.043909 1.047220 -8.618107
v 15.042999 1.047220 -8.619683
v 15.042246 1.047220 -8.620437
v 15.040669 1.047220 -8.621346
v 15.039640 1.047220 -8.621622
v 15.037820 1.047220 -8.621622
v 15.044653 1.047703 -8.615179
v 15.043365 1.047703 -8.612350
v 15.042976 1.047703 -8.611921
v 15.040835 1.047703 -8.610544
v 15.037743 1.047703 -8.610245
v 15.034913 1.047703 -8.611532
v 15.033107 1.047703 -8.614061
v 15.032807 1.047703 -8.617155
v 15.034095 1.047703 -8.619985
v 15.036625 1.047703 -8.621791
v 15.039719 1.047703 -8.622090
v 15.042547 1.047703 -8.620802
v 15.044353 1.047703 -8.618273
v 15.045094 1.047703 -8.609803
v 15.041059 1.047703 -8.607474
v 15.036401 1.047703 -8.607474
v 15.032366 1.047703 -8.609803
v 15.030037 1.047703 -8.613838
v 15.030037 1.047703 -8.618497
v 15.032366 1.047703 -8.622532
v 15.036401 1.047703 -8.624861
v 15.041059 1.047703 -8.624861
v 15.045094 1.047703 -8.622532
v 15.047423 1.047703 -8.618497
v 15.047423 1.047703 -8.613838
v 15.045094 1.050202 -8.609803
v 15.047423 1.050202 -8.613838
v 15.047607 1.050202 -8.614687
v 15.047423 1.050202 -8.618497
v 15.045094 1.050202 -8.622532
v 15.041059 1.050202 -8.624861
v 15.036401 1.050202 -8.624861
v 15.032366 1.050202 -8.622532
v 15.030037 1.050202 -8.618497
v 15.030037 1.050202 -8.613838
v 15.032366 1.050202 -8.609803
v 15.036401 1.050202 -8.607474
v 15.041059 1.050202 -8.607474
v 15.047907 1.050702 -8.618626
v 15.045447 1.050702 -8.622885
v 15.041189 1.050702 -8.625343
v 15.036271 1.050702 -8.625343
v 15.032013 1.050702 -8.622885
v 15.029554 1.050702 -8.618626
v 15.029554 1.050702 -8.613708
v 15.032013 1.050702 -8.609449
v 15.036271 1.050702 -8.606991
v 15.041189 1.050702 -8.606991
v 15.045447 1.050702 -8.609449
v 15.047907 1.050702 -8.613708
v 15.048100 1.050702 -8.614604
v 14.848146 1.032202 -8.617099
v 14.848146 1.032202 -8.615236
v 14.852798 1.032202 -8.621752
v 14.850131 1.032202 -8.620538
v 14.848429 1.032202 -8.618153
v 14.859315 1.032202 -8.617099
v 14.858101 1.032202 -8.619766
v 14.855716 1.032202 -8.621469
v 14.854662 1.032202 -8.610583
v 14.857329 1.032202 -8.611797
v 14.859033 1.032202 -8.614182
v 14.849360 1.032202 -8.612569
v 14.851745 1.032202 -8.610866
v 14.851790 1.047220 -8.621346
v 14.850215 1.047220 -8.620437
v 14.849462 1.047220 -8.619683
v 14.848551 1.047220 -8.618107
v 14.848275 1.047220 -8.617078
v 14.848275 1.047220 -8.615257
v 14.848551 1.047220 -8.614228
v 14.849462 1.047220 -8.612652
v 14.850215 1.047220 -8.611898
v 14.851790 1.047220 -8.610989
v 14.852820 1.047220 -8.610712
v 14.857245 1.047220 -8.611898
v 14.855670 1.047220 -8.610989
v 14.854640 1.047220 -8.610712
v 14.857641 1.047220 -8.612257
v 14.858000 1.047220 -8.612652
v 14.858910 1.047220 -8.614228
v 14.859185 1.047220 -8.615257
v 14.859185 1.047220 -8.617078
v 14.858910 1.047220 -8.618107
v 14.858000 1.047220 -8.619683
v 14.857245 1.047220 -8.620437
v 14.855670 1.047220 -8.621346
v 14.854640 1.047220 -8.621622
v 14.852820 1.047220 -8.621622
v 14.859653 1.047703 -8.615179
v 14.858365 1.047703 -8.612350
v 14.857976 1.047703 -8.611921
v 14.855836 1.047703 -8.610544
v 14.852742 1.047703 -8.610245
v 14.849914 1.047703 -8.611532
v 14.848107 1.047703 -8.614061
v 14.847808 1.047703 -8.617155
v 14.849095 1.047703 -8.619985
v 14.851624 1.047703 -8.621791
v 14.854718 1.047703 -8.622090
v 14.857547 1.047703 -8.620802
v 14.859353 1.047703 -8.618273
v 14.860094 1.047703 -8.609803
v 14.856060 1.047703 -8.607474
v 14.851401 1.047703 -8.607474
v 14.847366 1.047703 -8.609803
v 14.845037 1.047703 -8.613838
v 14.845037 1.047703 -8.618497
v 14.847366 1.047703 -8.622532
v 14.851401 1.047703 -8.624861
v 14.856060 1.047703 -8.624861
v 14.860094 1.047703 -8.622532
v 14.862424 1.047703 -8.618497
v 14.862424 1.047703 -8.613838
v 14.860094 1.050202 -8.609803
v 14.862424 1.050202 -8.613838
v 14.862608 1.050202 -8.614687
v 14.862424 1.050202 -8.618497
v 14.860094 1.050202 -8.622532
v 14.856060 1.050202 -8.624861
v 14.851401 1.050202 -8.624861
v 14.847366 1.050202 -8.622532
v 14.845037 1.050202 -8.618497
v 14.845037 1.050202 -8.613838
v 14.847366 1.050202 -8.609803
v 14.851401 1.050202 -8.607474
v 14.856060 1.050202 -8.607474
v 14.862906 1.050702 -8.618626
v 14.860448 1.050702 -8.622885
v 14.856189 1.050702 -8.625343
v 14.851272 1.050702 -8.625343
v 14.847013 1.050702 -8.622885
v 14.844554 1.050702 -8.618626
v 14.844554 1.050702 -8.613708
v 14.847013 1.050702 -8.609449
v 14.851272 1.050702 -8.606991
v 14.856189 1.050702 -8.606991
v 14.860448 1.050702 -8.609449
v 14.862906 1.050702 -8.613708
v 14.863101 1.050702 -8.614604
v 14.940646 1.032202 -8.709599
v 14.940646 1.032202 -8.707736
v 14.945298 1.032202 -8.714252
v 14.942632 1.032202 -8.713037
v 14.940928 1.032202 -8.710653
v 14.951815 1.032202 -8.709599
v 14.950601 1.032202 -8.712267
v 14.948215 1.032202 -8.713969
v 14.947162 1.032202 -8.703083
v 14.949829 1.032202 -8.704297
v 14.951532 1.032202 -8.706682
v 14.941860 1.032202 -8.705069
v 14.944245 1.032202 -8.703365
v 14.944291 1.047220 -8.713846
v 14.942715 1.047220 -8.712936
v 14.941961 1.047220 -8.712183
v 14.941051 1.047220 -8.710607
v 14.940775 1.047220 -8.709578
v 14.940775 1.047220 -8.707758
v 14.941051 1.047220 -8.706728
v 14.941961 1.047220 -8.705152
v 14.942715 1.047220 -8.704398
v 14.944291 1.047220 -8.703488
v 14.945320 1.047220 -8.703213
v 14.949746 1.047220 -8.704398
v 14.948170 1.047220 -8.703488
v 14.947141 1.047220 -8.703213
v 14.950141 1.047220 -8.704757
v 14.950500 1.047220 -8.705152
v 14.951409 1.047220 -8.706728
v 14.951685 1.047220 -8.707758
v 14.951685 1.047220 -8.709578
v 14.951409 1.047220 -8.710607
v 14.950500 1.047220 -8.712183
v 14.949746 1.047220 -8.712936
v 14.948170 1.047220 -8.713846
v 14.947141 1.047220 -8.714123
v 14.945320 1.047220 -8.714123
v 14.952153 1.047703 -8.707680
v 14.950866 1.047703 -8.704850
v 14.950476 1.047703 -8.704422
v 14.948336 1.047703 -8.703045
v 14.945242 1.047703 -8.702745
v 14.942413 1.047703 -8.704033
v 14.940607 1.047703 -8.706562
v 14.940308 1.047703 -8.709656
v 14.941595 1.047703 -8.712484
v 14.944124 1.047703 -8.714291
v 14.947218 1.047703 -8.714590
v 14.950047 1.047703 -8.713303
v 14.951854 1.047703 -8.710773
v 14.952594 1.047703 -8.702303
v 14.948560 1.047703 -8.699974
v 14.943901 1.047703 -8.699974
v 14.939866 1.047703 -8.702303
v 14.937537 1.047703 -8.706338
v 14.937537 1.047703 -8.710997
v 14.939866 1.047703 -8.715032
v 14.943901 1.047703 -8.717360
v 14.948560 1.047703 -8.717360
v 14.952594 1.047703 -8.715032
v 14.954924 1.047703 -8.710997
v 14.954924 1.047703 -8.706338
v 14.952594 1.050202 -8.702303
v 14.954924 1.050202 -8.706338
v 14.955108 1.050202 -8.707187
v 14.954924 1.050202 -8.710997
v 14.952594 1.050202 -8.715032
v 14.948560 1.050202 -8.717360
v 14.943901 1.050202 -8.717360
v 14.939866 1.050202 -8.715032
v 14.937537 1.050202 -8.710997
v 14.937537 1.050202 -8.706338
v 14.939866 1.050202 -8.702303
v 14.943901 1.050202 -8.699974
v 14.948560 1.050202 -8.699974
v 14.955406 1.050702 -8.711126
v 14.952948 1.050702 -8.715385
v 14.948689 1.050702 -8.717844
v 14.943771 1.050702 -8.717844
v 14.939512 1.050702 -8.715385
v 14.937054 1.050702 -8.711126
v 14.937054 1.050702 -8.706209
v 14.939512 1.050702 -8.701950
v 14.943771 1.050702 -8.699492
v 14.948689 1.050702 -8.699492
v 14.952948 1.050702 -8.701950
v 14.955406 1.050702 -8.706209
v 14.955601 1.050702 -8.707104
v 14.940646 1.032202 -8.524599
v 14.940646 1.032202 -8.522736
v 14.945298 1.032202 -8.529252
v 14.942632 1.032202 -8.528038
v 14.940928 1.032202 -8.525653
v 14.951815 1.032202 -8.524599
v 14.950601 1.032202 -8.527267
v 14.948215 1.032202 -8.528969
v 14.947162 1.032202 -8.518084
v 14.949829 1.032202 -8.519297
v 14.951532 1.032202 -8.521682
v 14.941860 1.032202 -8.520068
v 14.944245 1.032202 -8.518366
v 14.944291 1.047220 -8.528847
v 14.942715 1.047220 -8.527937
v 14.941961 1.047220 -8.527184
v 14.941051 1.047220 -8.525607
v 14.940775 1.047220 -8.524578
v 14.940775 1.047220 -8.522758
v 14.941051 1.047220 -8.521729
v 14.941961 1.047220 -8.520152
v 14.942715 1.047220 -8.519398
v 14.944291 1.047220 -8.518488
v 14.945320 1.047220 -8.518212
v 14.949746 1.047220 -8.519398
v 14.948170 1.047220 -8.518488
v 14.947141 1.047220 -8.518212
v 14.950141 1.047220 -8.519756
v 14.950500 1.047220 -8.520152
v 14.951409 1.047220 -8.521729
v 14.951685 1.047220 -8.522758
v 14.951685 1.047220 -8.524578
v 14.951409 1.047220 -8.525607
v 14.950500 1.047220 -8.527184
v 14.949746 1.047220 -8.527937
v 14.948170 1.047220 -8.528847
v 14.947141 1.047220 -8.529122
v 14.945320 1.047220 -8.529122
v 14.952153 1.047703 -8.522679
v 14.950866 1.047703 -8.519851
v 14.950476 1.047703 -8.519422
v 14.948336 1.047703 -8.518044
v 14.945242 1.047703 -8.517745
v 14.942413 1.047703 -8.519032
v 14.940607 1.047703 -8.521562
v 14.940308 1.047703 -8.524655
v 14.941595 1.047703 -8.527485
v 14.944124 1.047703 -8.529291
v 14.947218 1.047703 -8.529591
v 14.950047 1.047703 -8.528302
v 14.951854 1.047703 -8.525773
v 14.952594 1.047703 -8.517303
v 14.948560 1.047703 -8.514975
v 14.943901 1.047703 -8.514975
v 14.939866 1.047703 -8.517303
v 14.937537 1.047703 -8.521338
v 14.937537 1.047703 -8.525997
v 14.939866 1.047703 -8.530031
v 14.943901 1.047703 -8.532361
v 14.948560 1.047703 -8.532361
v 14.952594 1.047703 -8.530031
v 14.954924 1.047703 -8.525997
v 14.954924 1.047703 -8.521338
v 14.952594 1.050202 -8.517303
v 14.954924 1.050202 -8.521338
v 14.955108 1.050202 -8.522186
v 14.954924 1.050202 -8.525997
v 14.952594 1.050202 -8.530031
v 14.948560 1.050202 -8.532361
v 14.943901 1.050202 -8.532361
v 14.939866 1.050202 -8.530031
v 14.937537 1.050202 -8.525997
v 14.937537 1.050202 -8.521338
v 14.939866 1.050202 -8.517303
v 14.943901 1.050202 -8.514975
v 14.948560 1.050202 -8.514975
v 14.955406 1.050702 -8.526126
v 14.952948 1.050702 -8.530385
v 14.948689 1.050702 -8.532844
v 14.943771 1.050702 -8.532844
v 14.939512 1.050702 -8.530385
v 14.937054 1.050702 -8.526126
v 14.937054 1.050702 -8.521209
v 14.939512 1.050702 -8.516950
v 14.943771 1.050702 -8.514491
v 14.948689 1.050702 -8.514491
v 14.952948 1.050702 -8.516950
v 14.955406 1.050702 -8.521209
v 14.955601 1.050702 -8.522104
v 14.878687 1.052580 -8.580164
v 14.878999 1.053294 -8.580330
v 14.872460 1.053294 -8.597129
v 14.910227 1.052580 -8.548624
v 14.926960 1.051862 -8.541500
v 14.910393 1.053294 -8.548936
v 14.927256 1.054633 -8.542645
v 14.927192 1.053294 -8.542397
v 14.958725 1.054633 -8.541271
v 14.966492 1.053294 -8.542725
v 14.966424 1.054633 -8.542971
v 14.994499 1.054633 -8.557552
v 15.000400 1.053294 -8.562594
v 15.000218 1.054633 -8.562774
v 15.017340 1.054633 -8.589540
v 15.019894 1.053294 -8.596721
v 15.019647 1.054633 -8.596786
v 15.021127 1.054633 -8.628662
v 15.019785 1.053294 -8.636022
v 15.019538 1.054633 -8.635956
v 15.004845 1.054633 -8.664436
v 15.000102 1.053294 -8.670040
v 14.999922 1.054633 -8.669859
v 14.972857 1.054633 -8.687277
v 14.966084 1.053294 -8.689722
v 14.966018 1.054633 -8.689475
v 14.933735 1.054633 -8.691064
v 14.926784 1.053294 -8.689831
v 14.926848 1.054633 -8.689584
v 14.897961 1.054633 -8.674782
v 14.892657 1.053294 -8.670338
v 14.892837 1.054633 -8.670156
v 14.875121 1.054633 -8.642795
v 14.872787 1.053294 -8.636429
v 14.873034 1.054633 -8.636361
v 14.871334 1.054633 -8.603672
v 14.872708 1.054633 -8.597193
v 14.868835 1.050702 -8.596193
v 14.870170 1.050947 -8.596538
v 14.869178 1.050702 -8.637424
v 14.870506 1.050947 -8.637058
v 14.890024 1.050702 -8.672999
v 14.890993 1.050947 -8.672020
v 14.916766 1.050702 -8.690470
v 14.926180 1.050947 -8.692119
v 15.022182 1.050947 -8.596117
v 15.023513 1.050702 -8.595765
v 15.022069 1.050947 -8.636639
v 15.023399 1.050702 -8.636997
v 15.001776 1.050947 -8.671713
v 15.002749 1.050702 -8.672688
v 14.966702 1.050947 -8.692006
v 14.967060 1.050702 -8.693336
v 14.925828 1.050702 -8.693451
v 14.926600 1.050947 -8.540107
v 14.926256 1.050702 -8.538773
v 14.967121 1.050947 -8.540443
v 14.967487 1.050702 -8.539115
v 15.002083 1.050947 -8.560930
v 15.003062 1.050702 -8.559961
v 15.020533 1.050702 -8.586703
v 14.871563 1.051862 -8.596897
v 14.871893 1.051862 -8.636675
v 14.892005 1.051862 -8.670997
v 14.926547 1.051862 -8.690727
v 14.966327 1.051862 -8.690617
v 15.000758 1.051862 -8.670695
v 15.020679 1.051862 -8.636263
v 15.020790 1.051862 -8.596484
v 15.001060 1.051862 -8.561943
v 14.966739 1.051862 -8.541830
v 14.910513 1.054633 -8.549161
v 14.878347 1.054633 -8.574564
v 14.879266 1.054617 -8.575834
v 14.878164 1.053287 -8.574746
v 14.879201 1.053880 -8.575888
v 14.877916 1.052580 -8.574994
v 14.878729 1.052573 -8.576125
v 14.877501 1.051849 -8.575409
v 14.877997 1.051634 -8.576494
v 14.876907 1.050936 -8.577044
v 14.875707 1.050702 -8.577652
v 14.879757 1.054611 -8.577362
v 14.879672 1.053876 -8.577374
v 14.879148 1.052571 -8.577453
v 14.878338 1.051633 -8.577574
v 14.877131 1.050935 -8.577753
v 14.879732 1.054617 -8.578968
v 14.879655 1.053880 -8.578935
v 14.879134 1.052573 -8.578844
v 14.878326 1.051634 -8.578705
v 14.877124 1.050936 -8.578498
v 14.858104 1.054438 -8.554331
v 14.858108 1.054535 -8.554328
v 14.857903 1.053112 -8.554585
v 14.858048 1.053856 -8.554392
v 14.858089 1.054244 -8.554343
v 14.858108 1.054550 -8.554328
v 14.858109 1.054578 -8.554327
v 14.858112 1.054628 -8.554329
v 14.858111 1.054626 -8.554329
v 14.858110 1.054609 -8.554327
v 14.858110 1.054633 -8.554327
v 14.857775 1.052679 -8.554768
v 14.857277 1.051638 -8.555514
v 14.856621 1.050942 -8.556564
v 14.855907 1.050702 -8.557780
v 14.858109 1.054614 -8.554327
v 14.855700 1.049748 -8.556059
v 14.856683 1.050535 -8.554629
v 14.857222 1.051440 -8.554729
v 14.857591 1.052221 -8.553380
v 14.857590 1.052203 -8.553866
v 14.857812 1.052854 -8.554071
v 14.855441 1.050146 -8.557478
v 14.854968 1.049583 -8.557173
v 14.858108 1.054531 -8.554326
v 14.858102 1.054422 -8.554323
v 14.858084 1.054203 -8.554312
v 14.858025 1.053756 -8.554263
v 14.858110 1.054598 -8.554327
v 14.857825 1.052901 -8.554085
v 14.940357 1.030702 -8.508327
v 14.908393 1.030702 -8.515013
v 14.879039 1.030702 -8.531614
v 14.861677 1.030702 -8.548976
v 14.845076 1.030702 -8.578330
v 14.838390 1.030702 -8.610294
v 14.837355 1.031685 -8.611330
v 14.839713 1.031685 -8.593118
v 14.856868 1.031685 -8.553785
v 15.066151 1.002203 -8.382534
v 15.087363 1.002203 -8.403748
v 15.066151 1.032202 -8.382534
v 15.087363 1.032202 -8.403748
v 14.846948 1.002203 -8.644163
v 14.825734 1.002203 -8.622951
v 14.886637 1.050447 -8.683853
v 14.886448 1.050202 -8.683664
v 14.886799 1.050202 -8.681036
v 14.878348 1.050702 -8.675565
v 14.878560 1.050702 -8.675482
v 14.878734 1.050202 -8.675950
v 14.881443 1.050202 -8.675607
v 14.881495 1.050702 -8.675110
v 14.884024 1.050202 -8.676500
v 14.884291 1.050702 -8.676077
v 14.885942 1.050202 -8.678444
v 14.886368 1.050702 -8.678183
v 14.887297 1.050702 -8.680992
v 14.886885 1.050702 -8.683921
v 14.886833 1.050702 -8.684050
v 14.878734 1.049702 -8.675950
v 14.881443 1.049702 -8.675607
v 14.884024 1.049702 -8.676500
v 14.885942 1.049702 -8.678444
v 14.886799 1.049702 -8.681036
v 14.886448 1.049702 -8.683664
v 14.879945 1.049702 -8.677161
v 14.881988 1.049702 -8.677228
v 14.884005 1.049702 -8.678392
v 14.885237 1.049702 -8.682453
v 14.885170 1.049702 -8.680410
v 14.884799 1.032202 -8.682014
v 14.880383 1.032202 -8.677599
v 14.884686 1.032202 -8.682610
v 14.879787 1.032202 -8.677711
v 14.883652 1.032202 -8.684403
v 14.877995 1.032202 -8.678746
v 14.879787 1.032202 -8.685438
v 14.881858 1.032202 -8.685438
v 14.876959 1.032202 -8.680540
v 14.876959 1.032202 -8.682610
v 14.877995 1.032202 -8.684403
v 14.884799 1.049202 -8.682014
v 14.884686 1.049202 -8.680540
v 14.880383 1.049202 -8.677599
v 14.883652 1.049202 -8.678746
v 14.881858 1.049202 -8.677711
v 14.881481 1.031203 -8.677629
v 14.879787 1.031203 -8.677711
v 14.879420 1.031203 -8.677829
v 14.877995 1.031203 -8.678746
v 14.877735 1.031203 -8.679032
v 14.876959 1.031203 -8.680540
v 14.876878 1.031203 -8.680917
v 14.876959 1.031203 -8.682610
v 14.877077 1.031203 -8.682978
v 14.877995 1.031203 -8.684403
v 14.878280 1.031203 -8.684663
v 14.879787 1.031203 -8.685438
v 14.880165 1.031203 -8.685520
v 14.881858 1.031203 -8.685438
v 14.882226 1.031203 -8.685321
v 14.883652 1.031203 -8.684403
v 14.883910 1.031203 -8.684117
v 14.884686 1.031203 -8.682610
v 14.884768 1.031203 -8.682233
v 14.884686 1.031203 -8.680540
v 14.884569 1.031203 -8.680172
v 14.883652 1.031203 -8.678746
v 14.883366 1.031203 -8.678487
v 14.881858 1.031203 -8.677711
v 14.880082 1.030702 -8.686013
v 14.877962 1.030702 -8.685049
v 14.877641 1.030702 -8.684757
v 14.876609 1.030702 -8.683153
v 14.876384 1.030702 -8.680834
v 14.877349 1.030702 -8.678715
v 14.879245 1.030702 -8.677361
v 14.881563 1.030702 -8.677136
v 14.883683 1.030702 -8.678101
v 14.885037 1.030702 -8.679996
v 14.885262 1.030702 -8.682316
v 14.884296 1.030702 -8.684435
v 14.882401 1.030702 -8.685789
v 15.017433 1.050202 -8.552313
v 15.017916 1.050702 -8.552443
v 15.015881 1.050202 -8.555002
v 15.016233 1.050702 -8.555356
v 15.013190 1.050202 -8.556556
v 15.013320 1.050702 -8.557038
v 15.010085 1.050202 -8.556556
v 15.009955 1.050702 -8.557038
v 15.007395 1.050202 -8.555002
v 15.007041 1.050702 -8.555356
v 15.005842 1.050202 -8.552313
v 15.005359 1.050702 -8.552443
v 15.005842 1.050202 -8.549208
v 15.005359 1.050702 -8.549078
v 15.007395 1.050202 -8.546517
v 15.007041 1.050702 -8.546164
v 15.010085 1.050202 -8.544965
v 15.009955 1.050702 -8.544481
v 15.013190 1.050202 -8.544965
v 15.013320 1.050702 -8.544481
v 15.015881 1.050202 -8.546517
v 15.016233 1.050702 -8.546164
v 15.017433 1.050202 -8.549208
v 15.017916 1.050702 -8.549078
v 15.017556 1.050202 -8.549772
v 15.018049 1.050702 -8.549690
v 15.017433 1.049702 -8.549208
v 15.017433 1.049702 -8.552313
v 15.015881 1.049702 -8.555002
v 15.013190 1.049702 -8.556556
v 15.010085 1.049702 -8.556556
v 15.007395 1.049702 -8.555002
v 15.005842 1.049702 -8.552313
v 15.005842 1.049702 -8.549208
v 15.007395 1.049702 -8.546517
v 15.010085 1.049702 -8.544965
v 15.013190 1.049702 -8.544965
v 15.015881 1.049702 -8.546517
v 15.015985 1.049702 -8.551925
v 15.016076 1.049702 -8.550019
v 15.015985 1.049702 -8.549595
v 15.014819 1.049702 -8.547578
v 15.012802 1.049702 -8.546413
v 15.010473 1.049702 -8.546413
v 15.008455 1.049702 -8.547578
v 15.007291 1.049702 -8.549595
v 15.007291 1.049702 -8.551925
v 15.008455 1.049702 -8.553942
v 15.010473 1.049702 -8.555107
v 15.012802 1.049702 -8.555107
v 15.014819 1.049702 -8.553942
v 15.015501 1.049202 -8.551795
v 15.014466 1.049202 -8.553589
v 15.012672 1.049202 -8.554624
v 15.010602 1.049202 -8.554624
v 15.008809 1.049202 -8.553589
v 15.007774 1.049202 -8.551795
v 15.007774 1.049202 -8.549725
v 15.008809 1.049202 -8.547932
v 15.010602 1.049202 -8.546896
v 15.012672 1.049202 -8.546896
v 15.014466 1.049202 -8.547932
v 15.015501 1.049202 -8.549725
v 15.015583 1.049202 -8.550102
v 15.015501 1.030702 -8.549725
v 15.015501 1.030702 -8.551795
v 15.014466 1.030702 -8.553589
v 15.012672 1.030702 -8.554624
v 15.010602 1.030702 -8.554624
v 15.008809 1.030702 -8.553589
v 15.007774 1.030702 -8.551795
v 15.007774 1.030702 -8.549725
v 15.008809 1.030702 -8.547932
v 15.010602 1.030702 -8.546896
v 15.012672 1.030702 -8.546896
v 15.014466 1.030702 -8.547932
v 14.925425 1.031190 -8.722641
v 14.924805 1.030702 -8.722021
v 14.886747 1.030702 -8.706310
v 14.839132 1.031685 -8.636349
v 14.855267 1.031685 -8.676192
v 14.886206 1.031685 -8.707130
v 14.926049 1.031685 -8.723266
v 14.856088 1.030702 -8.675651
v 14.840377 1.030702 -8.637593
v 14.846948 1.030702 -8.644163
v 14.978127 1.030702 -8.512985
v 15.022597 1.030702 -8.539800
v 14.918234 1.030702 -8.715450
v 15.049413 1.030702 -8.584271
v 14.978904 1.032202 -8.512207
v 14.978910 1.031685 -8.512199
v 14.941383 1.032202 -8.507301
v 14.941393 1.031685 -8.507292
v 14.825734 1.032202 -8.622951
v 14.837364 1.032202 -8.611320
v 14.883848 1.031685 -8.526805
v 14.930929 1.031685 -8.508265
v 14.904627 1.054633 -8.548285
v 14.904602 1.062202 -8.548447
v 14.884390 1.054633 -8.528048
v 14.883806 1.062202 -8.527651
v 14.883929 1.052203 -8.527527
v 14.883443 1.052221 -8.527528
v 14.883001 1.062202 -8.527651
v 14.883281 1.039559 -8.527371
v 14.879335 1.044453 -8.528919
v 14.879782 1.044154 -8.530388
v 14.878712 1.044154 -8.529318
v 14.878528 1.042811 -8.529726
v 14.879274 1.043533 -8.530895
v 14.878204 1.043533 -8.529825
v 14.877529 1.043397 -8.530725
v 14.877928 1.043696 -8.530102
v 14.878998 1.043696 -8.531172
v 14.879336 1.043595 -8.531006
v 14.879314 1.043631 -8.531027
v 14.878001 1.043719 -8.530013
v 14.879165 1.043719 -8.531177
v 14.879131 1.043715 -8.531210
v 14.878079 1.043696 -8.529929
v 14.879246 1.043696 -8.531096
v 14.878151 1.043631 -8.529863
v 14.877367 1.043952 -8.530888
v 14.878836 1.044251 -8.531334
v 14.877766 1.044251 -8.530264
v 14.878174 1.045594 -8.530081
v 14.879343 1.044872 -8.530828
v 14.878273 1.044872 -8.529757
v 14.877782 1.045365 -8.530473
v 14.878951 1.044642 -8.531219
v 14.879453 1.044810 -8.530889
v 14.879050 1.044575 -8.531292
v 14.877880 1.044642 -8.530149
v 14.878964 1.044285 -8.531377
v 14.878990 1.044316 -8.531351
v 14.877889 1.044530 -8.530125
v 14.879052 1.044530 -8.531289
v 14.877870 1.044414 -8.530138
v 14.879037 1.044414 -8.531305
v 14.877827 1.044316 -8.530187
v 14.879475 1.044774 -8.530867
v 14.879739 1.043830 -8.530602
v 14.879824 1.044120 -8.530518
v 14.879658 1.044690 -8.530684
v 14.879798 1.044089 -8.530543
v 14.879624 1.044686 -8.530717
v 14.879543 1.044709 -8.530798
v 14.879752 1.043991 -8.530589
v 14.879737 1.043875 -8.530605
v 14.878921 1.043040 -8.529334
v 14.879667 1.043762 -8.530503
v 14.878596 1.043762 -8.529433
v 14.878572 1.043875 -8.529441
v 14.878586 1.043991 -8.529423
v 14.878634 1.044089 -8.529379
v 14.879173 1.045007 -8.529081
v 14.879620 1.044709 -8.530550
v 14.878550 1.044709 -8.529480
v 14.878461 1.044686 -8.529553
v 14.878377 1.044709 -8.529632
v 14.878310 1.044774 -8.529703
v 14.877823 1.046627 -8.531355
v 14.878057 1.046790 -8.531121
v 14.878813 1.047003 -8.530365
v 14.878621 1.045511 -8.529613
v 14.879941 1.046503 -8.529237
v 14.879803 1.046627 -8.529375
v 14.880527 1.045602 -8.528650
v 14.880749 1.044791 -8.528430
v 14.879359 1.043797 -8.528917
v 14.878813 1.041402 -8.530365
v 14.880793 1.044202 -8.528385
v 14.880527 1.042802 -8.528650
v 14.880316 1.042380 -8.528862
v 14.879803 1.041778 -8.529375
v 14.877858 1.042920 -8.530419
v 14.877142 1.042701 -8.532037
v 14.877823 1.041778 -8.531355
v 14.876833 1.044202 -8.532345
v 14.877098 1.042802 -8.532080
v 14.877490 1.044850 -8.530746
v 14.877733 1.046549 -8.531446
v 14.877098 1.045602 -8.532080
v 14.881884 1.044202 -8.529476
v 14.881618 1.045602 -8.529741
v 14.879904 1.047003 -8.531456
v 14.880894 1.046627 -8.530466
v 14.878914 1.046627 -8.532446
v 14.878189 1.042802 -8.533171
v 14.877924 1.044202 -8.533436
v 14.878189 1.045602 -8.533171
v 14.880894 1.041778 -8.530466
v 14.879904 1.041402 -8.531456
v 14.878914 1.041778 -8.532446
v 14.881618 1.042802 -8.529741
v 14.860144 1.042811 -8.548111
v 14.860890 1.043533 -8.549280
v 14.859819 1.043533 -8.548210
v 14.859397 1.045365 -8.548858
v 14.859496 1.044642 -8.548534
v 14.860566 1.044642 -8.549604
v 14.858982 1.043952 -8.549273
v 14.860451 1.044251 -8.549719
v 14.859381 1.044251 -8.548649
v 14.860580 1.044285 -8.549761
v 14.860606 1.044316 -8.549736
v 14.860668 1.044530 -8.549674
v 14.860665 1.044575 -8.549676
v 14.859442 1.044316 -8.548572
v 14.860652 1.044414 -8.549689
v 14.859486 1.044414 -8.548523
v 14.859504 1.044530 -8.548510
v 14.859789 1.045594 -8.548466
v 14.860958 1.044872 -8.549212
v 14.859888 1.044872 -8.548141
v 14.860950 1.044453 -8.547304
v 14.861397 1.044154 -8.548773
v 14.860327 1.044154 -8.547703
v 14.860788 1.045007 -8.547466
v 14.861236 1.044709 -8.548935
v 14.861440 1.044120 -8.548903
v 14.861273 1.044690 -8.549068
v 14.860165 1.044709 -8.547865
v 14.861068 1.044810 -8.549273
v 14.861090 1.044774 -8.549252
v 14.860076 1.044686 -8.547937
v 14.861239 1.044686 -8.549102
v 14.859992 1.044709 -8.548017
v 14.861158 1.044709 -8.549183
v 14.859926 1.044774 -8.548088
v 14.861352 1.043877 -8.548990
v 14.861368 1.043992 -8.548973
v 14.861414 1.044089 -8.548927
v 14.860746 1.043715 -8.549595
v 14.860780 1.043719 -8.549562
v 14.860861 1.043696 -8.549480
v 14.860951 1.043595 -8.549390
v 14.861354 1.043830 -8.548987
v 14.860929 1.043631 -8.549412
v 14.860613 1.043696 -8.549557
v 14.859144 1.043397 -8.549110
v 14.859543 1.043696 -8.548487
v 14.859616 1.043719 -8.548398
v 14.859694 1.043696 -8.548314
v 14.859766 1.043631 -8.548248
v 14.861282 1.043762 -8.548888
v 14.860536 1.043040 -8.547719
v 14.860211 1.043762 -8.547817
v 14.860188 1.043877 -8.547826
v 14.860201 1.043992 -8.547807
v 14.860250 1.044089 -8.547764
v 14.862143 1.045602 -8.547035
v 14.862258 1.045272 -8.546921
v 14.862408 1.044202 -8.546770
v 14.860845 1.041465 -8.548333
v 14.861418 1.041778 -8.547760
v 14.860882 1.043807 -8.547353
v 14.862056 1.042607 -8.547123
v 14.862143 1.042802 -8.547035
v 14.859692 1.042792 -8.548586
v 14.859139 1.042076 -8.550038
v 14.859438 1.041778 -8.549740
v 14.859367 1.046566 -8.549811
v 14.858713 1.045602 -8.550465
v 14.858448 1.044202 -8.550730
v 14.859071 1.044916 -8.549206
v 14.859438 1.046627 -8.549740
v 14.860428 1.047003 -8.548750
v 14.860415 1.045407 -8.547821
v 14.862087 1.045730 -8.547091
v 14.861418 1.046627 -8.547760
v 14.858713 1.042802 -8.550465
v 14.860428 1.041402 -8.548750
v 14.863499 1.044202 -8.547861
v 14.863234 1.045602 -8.548126
v 14.860529 1.046627 -8.550831
v 14.861519 1.047003 -8.549841
v 14.862509 1.046627 -8.548851
v 14.859804 1.042802 -8.551556
v 14.859539 1.044202 -8.551821
v 14.859804 1.045602 -8.551556
v 14.861519 1.041402 -8.549841
v 14.860529 1.041778 -8.550831
v 14.862509 1.041778 -8.548851
v 14.863234 1.042802 -8.548126
v 14.873755 1.060732 -8.520635
v 14.873576 1.061169 -8.520813
v 14.873632 1.060632 -8.520757
v 14.873454 1.061069 -8.520935
v 14.864637 1.041318 -8.529753
v 14.864990 1.041318 -8.529399
v 14.864637 1.041518 -8.529753
v 14.864990 1.041518 -8.529399
v 14.873158 1.052213 -8.521231
v 14.873336 1.052646 -8.521053
v 14.873036 1.052313 -8.521353
v 14.873213 1.052746 -8.521176
v 14.874672 1.057723 -8.519717
v 14.874420 1.058702 -8.519969
v 14.873701 1.057684 -8.519064
v 14.873468 1.058588 -8.519297
v 14.872561 1.057571 -8.518829
v 14.872382 1.058263 -8.519007
v 14.871423 1.057402 -8.519047
v 14.871423 1.057003 -8.519047
v 14.872561 1.056834 -8.518829
v 14.873701 1.056721 -8.519064
v 14.874672 1.056682 -8.519717
v 14.874420 1.055702 -8.519969
v 14.873468 1.055817 -8.519297
v 14.872382 1.056142 -8.519007
v 14.871326 1.056628 -8.519143
v 14.870461 1.057202 -8.519685
v 14.871326 1.057776 -8.519143
v 14.870152 1.044848 -8.524238
v 14.870330 1.045285 -8.524059
v 14.870029 1.044948 -8.524360
v 14.870208 1.045385 -8.524181
v 14.870684 1.046151 -8.523705
v 14.870861 1.046584 -8.523529
v 14.870562 1.046251 -8.523828
v 14.870738 1.046684 -8.523651
v 14.871568 1.048316 -8.522821
v 14.871744 1.048749 -8.522645
v 14.871446 1.048416 -8.522943
v 14.871622 1.048849 -8.522767
v 14.872452 1.050481 -8.521937
v 14.872628 1.050914 -8.521761
v 14.872329 1.050581 -8.522060
v 14.872506 1.051014 -8.521883
v 14.867935 1.043219 -8.524333
v 14.869242 1.043018 -8.525147
v 14.867204 1.043457 -8.524185
v 14.866486 1.043768 -8.524229
v 14.865283 1.044518 -8.524863
v 14.865905 1.042397 -8.525485
v 14.866343 1.041920 -8.525924
v 14.866972 1.042077 -8.525295
v 14.865567 1.043018 -8.525147
v 14.865930 1.043108 -8.524785
v 14.867524 1.042528 -8.524743
v 14.866249 1.043369 -8.524466
v 14.868768 1.042220 -8.525621
v 14.868130 1.041699 -8.526259
v 14.867404 1.041518 -8.526985
v 14.858624 1.041318 -8.535767
v 14.858980 1.041318 -8.535409
v 14.858624 1.041518 -8.535767
v 14.858980 1.041518 -8.535409
v 14.859687 1.041318 -8.534702
v 14.860041 1.041318 -8.534348
v 14.859687 1.041518 -8.534702
v 14.860041 1.041518 -8.534348
v 14.861455 1.041318 -8.532934
v 14.861809 1.041318 -8.532580
v 14.861455 1.041518 -8.532934
v 14.861809 1.041518 -8.532580
v 14.863223 1.041318 -8.531166
v 14.863576 1.041318 -8.530813
v 14.863223 1.041518 -8.531166
v 14.863576 1.041518 -8.530813
v 14.856236 1.041746 -8.536530
v 14.857047 1.041518 -8.537342
v 14.855675 1.042231 -8.535969
v 14.855656 1.042254 -8.535950
v 14.855548 1.042397 -8.535842
v 14.855087 1.043370 -8.535381
v 14.854926 1.044518 -8.535220
v 14.854292 1.043768 -8.536423
v 14.854247 1.043462 -8.537127
v 14.854650 1.042756 -8.536954
v 14.854396 1.043219 -8.537872
v 14.854535 1.043133 -8.538221
v 14.854753 1.042751 -8.538127
v 14.855210 1.043018 -8.539179
v 14.855416 1.042210 -8.538347
v 14.855063 1.042426 -8.538172
v 14.855761 1.042134 -8.538630
v 14.854391 1.043954 -8.536067
v 14.854917 1.043033 -8.535841
v 14.855222 1.042157 -8.537036
v 14.855874 1.041757 -8.537361
v 14.856508 1.041617 -8.537881
v 14.850698 1.053673 -8.543692
v 14.850876 1.053236 -8.543513
v 14.850820 1.053773 -8.543570
v 14.850998 1.053336 -8.543390
v 14.851230 1.052370 -8.543159
v 14.851406 1.051937 -8.542983
v 14.851352 1.052469 -8.543037
v 14.851528 1.052037 -8.542860
v 14.852113 1.050205 -8.542276
v 14.852290 1.049772 -8.542099
v 14.852236 1.050304 -8.542153
v 14.852412 1.049871 -8.541977
v 14.852997 1.048039 -8.541392
v 14.853174 1.047606 -8.541215
v 14.853120 1.048139 -8.541269
v 14.853296 1.047706 -8.541093
v 14.853704 1.046307 -8.540685
v 14.853881 1.045874 -8.540508
v 14.853827 1.046407 -8.540563
v 14.854004 1.045974 -8.540386
v 14.849217 1.055903 -8.543051
v 14.849420 1.055792 -8.543525
v 14.850032 1.055702 -8.544357
v 14.849090 1.056073 -8.542506
v 14.849113 1.056453 -8.541601
v 14.849748 1.057202 -8.540399
v 14.850032 1.058702 -8.544357
v 14.849781 1.057730 -8.544608
v 14.849140 1.057730 -8.543650
v 14.849113 1.057952 -8.541601
v 14.849140 1.057730 -8.541389
v 14.849070 1.058263 -8.542319
v 14.848916 1.057730 -8.542521
v 14.849217 1.058501 -8.543051
v 14.849420 1.058613 -8.543525
v 14.849140 1.056675 -8.541389
v 14.848916 1.056675 -8.542521
v 14.849140 1.056675 -8.543650
v 14.849781 1.056675 -8.544608
v 14.851294 1.062192 -8.543096
v 14.851116 1.061759 -8.543273
v 14.851416 1.062092 -8.542974
v 14.851239 1.061659 -8.543150
v 14.856243 1.062192 -8.548046
v 14.856365 1.062092 -8.547923
v 14.856066 1.061759 -8.548223
v 14.856189 1.061659 -8.548100
v 14.854981 1.058702 -8.549307
v 14.854981 1.055702 -8.549307
v 14.854730 1.056682 -8.549559
v 14.854730 1.057723 -8.549559
v 14.855769 1.053773 -8.548519
v 14.855647 1.053673 -8.548641
v 14.855825 1.053236 -8.548463
v 14.855948 1.053336 -8.548341
v 14.856301 1.052469 -8.547987
v 14.856179 1.052370 -8.548109
v 14.856356 1.051937 -8.547933
v 14.856479 1.052037 -8.547811
v 14.857185 1.050304 -8.547103
v 14.857063 1.050205 -8.547226
v 14.857240 1.049772 -8.547049
v 14.857362 1.049871 -8.546926
v 14.858069 1.048139 -8.546219
v 14.857946 1.048039 -8.546342
v 14.858124 1.047606 -8.546165
v 14.858246 1.047706 -8.546042
v 14.858776 1.046407 -8.545512
v 14.858654 1.046307 -8.545635
v 14.858830 1.045874 -8.545458
v 14.858953 1.045974 -8.545336
v 14.860160 1.043018 -8.544128
v 14.861998 1.041518 -8.542292
v 14.861272 1.041699 -8.543016
v 14.860634 1.042220 -8.543655
v 14.863573 1.041518 -8.540716
v 14.863573 1.041318 -8.540716
v 14.863930 1.041318 -8.540359
v 14.863930 1.041518 -8.540359
v 14.864637 1.041518 -8.539652
v 14.864637 1.041318 -8.539652
v 14.864990 1.041318 -8.539298
v 14.864990 1.041518 -8.539298
v 14.866405 1.041518 -8.537884
v 14.866405 1.041318 -8.537884
v 14.866758 1.041318 -8.537531
v 14.866758 1.041518 -8.537531
v 14.868173 1.041518 -8.536116
v 14.868173 1.041318 -8.536116
v 14.868526 1.041318 -8.535763
v 14.868526 1.041518 -8.535763
v 14.869587 1.041518 -8.534702
v 14.869587 1.041318 -8.534702
v 14.869940 1.041318 -8.534348
v 14.869940 1.041518 -8.534348
v 14.872355 1.041518 -8.531935
v 14.874191 1.043018 -8.530097
v 14.873717 1.042220 -8.530571
v 14.873079 1.041699 -8.531209
v 14.874979 1.044948 -8.529309
v 14.875101 1.044848 -8.529187
v 14.875280 1.045285 -8.529009
v 14.875157 1.045385 -8.529131
v 14.875511 1.046251 -8.528778
v 14.875633 1.046151 -8.528655
v 14.875811 1.046584 -8.528479
v 14.875688 1.046684 -8.528601
v 14.876395 1.048416 -8.527893
v 14.876517 1.048316 -8.527771
v 14.876695 1.048749 -8.527595
v 14.876572 1.048849 -8.527717
v 14.877279 1.050581 -8.527010
v 14.877401 1.050481 -8.526887
v 14.877578 1.050914 -8.526711
v 14.877456 1.051014 -8.526833
v 14.877986 1.052313 -8.526302
v 14.878108 1.052213 -8.526180
v 14.878285 1.052646 -8.526003
v 14.878162 1.052746 -8.526126
v 14.879370 1.055702 -8.524920
v 14.879370 1.058702 -8.524920
v 14.879622 1.057723 -8.524667
v 14.879622 1.056682 -8.524667
v 14.878582 1.060632 -8.525707
v 14.878704 1.060732 -8.525584
v 14.878526 1.061169 -8.525763
v 14.878404 1.061069 -8.525885
v 14.873100 1.061935 -8.521289
v 14.878050 1.061935 -8.526238
v 14.878172 1.062035 -8.526116
v 14.873222 1.062035 -8.521167
v 14.873155 1.062202 -8.521235
v 14.878104 1.062202 -8.526184
v 14.872991 1.062202 -8.521399
v 14.868421 1.062202 -8.521727
v 14.869519 1.062202 -8.520950
v 14.870773 1.062202 -8.520616
v 14.871993 1.062202 -8.520773
v 14.851789 1.062202 -8.538358
v 14.850836 1.062202 -8.541930
v 14.851460 1.062202 -8.542929
v 14.850678 1.062202 -8.540710
v 14.851013 1.062202 -8.539456
v 14.856411 1.062202 -8.547878
v 14.859657 1.062202 -8.544632
v 14.860161 1.050905 -8.544127
v 14.858884 1.056462 -8.545404
v 14.874695 1.062202 -8.529594
v 14.863173 1.046906 -8.541115
v 14.867176 1.045452 -8.537113
v 14.875467 1.056462 -8.528821
v 14.871178 1.046906 -8.533111
v 14.874190 1.050905 -8.530098
v 14.863193 1.062202 -8.548167
v 14.862419 1.056462 -8.548941
v 14.863697 1.050905 -8.547663
v 14.866709 1.046906 -8.544651
v 14.870711 1.045452 -8.540648
v 14.874713 1.046906 -8.536646
v 14.877726 1.050905 -8.533634
v 14.879004 1.056462 -8.532356
v 14.878230 1.062202 -8.533130
v 14.859398 1.043202 -8.551962
v 14.861519 1.043202 -8.554084
v 14.861709 1.042202 -8.553894
v 14.859587 1.042202 -8.551773
v 14.862226 1.041470 -8.553376
v 14.860105 1.041470 -8.551255
v 14.862933 1.041203 -8.552670
v 14.860812 1.041203 -8.550548
v 14.880610 1.041203 -8.530748
v 14.882732 1.041203 -8.532870
v 14.883439 1.041470 -8.532164
v 14.881318 1.041470 -8.530042
v 14.883957 1.042202 -8.531646
v 14.881836 1.042202 -8.529524
v 14.884147 1.043202 -8.531456
v 14.882025 1.043202 -8.529335
v 14.882025 1.062202 -8.529335
v 14.884147 1.062202 -8.531456
v 14.859398 1.062202 -8.551962
v 14.861519 1.062202 -8.554084
v 14.880258 1.040651 -8.530396
v 14.882009 1.040694 -8.532147
v 14.860458 1.040651 -8.550195
v 14.862210 1.040694 -8.551947
v 14.859556 1.040992 -8.551097
v 14.861531 1.040885 -8.552625
v 14.861323 1.041030 -8.552834
v 14.858895 1.041927 -8.551757
v 14.860956 1.041429 -8.553201
v 14.860436 1.043202 -8.553720
v 14.858654 1.043202 -8.551999
v 14.860571 1.042243 -8.553585
v 14.860674 1.041948 -8.553482
v 14.882732 1.040702 -8.532870
v 14.882069 1.040702 -8.532207
v 14.883409 1.040893 -8.532194
v 14.882745 1.040893 -8.531530
v 14.883982 1.041435 -8.531620
v 14.883318 1.041435 -8.530956
v 14.884365 1.042246 -8.531237
v 14.883701 1.042246 -8.530573
v 14.884500 1.043202 -8.531102
v 14.883836 1.043202 -8.530438
v 14.862269 1.040702 -8.552006
v 14.862933 1.040702 -8.552670
v 14.861165 1.043202 -8.554437
v 14.860501 1.043202 -8.553774
v 14.861300 1.042246 -8.554302
v 14.860636 1.042246 -8.553638
v 14.861683 1.041435 -8.553919
v 14.861019 1.041435 -8.553255
v 14.862257 1.040893 -8.553346
v 14.861593 1.040893 -8.552682
v 14.882688 1.040885 -8.531468
v 14.882895 1.041030 -8.531260
v 14.883782 1.043202 -8.530374
v 14.883648 1.042243 -8.530508
v 14.883545 1.041948 -8.530611
v 14.883264 1.041429 -8.530893
v 14.882062 1.043202 -8.528591
v 14.881820 1.041927 -8.528832
v 14.881160 1.040992 -8.529493
v 14.882062 1.062202 -8.528591
v 14.884500 1.062202 -8.531102
v 14.861165 1.062202 -8.554437
v 14.858654 1.062202 -8.551999
v 14.857714 1.062202 -8.552938
v 14.857434 1.039559 -8.553219
v 14.857714 1.062202 -8.553743
v 14.878510 1.062202 -8.574539
v 14.879439 1.062202 -8.575830
v 14.879972 1.062202 -8.578121
v 14.879383 1.062202 -8.580433
v 14.871465 1.062202 -8.603694
v 14.933757 1.062202 -8.690933
v 14.898046 1.062202 -8.674680
v 14.892447 1.062202 -8.669580
v 14.875244 1.062202 -8.642748
v 14.910495 1.062202 -8.549320
v 14.919649 1.062202 -8.545181
v 14.958703 1.062202 -8.541401
v 14.994415 1.062202 -8.557655
v 15.000013 1.062202 -8.562755
v 15.017216 1.062202 -8.589586
v 15.020996 1.062202 -8.628641
v 15.004743 1.062202 -8.664352
v 14.999642 1.062202 -8.669950
v 14.972811 1.062202 -8.687153
v 14.909031 1.054617 -8.549669
v 14.908484 1.062202 -8.549897
v 14.907426 1.054611 -8.549694
v 14.906360 1.062202 -8.549582
v 14.905897 1.054617 -8.549204
v 14.908998 1.053880 -8.549592
v 14.908908 1.052573 -8.549071
v 14.908769 1.051634 -8.548264
v 14.908561 1.050936 -8.547061
v 14.907438 1.053876 -8.549609
v 14.907516 1.052571 -8.549086
v 14.907637 1.051633 -8.548275
v 14.907816 1.050935 -8.547069
v 14.907851 1.050702 -8.545700
v 14.905951 1.053880 -8.549139
v 14.906189 1.052573 -8.548666
v 14.906557 1.051634 -8.547935
v 14.907106 1.050936 -8.546844
v 14.904815 1.053267 -8.548097
v 14.905057 1.052580 -8.547853
v 14.905472 1.051849 -8.547439
v 14.886628 1.050942 -8.526557
v 14.887843 1.050702 -8.525845
v 14.885578 1.051637 -8.527214
v 14.884830 1.052678 -8.527712
v 14.884443 1.053926 -8.527994
v 14.884173 1.051056 -8.526990
v 14.887236 1.049583 -8.524904
v 14.885157 1.050193 -8.526296
v 14.924227 1.050702 -8.721443
v 14.974250 1.050702 -8.720005
v 14.925656 1.049583 -8.722873
v 14.937556 1.050702 -8.508966
v 14.930973 1.049583 -8.508574
v 14.984375 1.049583 -8.514412
v 14.989337 1.050702 -8.517633
v 15.028456 1.049583 -8.545116
v 15.023031 1.049583 -8.693050
v 15.048288 1.050702 -8.650100
v 15.050474 1.049583 -8.646868
v 15.052192 1.050702 -8.597744
v 15.052443 1.049583 -8.593184
v 15.041608 1.050702 -8.566464
v 15.030846 1.050702 -8.549779
v 14.976820 1.049583 -8.720444
v 15.020065 1.050702 -8.694369
v 15.022394 1.050702 -8.692103
v 14.840447 1.050702 -8.596746
v 14.840954 1.050702 -8.638170
v 14.840018 1.049583 -8.593184
v 14.839525 1.049583 -8.636742
v 14.839334 1.040912 -8.636551
v 14.839144 1.032202 -8.636360
v 15.144220 0.732202 -8.941437
v 15.384637 0.732202 -8.701020
v 15.165433 0.732202 -8.962650
v 15.405849 0.732202 -8.722234
v 15.002799 0.732202 -8.319182
v 14.762383 0.732202 -8.559599
v 14.981586 0.732202 -8.297970
v 14.741169 0.732202 -8.538385
v 15.384637 1.032202 -8.701020
v 15.384637 0.733702 -8.701020
v 15.405849 1.032202 -8.679807
v 15.405849 0.733702 -8.679807
v 15.222002 0.733702 -8.495959
v 15.222002 1.032202 -8.495959
v 15.201496 0.733702 -8.516465
v 15.201496 1.032202 -8.516465
v 15.180283 1.032202 -8.495253
v 15.200788 1.032202 -8.474746
v 15.024012 1.032202 -8.297970
v 15.002799 1.032202 -8.319182
v 15.180283 0.733702 -8.495253
v 15.200788 0.733702 -8.474746
v 15.024012 0.733702 -8.297970
v 15.002799 0.733702 -8.319182
v 14.981586 1.032202 -8.297970
v 14.741169 1.032202 -8.580812
v 14.762383 1.032202 -8.559599
v 14.741169 0.998702 -8.580812
v 14.762383 0.998702 -8.559599
v 15.278570 0.998702 -8.594954
v 15.002799 0.998702 -8.319182
v 15.278570 0.733702 -8.594954
v 15.016941 0.998702 -8.856584
v 14.741169 1.032202 -8.538385
v 15.002799 1.062202 -8.319182
v 14.826022 1.062202 -8.495959
v 14.762383 1.062202 -8.559599
v 15.384637 1.062202 -8.701020
v 15.144220 1.032202 -8.941437
v 15.144220 1.062202 -8.941437
v 15.405849 1.032202 -8.722234
v 15.165433 1.032202 -8.962650
v 15.144220 0.733702 -8.941437
v 15.016941 0.733702 -8.856584
v 15.123007 0.733702 -8.962650
v 15.123007 1.032202 -8.962650
v 14.855274 1.032202 -8.676188
v 14.886210 1.032202 -8.707123
v 14.926038 1.032202 -8.723254
v 14.939447 1.032202 -8.736664
v 14.951077 1.032202 -8.725034
v 15.055097 1.032202 -8.621015
v 15.050191 1.032202 -8.583494
v 15.052739 1.032202 -8.593120
v 15.050198 1.031685 -8.583487
v 15.028692 1.031685 -8.544912
v 14.984485 1.031685 -8.514119
v 14.882590 1.062202 -8.679807
v 14.852436 1.062202 -8.611338
v 14.855024 1.062202 -8.611338
v 14.850195 1.062202 -8.612632
v 14.848901 1.062202 -8.614874
v 14.855024 1.062202 -8.620997
v 14.852436 1.062202 -8.620997
v 14.850195 1.062202 -8.619703
v 14.848901 1.062202 -8.617461
v 14.858560 1.062202 -8.614874
v 14.858560 1.062202 -8.617461
v 14.857265 1.062202 -8.619703
v 14.857265 1.062202 -8.612632
v 14.850195 1.063702 -8.612632
v 14.852436 1.063702 -8.611338
v 14.855024 1.063702 -8.611338
v 14.857265 1.063702 -8.612632
v 14.858560 1.063702 -8.614874
v 14.858560 1.063702 -8.617461
v 14.857265 1.063702 -8.619703
v 14.855024 1.063702 -8.620997
v 14.852436 1.063702 -8.620997
v 14.850195 1.063702 -8.619703
v 14.848901 1.063702 -8.617461
v 14.848901 1.063702 -8.614874
v 14.762383 0.702202 -8.559599
v 15.002799 0.702202 -8.319182
v 15.384637 0.702202 -8.701020
v 15.144220 0.702202 -8.941437
v 15.003860 1.063702 -8.275696
v 15.004920 1.063702 -8.274635
v 15.003860 0.702202 -8.275696
v 15.004920 0.650002 -8.274635
v 14.719956 0.702202 -8.559599
v 14.719956 0.650002 -8.559599
v 15.111938 1.063702 -8.381653
v 15.062713 1.063702 -8.197942
v 15.111938 0.967887 -8.381653
v 15.336766 0.938702 -8.227774
v 15.500841 0.938702 -8.063700
v 15.567867 0.938702 -8.458874
v 15.642668 0.938702 -8.533674
v 15.594800 0.938702 -8.548120
v 15.147412 0.938702 -8.417128
v 15.336411 1.063702 -7.924244
v 15.733311 0.864799 -8.988742
v 15.711790 0.800002 -9.045668
v 15.445384 0.864799 -8.901853
v 15.423862 0.800002 -8.958778
v 13.646695 0.600003 -8.946160
v 13.646695 0.601002 -8.946160
v 13.616221 0.600003 -8.959212
v 13.616221 0.601002 -8.959212
v 13.583155 0.600003 -8.956848
v 13.583155 0.601002 -8.956848
v 13.554848 0.600003 -8.939594
v 13.554848 0.601002 -8.939594
v 13.537595 0.600003 -8.911287
v 13.537595 0.601002 -8.911287
v 13.535231 0.600003 -8.878222
v 13.535231 0.601002 -8.878222
v 13.548283 0.600003 -8.847748
v 13.548283 0.601002 -8.847748
v 13.562425 0.600003 -8.833606
v 13.562425 0.601002 -8.833606
v 13.592898 0.600003 -8.820554
v 13.592898 0.601002 -8.820554
v 13.625964 0.600003 -8.822918
v 13.625964 0.601002 -8.822918
v 13.654271 0.600003 -8.840172
v 13.654271 0.601002 -8.840172
v 13.671525 0.600003 -8.868479
v 13.671525 0.601002 -8.868479
v 13.673889 0.600003 -8.901545
v 13.673889 0.601002 -8.901545
v 13.660837 0.600003 -8.932018
v 13.660837 0.601002 -8.932018
v 13.668413 0.601002 -8.953737
v 13.691786 0.601002 -8.913256
v 13.691786 0.601002 -8.866510
v 13.668413 0.601002 -8.826029
v 13.627932 0.601002 -8.802657
v 13.581187 0.601002 -8.802657
v 13.540706 0.601002 -8.826029
v 13.627932 0.601002 -8.977109
v 13.581187 0.601002 -8.977109
v 13.540706 0.601002 -8.953737
v 13.517334 0.601002 -8.913256
v 13.517334 0.601002 -8.866510
v 13.627932 0.600003 -8.977109
v 13.581187 0.600003 -8.977109
v 13.540706 0.600003 -8.953737
v 13.517334 0.600003 -8.913256
v 13.517334 0.600003 -8.866510
v 13.540706 0.600003 -8.826029
v 13.581187 0.600003 -8.802657
v 13.627932 0.600003 -8.802657
v 13.668413 0.600003 -8.826029
v 13.691786 0.600003 -8.866510
v 13.691786 0.600003 -8.913256
v 13.668413 0.600003 -8.953737
v 13.696342 0.771346 -7.507056
v 13.688147 0.771346 -7.479897
v 13.697050 0.771346 -7.506349
v 13.688854 0.771346 -7.479190
v 13.663865 0.583625 -7.539534
v 13.663161 0.583643 -7.540237
v 13.653743 0.576727 -7.514301
v 13.654447 0.576708 -7.513597
v 13.778028 0.815002 -7.332740
v 13.812779 0.815002 -7.447895
v 13.683293 0.815002 -7.427474
v 13.718044 0.815002 -7.542630
v 13.812779 0.800002 -7.447895
v 13.778028 0.800002 -7.332740
v 13.937260 0.864799 -7.192691
v 14.028687 0.864799 -7.101263
v 14.024149 0.864799 -7.480618
v 14.316615 0.864799 -7.188152
v 14.050209 0.800002 -7.044336
v 13.880334 0.800002 -7.214212
v 14.338136 0.800002 -7.131226
v 16.115303 0.600003 -7.143844
v 16.115303 0.601002 -7.143844
v 16.145777 0.600003 -7.130793
v 16.145777 0.601002 -7.130793
v 16.178844 0.600003 -7.133156
v 16.178844 0.601002 -7.133156
v 16.207151 0.600003 -7.150410
v 16.207151 0.601002 -7.150410
v 16.224403 0.600003 -7.178717
v 16.224403 0.601002 -7.178717
v 16.226768 0.600003 -7.211783
v 16.226768 0.601002 -7.211783
v 16.213717 0.600003 -7.242257
v 16.213717 0.601002 -7.242257
v 16.199574 0.600003 -7.256399
v 16.199574 0.601002 -7.256399
v 16.169100 0.600003 -7.269451
v 16.169100 0.601002 -7.269451
v 16.136034 0.600003 -7.267087
v 16.136034 0.601002 -7.267087
v 16.107727 0.600003 -7.249833
v 16.107727 0.601002 -7.249833
v 16.090473 0.600003 -7.221526
v 16.090473 0.601002 -7.221526
v 16.088110 0.600003 -7.188460
v 16.088110 0.601002 -7.188460
v 16.101162 0.600003 -7.157986
v 16.101162 0.601002 -7.157986
v 16.093584 0.601002 -7.136268
v 16.070213 0.601002 -7.176749
v 16.070213 0.601002 -7.223494
v 16.093584 0.601002 -7.263975
v 16.134068 0.601002 -7.287347
v 16.172298 0.601002 -7.289194
v 16.221292 0.601002 -7.263975
v 16.244665 0.601002 -7.223494
v 16.244665 0.601002 -7.176749
v 16.221292 0.601002 -7.136268
v 16.180811 0.601002 -7.112895
v 16.134068 0.601002 -7.112895
v 16.180811 0.601002 -7.287347
v 16.180811 0.600003 -7.287347
v 16.221292 0.600003 -7.263975
v 16.244665 0.600003 -7.223494
v 16.244665 0.600003 -7.176749
v 16.221292 0.600003 -7.136268
v 16.180811 0.600003 -7.112895
v 16.134068 0.600003 -7.112895
v 16.093584 0.600003 -7.136268
v 16.070213 0.600003 -7.176749
v 16.070213 0.600003 -7.223494
v 16.093584 0.600003 -7.263975
v 16.134068 0.600003 -7.287347
v 16.751106 0.601002 -7.853472
v 16.089790 0.601002 -8.429070
v 16.751106 0.600003 -7.853472
v 16.089790 0.600003 -8.429070
v 16.751106 0.601002 -7.507719
v 16.751106 0.600003 -7.507719
v 15.701657 0.601002 -6.625270
v 15.701657 0.600003 -6.625270
v 14.648835 0.601002 -6.937674
v 14.648835 0.600003 -6.937674
v 14.637457 0.601002 -6.899326
v 15.710921 0.601002 -6.580798
v 16.791107 0.601002 -7.489092
v 16.791107 0.601002 -7.871686
v 16.116051 0.601002 -8.459241
v 16.894154 0.496957 -8.290529
v 16.894154 0.200002 -8.290529
v 16.921139 0.469970 -6.808228
v 16.921139 0.200002 -6.808228
v 15.967556 0.445000 -5.854645
v 15.967556 0.200002 -5.854645
v 15.710921 0.600003 -6.580798
v 16.791107 0.600003 -7.489092
v 16.791107 0.600003 -7.871686
v 14.541588 0.800002 -6.927773
v 15.618910 0.800002 -8.005095
v 15.270535 1.063702 -7.705949
v 14.589017 1.063702 -7.024431
v 14.541588 0.600003 -6.927773
v 15.998228 0.600003 -8.384414
v 15.998228 0.800002 -8.384414
v 15.962873 0.800002 -8.419769
v 16.065657 0.771346 -8.582949
v 16.073853 0.771346 -8.610107
v 16.064949 0.771346 -8.583655
v 16.073145 0.771346 -8.610815
v 16.097948 0.584672 -8.550655
v 16.098652 0.584690 -8.549952
v 16.108070 0.577773 -8.575889
v 16.107367 0.577755 -8.576592
v 15.949219 0.815002 -8.642109
v 15.983971 0.815002 -8.757265
v 15.949219 0.800002 -8.642109
v 15.983971 0.800002 -8.757265
v 16.078705 0.815002 -8.662531
v 16.043953 0.815002 -8.547375
v 16.120077 0.771346 -8.763287
v 16.128273 0.771346 -8.790445
v 16.119370 0.771346 -8.763993
v 16.127567 0.771346 -8.791153
v 16.160488 0.538744 -8.722875
v 16.161192 0.538762 -8.722171
v 16.170612 0.531846 -8.748108
v 16.169909 0.531827 -8.748812
v 16.003641 0.815002 -8.822447
v 16.038391 0.815002 -8.937603
v 16.003641 0.800002 -8.822447
v 16.038391 0.800002 -8.937603
v 16.133127 0.815002 -8.842869
v 16.098375 0.815002 -8.727713
v 16.100422 0.800002 -8.875572
v 16.149975 0.519698 -8.826021
v 16.148800 0.800002 -9.035882
v 16.205568 0.478871 -8.979113
v 16.185165 0.520622 -8.790829
v 16.145231 0.549949 -8.680858
v 16.065672 0.800002 -8.760416
v 16.110039 0.549025 -8.716049
v 16.046001 0.800002 -8.695234
v 16.087433 0.565625 -8.653802
v 16.122625 0.566550 -8.618609
v 16.082689 0.595877 -8.508638
v 16.011250 0.800002 -8.580078
v 16.047499 0.594952 -8.543831
v 16.040621 0.600003 -8.524894
v 16.116051 0.600003 -8.459241
v 14.637457 0.600003 -6.899326
v 14.235236 0.460121 -6.432086
v 14.235236 0.200002 -6.432086
v 13.723607 0.800002 -7.152402
v 13.723607 0.815002 -7.152402
v 13.661575 0.800002 -7.214433
v 13.628872 0.815002 -7.247136
v 13.611839 0.518651 -7.264169
v 13.576648 0.519575 -7.299361
v 13.613198 0.800002 -7.054123
v 13.556245 0.477824 -7.111076
v 12.841881 0.470991 -9.282797
v 12.841715 0.470825 -9.283674
v 12.841127 0.470238 -9.282930
v 12.866821 0.495933 -7.800499
v 12.970892 0.600003 -8.223504
v 12.970892 0.600003 -8.600842
v 12.970892 0.601002 -8.223504
v 12.970892 0.601002 -8.600842
v 13.010892 0.601002 -8.241718
v 13.635733 0.601002 -7.697872
v 13.010892 0.600003 -8.241718
v 13.635733 0.600003 -7.697872
v 13.010892 0.601002 -8.582197
v 13.010892 0.600003 -8.582197
v 14.061321 0.601002 -9.464132
v 14.061321 0.600003 -9.464132
v 15.065228 0.601002 -9.166515
v 15.065228 0.600003 -9.166515
v 15.076597 0.601002 -9.204865
v 14.052072 0.601002 -9.508595
v 13.609472 0.601002 -7.667700
v 14.052072 0.600003 -9.508595
v 13.794442 0.446047 -10.235359
v 13.003930 0.466748 -9.444847
v 12.841881 0.466934 -9.282797
v 12.841881 0.200002 -9.282797
v 12.866821 0.200002 -7.800499
v 13.948900 0.467488 -6.718421
v 13.890120 0.800002 -6.777201
v 14.050429 0.800002 -6.825579
v 14.103115 0.501968 -6.772893
v 14.135556 0.771346 -6.797728
v 14.162715 0.771346 -6.805924
v 14.134849 0.771346 -6.798435
v 14.162008 0.771346 -6.806631
v 14.180957 0.510517 -6.752327
v 14.181667 0.510499 -6.751616
v 14.207794 0.516340 -6.760845
v 14.207084 0.516358 -6.761555
v 13.988399 0.815002 -6.887609
v 14.103554 0.815002 -6.922361
v 13.988399 0.800002 -6.887609
v 14.103554 0.800002 -6.922361
v 14.198289 0.815002 -6.827626
v 14.083134 0.815002 -6.792875
v 14.168736 0.815002 -6.942031
v 14.283892 0.815002 -6.976782
v 14.168736 0.800002 -6.942031
v 14.283892 0.800002 -6.976782
v 14.378627 0.815002 -6.882048
v 14.263472 0.815002 -6.847297
v 14.315894 0.771346 -6.852149
v 14.343053 0.771346 -6.860346
v 14.315187 0.771346 -6.852857
v 14.342346 0.771346 -6.861053
v 14.381275 0.555128 -6.822123
v 14.380566 0.555146 -6.822834
v 14.355149 0.549286 -6.812895
v 14.354439 0.549304 -6.813605
v 14.422891 0.564609 -6.837784
v 14.312113 0.539841 -6.798655
v 14.230767 0.800002 -6.880000
v 14.276596 0.540755 -6.834171
v 14.213892 0.526735 -6.812023
v 14.165586 0.800002 -6.860330
v 14.249409 0.525822 -6.776506
v 14.138632 0.501054 -6.737376
v 14.387374 0.565523 -6.873301
v 14.345923 0.800002 -6.914752
v 14.506232 0.800002 -6.963129
v 14.198893 1.063702 -7.414556
v 14.699286 1.063702 -7.892063
v 14.650061 0.967887 -7.708352
v 14.664242 1.063702 -7.761275
v 14.650061 1.063702 -7.708352
v 14.614586 0.938702 -7.672877
v 14.425232 0.938702 -7.862231
v 14.614586 0.650002 -7.672877
v 14.425232 0.650002 -7.862231
v 14.194131 0.938702 -7.631130
v 14.167199 0.938702 -7.541885
v 14.194131 0.650002 -7.631130
v 14.167199 0.650002 -7.541885
v 14.261158 0.938702 -8.026305
v 14.119331 0.938702 -7.556331
v 14.410248 0.650002 -7.468539
v 14.410248 1.063702 -7.468539
v 14.231464 1.063702 -7.522491
v 14.332814 1.063702 -7.391106
v 14.332814 0.650002 -7.391106
v 14.999616 0.702202 -7.530406
v 14.999616 0.732202 -7.530406
v 14.759200 0.702202 -7.770822
v 14.759200 0.732202 -7.770822
v 14.377362 0.702202 -7.388984
v 14.377362 0.732202 -7.388984
v 14.617779 0.732202 -7.148568
v 14.617779 0.702202 -7.148568
v 15.042043 0.650002 -7.530406
v 14.617779 0.650002 -7.106142
v 15.042043 0.702202 -7.530406
v 14.617779 0.702202 -7.106142
v 14.758140 1.063702 -7.814309
v 14.757078 1.063702 -7.815370
v 14.758140 0.702202 -7.814309
v 14.757078 0.650002 -7.815370
v 14.429335 0.968702 -7.655210
v 14.420496 1.043702 -7.646371
v 14.420496 0.968702 -7.646371
v 14.445245 0.968702 -7.621623
v 14.445245 1.052452 -7.621623
v 14.351553 0.968702 -7.577428
v 14.398693 1.063702 -7.511432
v 14.422263 0.968702 -7.478434
v 14.422263 1.063702 -7.478434
v 14.360392 0.968702 -7.586267
v 14.385140 0.968702 -7.561518
v 14.437803 1.062811 -7.555585
v 14.451179 1.062811 -7.568959
v 14.451179 0.968702 -7.568959
v 14.457425 1.060759 -7.586812
v 14.457425 0.968702 -7.586812
v 14.455307 1.057063 -7.605607
v 14.455307 0.968702 -7.605607
v 14.437803 0.968702 -7.555585
v 14.419950 0.968702 -7.549337
v 14.401155 0.968702 -7.551455
v 14.528330 0.968702 -7.584499
v 14.333875 1.063702 -7.390045
v 14.333875 0.702202 -7.390045
v 14.565035 1.063702 -7.621205
v 14.616717 1.063702 -7.672888
v 14.683613 1.063702 -7.741904
v 14.425588 1.063702 -8.165761
v 14.460706 1.063702 -8.130643
v 13.799126 0.800002 -7.670236
v 13.763771 0.800002 -7.705591
v 13.763771 0.600003 -7.705591
v 15.220410 0.800002 -9.162231
v 15.220410 0.600003 -9.162231
v 14.143088 0.800002 -8.084908
v 15.172981 1.063702 -9.065574
v 14.491464 1.063702 -8.384056
v 13.750749 0.800002 -7.509926
v 13.715998 0.800002 -7.394771
v 13.696327 0.800002 -7.329588
v 13.758358 0.800002 -7.267557
v 13.758358 0.815002 -7.267557
v 13.663623 0.815002 -7.362292
v 13.641921 0.771346 -7.326718
v 13.633725 0.771346 -7.299559
v 13.642629 0.771346 -7.326011
v 13.634432 0.771346 -7.298852
v 13.591202 0.530799 -7.342082
v 13.591906 0.530780 -7.341378
v 13.600620 0.537716 -7.368019
v 13.601324 0.537697 -7.367315
v 13.616583 0.548902 -7.409332
v 13.651775 0.547978 -7.374140
v 13.674379 0.564578 -7.436388
v 13.639188 0.565503 -7.471580
v 13.679123 0.594830 -7.581551
v 13.714315 0.593906 -7.546359
v 13.722617 0.600003 -7.569221
v 13.609472 0.600003 -7.667700
v 15.076597 0.600003 -9.204865
v 15.526763 0.461168 -9.657919
v 13.794442 0.200002 -10.235359
v 15.526763 0.200002 -9.657919
v 15.813307 0.468672 -9.371375
v 15.871879 0.800002 -9.312803
v 15.626443 0.771346 -9.292276
v 15.599283 0.771346 -9.284081
v 15.627150 0.771346 -9.291569
v 15.599991 0.771346 -9.283373
v 15.581179 0.511292 -9.337541
v 15.580468 0.511273 -9.338251
v 15.554332 0.517062 -9.329032
v 15.555042 0.517081 -9.328321
v 15.773600 0.815002 -9.202394
v 15.658444 0.815002 -9.167644
v 15.773600 0.800002 -9.202394
v 15.658444 0.800002 -9.167644
v 15.563710 0.815002 -9.262379
v 15.678865 0.815002 -9.297130
v 15.446105 0.771346 -9.237855
v 15.418945 0.771346 -9.229659
v 15.446812 0.771346 -9.237148
v 15.419653 0.771346 -9.228951
v 15.407636 0.549733 -9.276323
v 15.406925 0.549714 -9.277035
v 15.380790 0.555503 -9.267815
v 15.381500 0.555522 -9.267104
v 15.593262 0.815002 -9.147973
v 15.478106 0.815002 -9.113222
v 15.593262 0.800002 -9.147973
v 15.478106 0.800002 -9.113222
v 15.383372 0.815002 -9.207956
v 15.498528 0.815002 -9.242708
v 15.416076 0.800002 -9.175253
v 15.374680 0.565831 -9.216649
v 15.339160 0.564901 -9.252169
v 15.449976 0.540354 -9.291260
v 15.531231 0.800002 -9.210005
v 15.485496 0.541284 -9.255739
v 15.596414 0.800002 -9.229674
v 15.548222 0.527390 -9.277866
v 15.512702 0.526460 -9.313386
v 15.623518 0.501913 -9.352476
v 15.711569 0.800002 -9.264425
v 15.659039 0.502843 -9.316957
v 15.255766 0.800002 -9.126876
v 15.737850 0.864799 -8.609386
v 15.563106 1.063702 -8.675449
v 15.824739 0.864799 -8.897314
v 15.881665 0.800002 -8.875793
v 15.530534 1.063702 -8.567513
v 15.351750 1.063702 -8.621466
v 15.429184 1.063702 -8.698899
v 15.351750 0.650002 -8.621466
v 15.429184 0.650002 -8.698899
v 15.594800 0.650002 -8.548120
v 15.567867 0.650002 -8.458874
v 15.336766 0.650002 -8.227774
v 15.147412 0.650002 -8.417128
v 15.144220 0.650002 -8.983863
v 15.144220 0.702202 -8.983863
v 15.428123 0.702202 -8.699960
v 15.428123 1.063702 -8.699960
v 15.332664 0.968702 -8.434794
v 15.316754 0.968702 -8.468382
v 15.316754 1.052452 -8.468382
v 15.410446 0.968702 -8.512576
v 15.363305 1.063702 -8.578573
v 15.339735 0.968702 -8.611571
v 15.339735 1.063702 -8.611571
v 15.401607 0.968702 -8.503737
v 15.376859 0.968702 -8.528486
v 15.305755 0.968702 -8.487434
v 15.305755 1.057765 -8.487434
v 15.305755 0.968702 -8.509434
v 15.305755 1.061654 -8.509434
v 15.310000 1.062715 -8.519684
v 15.316754 0.968702 -8.528486
v 15.335807 0.968702 -8.539486
v 15.357806 0.968702 -8.539486
v 15.266667 1.063702 -8.481936
v 15.233669 1.063702 -8.505506
v 15.233669 0.968702 -8.505506
v 14.679715 1.063702 -8.246286
v 14.817062 1.063702 -7.561507
v 14.814474 1.063702 -7.561507
v 14.812233 1.063702 -7.562801
v 14.810939 1.063702 -7.565043
v 14.810939 1.063702 -7.567631
v 14.819304 1.063702 -7.569873
v 14.820598 1.063702 -7.567631
v 14.820598 1.063702 -7.565043
v 14.819304 1.063702 -7.562801
v 14.814474 1.063702 -7.571167
v 14.817062 1.063702 -7.571167
v 14.812233 1.063702 -7.569873
v 14.819304 1.062202 -7.569873
v 14.817062 1.062202 -7.571167
v 14.814474 1.062202 -7.571167
v 14.812233 1.062202 -7.569873
v 14.810939 1.062202 -7.567631
v 14.810939 1.062202 -7.565043
v 14.812233 1.062202 -7.562801
v 14.814474 1.062202 -7.561507
v 14.817062 1.062202 -7.561507
v 14.819304 1.062202 -7.562801
v 14.820598 1.062202 -7.565043
v 14.820598 1.062202 -7.567631
v 14.728852 1.032202 -7.472906
v 14.728852 1.032202 -7.474769
v 14.724200 1.032202 -7.468253
v 14.726868 1.032202 -7.469467
v 14.728570 1.032202 -7.471852
v 14.717684 1.032202 -7.472906
v 14.718898 1.032202 -7.470238
v 14.721283 1.032202 -7.468535
v 14.722337 1.032202 -7.479422
v 14.719669 1.032202 -7.478208
v 14.717966 1.032202 -7.475822
v 14.727638 1.032202 -7.477436
v 14.725254 1.032202 -7.479139
v 14.725207 1.047220 -7.468658
v 14.726784 1.047220 -7.469568
v 14.727537 1.047220 -7.470322
v 14.728448 1.047220 -7.471898
v 14.728724 1.047220 -7.472927
v 14.728724 1.047220 -7.474747
v 14.728448 1.047220 -7.475777
v 14.727537 1.047220 -7.477353
v 14.726784 1.047220 -7.478106
v 14.725207 1.047220 -7.479016
v 14.724178 1.047220 -7.479292
v 14.719752 1.047220 -7.478106
v 14.721329 1.047220 -7.479016
v 14.722359 1.047220 -7.479292
v 14.719357 1.047220 -7.477748
v 14.718999 1.047220 -7.477353
v 14.718089 1.047220 -7.475777
v 14.717813 1.047220 -7.474747
v 14.717813 1.047220 -7.472927
v 14.718089 1.047220 -7.471898
v 14.718999 1.047220 -7.470322
v 14.719752 1.047220 -7.469568
v 14.721329 1.047220 -7.468658
v 14.722359 1.047220 -7.468382
v 14.724178 1.047220 -7.468382
v 14.717346 1.047703 -7.474825
v 14.718634 1.047703 -7.477654
v 14.719023 1.047703 -7.478083
v 14.721163 1.047703 -7.479460
v 14.724257 1.047703 -7.479760
v 14.727085 1.047703 -7.478472
v 14.728891 1.047703 -7.475943
v 14.729191 1.047703 -7.472849
v 14.727903 1.047703 -7.470020
v 14.725374 1.047703 -7.468214
v 14.722281 1.047703 -7.467915
v 14.719451 1.047703 -7.469202
v 14.717646 1.047703 -7.471732
v 14.716905 1.047703 -7.480201
v 14.720939 1.047703 -7.482531
v 14.725597 1.047703 -7.482531
v 14.729632 1.047703 -7.480201
v 14.731961 1.047703 -7.476167
v 14.731961 1.047703 -7.471508
v 14.729632 1.047703 -7.467473
v 14.725597 1.047703 -7.465144
v 14.720939 1.047703 -7.465144
v 14.716905 1.047703 -7.467473
v 14.714575 1.047703 -7.471508
v 14.714575 1.047703 -7.476167
v 14.716905 1.050202 -7.480201
v 14.714575 1.050202 -7.476167
v 14.714391 1.050202 -7.475318
v 14.714575 1.050202 -7.471508
v 14.716905 1.050202 -7.467473
v 14.720939 1.050202 -7.465144
v 14.725597 1.050202 -7.465144
v 14.729632 1.050202 -7.467473
v 14.731961 1.050202 -7.471508
v 14.731961 1.050202 -7.476167
v 14.729632 1.050202 -7.480201
v 14.725597 1.050202 -7.482531
v 14.720939 1.050202 -7.482531
v 14.714092 1.050702 -7.471378
v 14.716551 1.050702 -7.467120
v 14.720810 1.050702 -7.464661
v 14.725727 1.050702 -7.464661
v 14.729986 1.050702 -7.467120
v 14.732445 1.050702 -7.471378
v 14.732445 1.050702 -7.476296
v 14.729986 1.050702 -7.480555
v 14.725727 1.050702 -7.483013
v 14.720810 1.050702 -7.483013
v 14.716551 1.050702 -7.480555
v 14.714092 1.050702 -7.476296
v 14.713898 1.050702 -7.475400
v 14.913853 1.032202 -7.472906
v 14.913853 1.032202 -7.474769
v 14.909200 1.032202 -7.468253
v 14.911867 1.032202 -7.469467
v 14.913570 1.032202 -7.471852
v 14.902684 1.032202 -7.472906
v 14.903898 1.032202 -7.470238
v 14.906283 1.032202 -7.468535
v 14.907337 1.032202 -7.479422
v 14.904670 1.032202 -7.478208
v 14.902966 1.032202 -7.475822
v 14.912639 1.032202 -7.477436
v 14.910254 1.032202 -7.479139
v 14.910208 1.047220 -7.468658
v 14.911784 1.047220 -7.469568
v 14.912538 1.047220 -7.470322
v 14.913447 1.047220 -7.471898
v 14.913723 1.047220 -7.472927
v 14.913723 1.047220 -7.474747
v 14.913447 1.047220 -7.475777
v 14.912538 1.047220 -7.477353
v 14.911784 1.047220 -7.478106
v 14.910208 1.047220 -7.479016
v 14.909179 1.047220 -7.479292
v 14.904753 1.047220 -7.478106
v 14.906329 1.047220 -7.479016
v 14.907358 1.047220 -7.479292
v 14.904358 1.047220 -7.477748
v 14.903999 1.047220 -7.477353
v 14.903090 1.047220 -7.475777
v 14.902813 1.047220 -7.474747
v 14.902813 1.047220 -7.472927
v 14.903090 1.047220 -7.471898
v 14.903999 1.047220 -7.470322
v 14.904753 1.047220 -7.469568
v 14.906329 1.047220 -7.468658
v 14.907358 1.047220 -7.468382
v 14.909179 1.047220 -7.468382
v 14.902346 1.047703 -7.474825
v 14.903633 1.047703 -7.477654
v 14.904022 1.047703 -7.478083
v 14.906163 1.047703 -7.479460
v 14.909256 1.047703 -7.479760
v 14.912086 1.047703 -7.478472
v 14.913892 1.047703 -7.475943
v 14.914191 1.047703 -7.472849
v 14.912904 1.047703 -7.470020
v 14.910374 1.047703 -7.468214
v 14.907280 1.047703 -7.467915
v 14.904451 1.047703 -7.469202
v 14.902645 1.047703 -7.471732
v 14.901904 1.047703 -7.480201
v 14.905939 1.047703 -7.482531
v 14.910598 1.047703 -7.482531
v 14.914632 1.047703 -7.480201
v 14.916962 1.047703 -7.476167
v 14.916962 1.047703 -7.471508
v 14.914632 1.047703 -7.467473
v 14.910598 1.047703 -7.465144
v 14.905939 1.047703 -7.465144
v 14.901904 1.047703 -7.467473
v 14.899575 1.047703 -7.471508
v 14.899575 1.047703 -7.476167
v 14.901904 1.050202 -7.480201
v 14.899575 1.050202 -7.476167
v 14.899391 1.050202 -7.475318
v 14.899575 1.050202 -7.471508
v 14.901904 1.050202 -7.467473
v 14.905939 1.050202 -7.465144
v 14.910598 1.050202 -7.465144
v 14.914632 1.050202 -7.467473
v 14.916962 1.050202 -7.471508
v 14.916962 1.050202 -7.476167
v 14.914632 1.050202 -7.480201
v 14.910598 1.050202 -7.482531
v 14.905939 1.050202 -7.482531
v 14.899092 1.050702 -7.471378
v 14.901551 1.050702 -7.467120
v 14.905809 1.050702 -7.464661
v 14.910728 1.050702 -7.464661
v 14.914986 1.050702 -7.467120
v 14.917444 1.050702 -7.471378
v 14.917444 1.050702 -7.476296
v 14.914986 1.050702 -7.480555
v 14.910728 1.050702 -7.483013
v 14.905809 1.050702 -7.483013
v 14.901551 1.050702 -7.480555
v 14.899092 1.050702 -7.476296
v 14.898898 1.050702 -7.475400
v 14.821353 1.032202 -7.380405
v 14.821353 1.032202 -7.382269
v 14.816700 1.032202 -7.375753
v 14.819367 1.032202 -7.376967
v 14.821071 1.032202 -7.379352
v 14.810184 1.032202 -7.380405
v 14.811399 1.032202 -7.377738
v 14.813783 1.032202 -7.376035
v 14.814837 1.032202 -7.386921
v 14.812169 1.032202 -7.385707
v 14.810467 1.032202 -7.383322
v 14.820139 1.032202 -7.384936
v 14.817754 1.032202 -7.386639
v 14.817708 1.047220 -7.376158
v 14.819284 1.047220 -7.377068
v 14.820038 1.047220 -7.377821
v 14.820948 1.047220 -7.379398
v 14.821223 1.047220 -7.380427
v 14.821223 1.047220 -7.382247
v 14.820948 1.047220 -7.383276
v 14.820038 1.047220 -7.384853
v 14.819284 1.047220 -7.385606
v 14.817708 1.047220 -7.386517
v 14.816678 1.047220 -7.386792
v 14.812253 1.047220 -7.385606
v 14.813829 1.047220 -7.386517
v 14.814858 1.047220 -7.386792
v 14.811858 1.047220 -7.385248
v 14.811500 1.047220 -7.384853
v 14.810589 1.047220 -7.383276
v 14.810313 1.047220 -7.382247
v 14.810313 1.047220 -7.380427
v 14.810589 1.047220 -7.379398
v 14.811500 1.047220 -7.377821
v 14.812253 1.047220 -7.377068
v 14.813829 1.047220 -7.376158
v 14.814858 1.047220 -7.375882
v 14.816678 1.047220 -7.375882
v 14.809846 1.047703 -7.382325
v 14.811133 1.047703 -7.385154
v 14.811522 1.047703 -7.385583
v 14.813663 1.047703 -7.386960
v 14.816756 1.047703 -7.387259
v 14.819586 1.047703 -7.385972
v 14.821391 1.047703 -7.383443
v 14.821691 1.047703 -7.380349
v 14.820403 1.047703 -7.377520
v 14.817874 1.047703 -7.375714
v 14.814780 1.047703 -7.375414
v 14.811952 1.047703 -7.376702
v 14.810145 1.047703 -7.379231
v 14.809404 1.047703 -7.387701
v 14.813439 1.047703 -7.390030
v 14.818098 1.047703 -7.390030
v 14.822132 1.047703 -7.387701
v 14.824462 1.047703 -7.383667
v 14.824462 1.047703 -7.379008
v 14.822132 1.047703 -7.374973
v 14.818098 1.047703 -7.372644
v 14.813439 1.047703 -7.372644
v 14.809404 1.047703 -7.374973
v 14.807076 1.047703 -7.379008
v 14.807076 1.047703 -7.383667
v 14.809404 1.050202 -7.387701
v 14.807076 1.050202 -7.383667
v 14.806891 1.050202 -7.382818
v 14.807076 1.050202 -7.379008
v 14.809404 1.050202 -7.374973
v 14.813439 1.050202 -7.372644
v 14.818098 1.050202 -7.372644
v 14.822132 1.050202 -7.374973
v 14.824462 1.050202 -7.379008
v 14.824462 1.050202 -7.383667
v 14.822132 1.050202 -7.387701
v 14.818098 1.050202 -7.390030
v 14.813439 1.050202 -7.390030
v 14.806592 1.050702 -7.378879
v 14.809051 1.050702 -7.374619
v 14.813310 1.050702 -7.372161
v 14.818227 1.050702 -7.372161
v 14.822486 1.050702 -7.374619
v 14.824944 1.050702 -7.378879
v 14.824944 1.050702 -7.383796
v 14.822486 1.050702 -7.388055
v 14.818227 1.050702 -7.390513
v 14.813310 1.050702 -7.390513
v 14.809051 1.050702 -7.388055
v 14.806592 1.050702 -7.383796
v 14.806397 1.050702 -7.382900
v 14.821353 1.032202 -7.565405
v 14.821353 1.032202 -7.567269
v 14.816700 1.032202 -7.560753
v 14.819367 1.032202 -7.561967
v 14.821071 1.032202 -7.564352
v 14.810184 1.032202 -7.565405
v 14.811399 1.032202 -7.562738
v 14.813783 1.032202 -7.561035
v 14.814837 1.032202 -7.571921
v 14.812169 1.032202 -7.570707
v 14.810467 1.032202 -7.568322
v 14.820139 1.032202 -7.569936
v 14.817754 1.032202 -7.571639
v 14.817708 1.047220 -7.561158
v 14.819284 1.047220 -7.562068
v 14.820038 1.047220 -7.562821
v 14.820948 1.047220 -7.564398
v 14.821223 1.047220 -7.565427
v 14.821223 1.047220 -7.567247
v 14.820948 1.047220 -7.568276
v 14.820038 1.047220 -7.569853
v 14.819284 1.047220 -7.570606
v 14.817708 1.047220 -7.571516
v 14.816678 1.047220 -7.571792
v 14.812253 1.047220 -7.570606
v 14.813829 1.047220 -7.571516
v 14.814858 1.047220 -7.571792
v 14.811858 1.047220 -7.570248
v 14.811500 1.047220 -7.569853
v 14.810589 1.047220 -7.568276
v 14.810313 1.047220 -7.567247
v 14.810313 1.047220 -7.565427
v 14.810589 1.047220 -7.564398
v 14.811500 1.047220 -7.562821
v 14.812253 1.047220 -7.562068
v 14.813829 1.047220 -7.561158
v 14.814858 1.047220 -7.560882
v 14.816678 1.047220 -7.560882
v 14.809846 1.047703 -7.567325
v 14.811133 1.047703 -7.570154
v 14.811522 1.047703 -7.570583
v 14.813663 1.047703 -7.571960
v 14.816756 1.047703 -7.572260
v 14.819586 1.047703 -7.570972
v 14.821391 1.047703 -7.568443
v 14.821691 1.047703 -7.565349
v 14.820403 1.047703 -7.562520
v 14.817874 1.047703 -7.560714
v 14.814780 1.047703 -7.560414
v 14.811952 1.047703 -7.561702
v 14.810145 1.047703 -7.564231
v 14.809404 1.047703 -7.572701
v 14.813439 1.047703 -7.575030
v 14.818098 1.047703 -7.575030
v 14.822132 1.047703 -7.572701
v 14.824462 1.047703 -7.568666
v 14.824462 1.047703 -7.564008
v 14.822132 1.047703 -7.559973
v 14.818098 1.047703 -7.557644
v 14.813439 1.047703 -7.557644
v 14.809404 1.047703 -7.559973
v 14.807076 1.047703 -7.564008
v 14.807076 1.047703 -7.568666
v 14.809404 1.050202 -7.572701
v 14.807076 1.050202 -7.568666
v 14.806891 1.050202 -7.567818
v 14.807076 1.050202 -7.564008
v 14.809404 1.050202 -7.559973
v 14.813439 1.050202 -7.557644
v 14.818098 1.050202 -7.557644
v 14.822132 1.050202 -7.559973
v 14.824462 1.050202 -7.564008
v 14.824462 1.050202 -7.568666
v 14.822132 1.050202 -7.572701
v 14.818098 1.050202 -7.575030
v 14.813439 1.050202 -7.575030
v 14.806592 1.050702 -7.563878
v 14.809051 1.050702 -7.559619
v 14.813310 1.050702 -7.557161
v 14.818227 1.050702 -7.557161
v 14.822486 1.050702 -7.559619
v 14.824944 1.050702 -7.563878
v 14.824944 1.050702 -7.568796
v 14.822486 1.050702 -7.573055
v 14.818227 1.050702 -7.575513
v 14.813310 1.050702 -7.575513
v 14.809051 1.050702 -7.573055
v 14.806592 1.050702 -7.568796
v 14.806397 1.050702 -7.567901
v 14.760665 1.030702 -7.380952
v 14.722883 1.030702 -7.418734
v 14.809896 1.030702 -7.365997
v 14.707928 1.030702 -7.467964
v 14.810930 1.031685 -7.364962
v 14.785090 1.031685 -7.369261
v 14.706893 1.031685 -7.468999
v 14.711226 1.031685 -7.443048
v 14.760163 1.031685 -7.380107
v 14.738747 1.031685 -7.396734
v 14.722038 1.031685 -7.418232
v 14.603348 1.002203 -7.614970
v 14.582135 1.002203 -7.593757
v 14.603348 1.032202 -7.614970
v 14.582135 1.032202 -7.593757
v 14.822552 1.002203 -7.353341
v 14.843764 1.002203 -7.374554
v 14.744565 1.050202 -7.537692
v 14.744082 1.050702 -7.537562
v 14.746119 1.050202 -7.535002
v 14.745765 1.050702 -7.534648
v 14.748808 1.050202 -7.533449
v 14.748678 1.050702 -7.532966
v 14.751914 1.050202 -7.533449
v 14.752044 1.050702 -7.532966
v 14.754603 1.050202 -7.535002
v 14.754957 1.050702 -7.534648
v 14.756157 1.050202 -7.537692
v 14.756639 1.050702 -7.537562
v 14.756157 1.050202 -7.540797
v 14.756639 1.050702 -7.540927
v 14.754603 1.050202 -7.543487
v 14.754957 1.050702 -7.543840
v 14.751914 1.050202 -7.545040
v 14.752044 1.050702 -7.545523
v 14.748808 1.050202 -7.545040
v 14.748678 1.050702 -7.545523
v 14.746119 1.050202 -7.543487
v 14.745765 1.050702 -7.543840
v 14.744565 1.050202 -7.540797
v 14.744082 1.050702 -7.540927
v 14.744443 1.050202 -7.540232
v 14.743950 1.050702 -7.540314
v 14.744565 1.049702 -7.540797
v 14.744565 1.049702 -7.537692
v 14.746119 1.049702 -7.535002
v 14.748808 1.049702 -7.533449
v 14.751914 1.049702 -7.533449
v 14.754603 1.049702 -7.535002
v 14.756157 1.049702 -7.537692
v 14.756157 1.049702 -7.540797
v 14.754603 1.049702 -7.543487
v 14.751914 1.049702 -7.545040
v 14.748808 1.049702 -7.545040
v 14.746119 1.049702 -7.543487
v 14.746015 1.049702 -7.540409
v 14.747179 1.049702 -7.542427
v 14.749196 1.049702 -7.543591
v 14.751526 1.049702 -7.543591
v 14.753543 1.049702 -7.542427
v 14.754707 1.049702 -7.540409
v 14.754707 1.049702 -7.538080
v 14.753543 1.049702 -7.536062
v 14.751526 1.049702 -7.534898
v 14.749196 1.049702 -7.534898
v 14.747179 1.049702 -7.536062
v 14.746015 1.049702 -7.538080
v 14.745922 1.049702 -7.539985
v 14.746497 1.049202 -7.538209
v 14.747533 1.049202 -7.536416
v 14.749326 1.049202 -7.535381
v 14.751396 1.049202 -7.535381
v 14.753189 1.049202 -7.536416
v 14.754225 1.049202 -7.538209
v 14.754225 1.049202 -7.540280
v 14.753189 1.049202 -7.542073
v 14.751396 1.049202 -7.543108
v 14.749326 1.049202 -7.543108
v 14.747533 1.049202 -7.542073
v 14.746497 1.049202 -7.540280
v 14.746415 1.049202 -7.539903
v 14.746497 1.030702 -7.540280
v 14.746497 1.030702 -7.538209
v 14.747533 1.030702 -7.536416
v 14.749326 1.030702 -7.535381
v 14.751396 1.030702 -7.535381
v 14.753189 1.030702 -7.536416
v 14.754225 1.030702 -7.538209
v 14.754225 1.030702 -7.540280
v 14.753189 1.030702 -7.542073
v 14.751396 1.030702 -7.543108
v 14.749326 1.030702 -7.543108
v 14.747533 1.030702 -7.542073
v 14.875361 1.050447 -7.406151
v 14.875551 1.050202 -7.406341
v 14.875200 1.050202 -7.408968
v 14.883651 1.050702 -7.414440
v 14.883439 1.050702 -7.414523
v 14.883265 1.050202 -7.414054
v 14.880556 1.050202 -7.414398
v 14.880504 1.050702 -7.414895
v 14.877975 1.050202 -7.413505
v 14.877708 1.050702 -7.413928
v 14.876058 1.050202 -7.411561
v 14.875630 1.050702 -7.411821
v 14.874701 1.050702 -7.409013
v 14.875114 1.050702 -7.406083
v 14.875165 1.050702 -7.405955
v 14.883265 1.049702 -7.414054
v 14.880556 1.049702 -7.414398
v 14.877975 1.049702 -7.413505
v 14.876058 1.049702 -7.411561
v 14.875200 1.049702 -7.408968
v 14.875551 1.049702 -7.406341
v 14.882053 1.049702 -7.412843
v 14.880011 1.049702 -7.412776
v 14.877994 1.049702 -7.411612
v 14.876762 1.049702 -7.407552
v 14.876829 1.049702 -7.409595
v 14.877200 1.032202 -7.407990
v 14.881616 1.032202 -7.412405
v 14.877312 1.032202 -7.407394
v 14.882211 1.032202 -7.412293
v 14.878347 1.032202 -7.405602
v 14.884005 1.032202 -7.405602
v 14.882211 1.032202 -7.404566
v 14.885039 1.032202 -7.407394
v 14.880140 1.032202 -7.404566
v 14.885039 1.032202 -7.409465
v 14.884005 1.032202 -7.411258
v 14.877200 1.049202 -7.407990
v 14.877312 1.049202 -7.409465
v 14.881616 1.049202 -7.412405
v 14.878347 1.049202 -7.411258
v 14.880140 1.049202 -7.412293
v 14.880518 1.031203 -7.412375
v 14.882211 1.031203 -7.412293
v 14.882579 1.031203 -7.412176
v 14.884005 1.031203 -7.411258
v 14.884263 1.031203 -7.410973
v 14.885039 1.031203 -7.409465
v 14.885121 1.031203 -7.409088
v 14.885039 1.031203 -7.407394
v 14.884922 1.031203 -7.407027
v 14.884005 1.031203 -7.405602
v 14.883718 1.031203 -7.405342
v 14.882211 1.031203 -7.404566
v 14.881834 1.031203 -7.404484
v 14.880140 1.031203 -7.404566
v 14.879773 1.031203 -7.404684
v 14.878347 1.031203 -7.405602
v 14.878088 1.031203 -7.405887
v 14.877312 1.031203 -7.407394
v 14.877231 1.031203 -7.407772
v 14.877312 1.031203 -7.409465
v 14.877430 1.031203 -7.409832
v 14.878347 1.031203 -7.411258
v 14.878633 1.031203 -7.411518
v 14.880140 1.031203 -7.412293
v 14.881916 1.030702 -7.403991
v 14.884036 1.030702 -7.404956
v 14.884357 1.030702 -7.405248
v 14.885390 1.030702 -7.406852
v 14.885614 1.030702 -7.409170
v 14.884649 1.030702 -7.411290
v 14.882753 1.030702 -7.412644
v 14.880435 1.030702 -7.412868
v 14.878315 1.030702 -7.411903
v 14.876962 1.030702 -7.410008
v 14.876737 1.030702 -7.407689
v 14.877702 1.030702 -7.405569
v 14.879598 1.030702 -7.404215
v 14.836575 1.031190 -7.367363
v 14.837194 1.030702 -7.367984
v 14.875252 1.030702 -7.383694
v 14.922866 1.031685 -7.453656
v 14.906732 1.031685 -7.413813
v 14.875793 1.031685 -7.382874
v 14.835950 1.031685 -7.366739
v 14.905911 1.030702 -7.414354
v 14.921621 1.030702 -7.452411
v 14.739401 1.030702 -7.550205
v 14.783873 1.030702 -7.577020
v 14.915051 1.030702 -7.445841
v 14.712585 1.030702 -7.505733
v 14.843764 1.030702 -7.374554
v 14.695848 1.002203 -7.707470
v 14.674635 1.002203 -7.686257
v 14.695848 1.032202 -7.707470
v 14.674635 1.032202 -7.686257
v 14.915051 1.002203 -7.445841
v 14.936265 1.002203 -7.467054
v 14.821641 1.030702 -7.581677
v 14.853606 1.030702 -7.574992
v 14.882960 1.030702 -7.558391
v 14.900322 1.030702 -7.541029
v 14.916924 1.030702 -7.511675
v 14.923609 1.030702 -7.479710
v 14.924644 1.031685 -7.478675
v 14.922286 1.031685 -7.496886
v 14.905131 1.031685 -7.536220
v 14.851772 1.052580 -7.541381
v 14.835038 1.051862 -7.548504
v 14.883312 1.052580 -7.509840
v 14.883000 1.053294 -7.509675
v 14.889538 1.053294 -7.492876
v 14.893164 1.050702 -7.493811
v 14.891829 1.050947 -7.493467
v 14.892820 1.050702 -7.452580
v 14.891493 1.050947 -7.452946
v 14.835742 1.050702 -7.551232
v 14.794511 1.050702 -7.550889
v 14.794878 1.050947 -7.549562
v 14.786253 1.050702 -7.548119
v 14.759916 1.050947 -7.529074
v 14.758937 1.050702 -7.530043
v 14.739818 1.050947 -7.493888
v 14.738485 1.050702 -7.494240
v 14.739929 1.050947 -7.453366
v 14.738600 1.050702 -7.453007
v 14.760222 1.050947 -7.418292
v 14.759249 1.050702 -7.417317
v 14.795298 1.050947 -7.397998
v 14.794938 1.050702 -7.396668
v 14.835819 1.050947 -7.397886
v 14.836171 1.050702 -7.396554
v 14.871005 1.050947 -7.417985
v 14.871974 1.050702 -7.417006
v 14.890050 1.050702 -7.444322
v 14.835399 1.050947 -7.549898
v 14.851605 1.053294 -7.541069
v 14.834743 1.054633 -7.547359
v 14.834806 1.053294 -7.547607
v 14.803273 1.054633 -7.548733
v 14.795506 1.053294 -7.547280
v 14.761599 1.053294 -7.527410
v 14.767499 1.054633 -7.532452
v 14.795575 1.054633 -7.547034
v 14.742105 1.053294 -7.493284
v 14.744658 1.054633 -7.500464
v 14.761780 1.054633 -7.527230
v 14.742214 1.053294 -7.453983
v 14.740872 1.054633 -7.461342
v 14.742352 1.054633 -7.493218
v 14.761896 1.053294 -7.419965
v 14.757154 1.054633 -7.425568
v 14.742460 1.054633 -7.454049
v 14.795914 1.053294 -7.400283
v 14.789141 1.054633 -7.402728
v 14.762076 1.054633 -7.420146
v 14.835216 1.053294 -7.400174
v 14.828263 1.054633 -7.398941
v 14.795980 1.054633 -7.400529
v 14.869342 1.053294 -7.419667
v 14.864038 1.054633 -7.415223
v 14.835150 1.054633 -7.400421
v 14.889212 1.053294 -7.453576
v 14.886878 1.054633 -7.447210
v 14.869162 1.054633 -7.419849
v 14.889291 1.054633 -7.492812
v 14.890665 1.054633 -7.486332
v 14.888966 1.054633 -7.453644
v 14.890436 1.051862 -7.493107
v 14.890105 1.051862 -7.453329
v 14.869993 1.051862 -7.419008
v 14.835452 1.051862 -7.399278
v 14.795672 1.051862 -7.399388
v 14.761241 1.051862 -7.419310
v 14.741319 1.051862 -7.453741
v 14.741209 1.051862 -7.493521
v 14.760940 1.051862 -7.528062
v 14.795260 1.051862 -7.548174
v 14.851485 1.054633 -7.540843
v 14.883652 1.054633 -7.515441
v 14.882732 1.054617 -7.514171
v 14.883834 1.053287 -7.515258
v 14.882797 1.053880 -7.514117
v 14.884082 1.052580 -7.515010
v 14.883269 1.052573 -7.513879
v 14.884497 1.051849 -7.514595
v 14.884002 1.051634 -7.513511
v 14.885092 1.050936 -7.512961
v 14.886292 1.050702 -7.512353
v 14.882242 1.054611 -7.512642
v 14.882326 1.053876 -7.512630
v 14.882850 1.052571 -7.512552
v 14.883660 1.051633 -7.512431
v 14.884868 1.050935 -7.512251
v 14.882266 1.054617 -7.511037
v 14.882343 1.053880 -7.511070
v 14.882864 1.052573 -7.511160
v 14.883672 1.051634 -7.511299
v 14.884875 1.050936 -7.511507
v 14.903895 1.054438 -7.535673
v 14.904096 1.053112 -7.535419
v 14.903951 1.053856 -7.535613
v 14.903909 1.054244 -7.535662
v 14.903891 1.054550 -7.535677
v 14.903890 1.054578 -7.535678
v 14.903889 1.054590 -7.535677
v 14.903887 1.054626 -7.535676
v 14.903889 1.054609 -7.535677
v 14.904223 1.052679 -7.535237
v 14.904721 1.051638 -7.534490
v 14.905378 1.050942 -7.533440
v 14.906091 1.050702 -7.532224
v 14.903889 1.054614 -7.535678
v 14.903889 1.054601 -7.535677
v 14.904777 1.051440 -7.535275
v 14.906558 1.050146 -7.532526
v 14.903892 1.054531 -7.535678
v 14.903896 1.054422 -7.535681
v 14.903974 1.053756 -7.535742
v 14.904173 1.052901 -7.535920
v 14.904187 1.052854 -7.535933
v 14.905313 1.050538 -7.535378
v 14.904408 1.052221 -7.536624
v 14.904408 1.052203 -7.536138
v 14.906297 1.049749 -7.533947
v 14.907031 1.049583 -7.532832
v 14.921506 1.050702 -7.493505
v 14.921981 1.049583 -7.496820
v 14.921044 1.050702 -7.451834
v 14.921757 1.050147 -7.452547
v 14.922473 1.049583 -7.453263
v 14.924634 1.032202 -7.478684
v 14.922664 1.040912 -7.453454
v 14.922855 1.032202 -7.453645
v 14.904565 1.039559 -7.536786
v 14.936265 1.032202 -7.467054
v 14.560503 0.733702 -7.573539
v 14.560503 1.032202 -7.573539
v 14.539997 0.733702 -7.594045
v 14.539997 1.032202 -7.594045
v 14.581716 0.733702 -7.594752
v 14.581716 1.032202 -7.594752
v 14.483428 0.998702 -7.495050
v 14.759200 0.998702 -7.770822
v 14.483428 0.733702 -7.495050
v 14.759200 0.733702 -7.770822
v 14.999616 0.998702 -7.530406
v 14.780413 0.732202 -7.792035
v 15.020829 0.732202 -7.551619
v 14.780413 1.032202 -7.792035
v 14.759200 1.032202 -7.770822
v 14.737987 1.032202 -7.792035
v 14.737987 0.733702 -7.792035
v 14.561210 1.032202 -7.615258
v 14.561210 0.733702 -7.615258
v 14.377362 1.032202 -7.388984
v 14.356149 1.032202 -7.410197
v 14.356149 0.733702 -7.410197
v 14.377362 0.733702 -7.388984
v 14.596565 0.732202 -7.127355
v 14.356149 0.732202 -7.367771
v 14.617779 0.733702 -7.148568
v 14.638991 0.733702 -7.127355
v 14.745058 0.733702 -7.233421
v 14.745058 0.998702 -7.233421
v 15.020829 0.998702 -7.509192
v 14.999616 1.032202 -7.530406
v 15.020829 1.032202 -7.509192
v 15.020829 1.032202 -7.551619
v 14.759200 1.062202 -7.770822
v 14.999616 1.062202 -7.530406
v 14.377362 1.062202 -7.388984
v 14.617779 1.032202 -7.148568
v 14.554139 1.062202 -7.212208
v 14.617779 1.062202 -7.148568
v 14.356149 1.032202 -7.367771
v 14.596565 1.032202 -7.127355
v 14.638991 1.032202 -7.127355
v 14.906724 1.032202 -7.413817
v 14.875788 1.032202 -7.382881
v 14.835961 1.032202 -7.366751
v 14.822552 1.032202 -7.353341
v 14.810921 1.032202 -7.364971
v 14.706903 1.032202 -7.468990
v 14.711808 1.032202 -7.506511
v 14.709260 1.032202 -7.496884
v 14.711801 1.031685 -7.506518
v 14.733307 1.031685 -7.545093
v 14.777514 1.031685 -7.575885
v 14.783088 1.031685 -7.577805
v 14.783094 1.032202 -7.577797
v 14.820616 1.032202 -7.582703
v 14.820606 1.031685 -7.582713
v 14.878151 1.031685 -7.563200
v 14.831069 1.031685 -7.581740
v 14.878069 1.052203 -7.562477
v 14.878555 1.052221 -7.562477
v 14.877825 1.051056 -7.563015
v 14.874763 1.049583 -7.565100
v 14.874155 1.050702 -7.564159
v 14.876842 1.050193 -7.563709
v 14.875370 1.050942 -7.563447
v 14.876421 1.051637 -7.562791
v 14.877555 1.053926 -7.562010
v 14.877608 1.054633 -7.561956
v 14.877168 1.052678 -7.562293
v 14.857372 1.054633 -7.541720
v 14.857396 1.062202 -7.541557
v 14.878193 1.062202 -7.562354
v 14.878997 1.062202 -7.562354
v 14.878717 1.039559 -7.562633
v 14.879973 1.043202 -7.560670
v 14.877852 1.043202 -7.558548
v 14.879973 1.062202 -7.560670
v 14.877852 1.062202 -7.558548
v 14.881388 1.041203 -7.559256
v 14.879267 1.041203 -7.557134
v 14.878725 1.041355 -7.557675
v 14.880847 1.041355 -7.559797
v 14.878266 1.041788 -7.558134
v 14.880388 1.041788 -7.560256
v 14.877960 1.042437 -7.558441
v 14.880081 1.042437 -7.560562
v 14.901187 1.041203 -7.539456
v 14.899066 1.041203 -7.537335
v 14.902601 1.043202 -7.538043
v 14.900479 1.043202 -7.535921
v 14.900290 1.042202 -7.536110
v 14.902411 1.042202 -7.538232
v 14.899773 1.041470 -7.536628
v 14.901894 1.041470 -7.538750
v 14.900479 1.062202 -7.535921
v 14.902601 1.062202 -7.538043
v 14.881742 1.040651 -7.559609
v 14.879990 1.040694 -7.557858
v 14.901541 1.040651 -7.539810
v 14.901563 1.043202 -7.536284
v 14.903345 1.043202 -7.538006
v 14.903103 1.041927 -7.538248
v 14.900676 1.041030 -7.537171
v 14.902443 1.040992 -7.538908
v 14.900248 1.040779 -7.537599
v 14.879267 1.040702 -7.557134
v 14.879930 1.040702 -7.557798
v 14.878590 1.040893 -7.557811
v 14.879253 1.040893 -7.558475
v 14.878016 1.041435 -7.558384
v 14.878680 1.041435 -7.559048
v 14.877633 1.042246 -7.558767
v 14.878297 1.042246 -7.559431
v 14.877499 1.043202 -7.558902
v 14.878162 1.043202 -7.559566
v 14.899066 1.040702 -7.537335
v 14.900833 1.043202 -7.535567
v 14.901497 1.043202 -7.536231
v 14.900597 1.041952 -7.535804
v 14.899949 1.041037 -7.536451
v 14.900613 1.041037 -7.537115
v 14.900187 1.040788 -7.537541
v 14.879311 1.040885 -7.558536
v 14.879103 1.041030 -7.558744
v 14.878216 1.043202 -7.559631
v 14.878351 1.042243 -7.559496
v 14.878453 1.041948 -7.559393
v 14.878736 1.041429 -7.559112
v 14.880178 1.041927 -7.561172
v 14.879937 1.043202 -7.561414
v 14.880839 1.040992 -7.560512
v 14.879937 1.062202 -7.561414
v 14.877499 1.062202 -7.558902
v 14.900833 1.062202 -7.535567
v 14.901497 1.062202 -7.536231
v 14.901563 1.062202 -7.536284
v 14.903345 1.062202 -7.538006
v 14.904284 1.062202 -7.537066
v 14.904285 1.062202 -7.536262
v 14.883490 1.062202 -7.515466
v 14.882353 1.062202 -7.513707
v 14.882038 1.062202 -7.511585
v 14.882615 1.062202 -7.509572
v 14.890534 1.062202 -7.486310
v 14.828241 1.062202 -7.399071
v 14.863954 1.062202 -7.415325
v 14.869552 1.062202 -7.420424
v 14.886754 1.062202 -7.447256
v 14.851503 1.062202 -7.540684
v 14.842349 1.062202 -7.544823
v 14.803295 1.062202 -7.548603
v 14.767583 1.062202 -7.532350
v 14.761985 1.062202 -7.527250
v 14.744782 1.062202 -7.500418
v 14.741002 1.062202 -7.461364
v 14.757256 1.062202 -7.425652
v 14.762356 1.062202 -7.420054
v 14.789187 1.062202 -7.402851
v 14.852968 1.054617 -7.540335
v 14.853814 1.062202 -7.540094
v 14.854573 1.054611 -7.540311
v 14.856106 1.062202 -7.540628
v 14.856101 1.054617 -7.540801
v 14.853001 1.053880 -7.540412
v 14.853090 1.052573 -7.540933
v 14.853230 1.051634 -7.541741
v 14.853437 1.050936 -7.542944
v 14.854561 1.053876 -7.540395
v 14.854483 1.052571 -7.540918
v 14.854362 1.051633 -7.541729
v 14.854182 1.050935 -7.542936
v 14.854147 1.050702 -7.544304
v 14.856048 1.053880 -7.540866
v 14.855810 1.052573 -7.541338
v 14.855441 1.051634 -7.542070
v 14.854892 1.050936 -7.543160
v 14.857184 1.053267 -7.541908
v 14.856941 1.052580 -7.542150
v 14.856526 1.051849 -7.542566
v 14.837771 1.050702 -7.368561
v 14.787749 1.050702 -7.370000
v 14.741933 1.050702 -7.395636
v 14.739605 1.050702 -7.397901
v 14.709807 1.050702 -7.492260
v 14.731153 1.050702 -7.540226
v 14.713711 1.050702 -7.439905
v 14.765252 1.050702 -7.568786
v 14.824442 1.050702 -7.581038
v 14.772661 1.050702 -7.572371
v 14.836343 1.049583 -7.367132
v 14.831025 1.049583 -7.581431
v 14.777623 1.049583 -7.575593
v 14.738968 1.049583 -7.396955
v 14.711525 1.049583 -7.443136
v 14.709557 1.049583 -7.496820
v 14.733542 1.049583 -7.544888
v 14.785178 1.049583 -7.369561
v 14.881105 1.041778 -7.559538
v 14.880381 1.042802 -7.560263
v 14.880116 1.044202 -7.560528
v 14.880381 1.045602 -7.560263
v 14.883085 1.041778 -7.557559
v 14.883810 1.042802 -7.556834
v 14.884075 1.044202 -7.556569
v 14.881105 1.046627 -7.559538
v 14.882095 1.047003 -7.558548
v 14.882095 1.041402 -7.558548
v 14.883085 1.046627 -7.557559
v 14.883810 1.045602 -7.556834
v 14.881250 1.044791 -7.561575
v 14.883185 1.047003 -7.559639
v 14.882195 1.046627 -7.560629
v 14.882057 1.046503 -7.560768
v 14.881471 1.045602 -7.561354
v 14.885165 1.044202 -7.557659
v 14.884900 1.045602 -7.557924
v 14.884266 1.046549 -7.558559
v 14.884175 1.046627 -7.558649
v 14.883185 1.041402 -7.559639
v 14.884175 1.041778 -7.558649
v 14.884857 1.042701 -7.557968
v 14.884900 1.042802 -7.557924
v 14.881206 1.044202 -7.561619
v 14.881471 1.042802 -7.561354
v 14.881682 1.042380 -7.561142
v 14.882195 1.041778 -7.560629
v 14.882639 1.043797 -7.561087
v 14.884141 1.042920 -7.559586
v 14.884632 1.043952 -7.559117
v 14.884509 1.044850 -7.559259
v 14.883377 1.045511 -7.560391
v 14.884109 1.044530 -7.559879
v 14.884129 1.044414 -7.559866
v 14.884171 1.044316 -7.559817
v 14.884233 1.044251 -7.559741
v 14.883162 1.044251 -7.558670
v 14.883034 1.044285 -7.558628
v 14.883008 1.044316 -7.558654
v 14.882946 1.044530 -7.558716
v 14.882962 1.044414 -7.558700
v 15.177742 1.003702 -8.496247
v 14.939447 1.003702 -8.734543
v 15.158650 1.003702 -8.477156
v 14.920356 1.003702 -8.715450
v 14.920356 1.030702 -8.715450
v 14.939447 1.030702 -8.734543
v 15.177742 1.030702 -8.496247
v 15.158650 1.030702 -8.477156
v 14.827855 1.003702 -8.622951
v 14.846948 1.003702 -8.642042
v 14.827855 1.030702 -8.622951
v 14.846948 1.030702 -8.642042
v 15.085242 1.003702 -8.403748
v 15.085242 1.030702 -8.403748
v 15.066151 1.003702 -8.384655
v 15.066151 1.030702 -8.384655
v 15.386758 0.730703 -8.701020
v 15.405849 0.730703 -8.720112
v 15.386758 1.033702 -8.701020
v 15.405849 1.033702 -8.720112
v 15.144220 0.730703 -8.943558
v 15.125128 0.730703 -8.962650
v 15.144220 1.033702 -8.943558
v 15.125128 1.033702 -8.962650
v 14.741169 0.730703 -8.578691
v 14.760262 0.730703 -8.559599
v 15.144220 0.703702 -8.943558
v 14.760262 0.703702 -8.559599
v 15.002799 0.730703 -8.317061
v 14.983706 0.730703 -8.297970
v 14.741169 0.730703 -8.540507
v 15.002799 0.703702 -8.317061
v 15.386758 0.703702 -8.701020
v 15.021891 0.730703 -8.297970
v 15.002799 1.033702 -8.317061
v 15.021891 1.033702 -8.297970
v 15.405849 0.730703 -8.681929
v 15.405849 1.033702 -8.681929
v 15.002799 1.060702 -8.317061
v 15.386758 1.060702 -8.701020
v 15.144220 1.060702 -8.943558
v 15.163312 1.033702 -8.962650
v 15.163312 0.730703 -8.962650
v 15.144220 0.703702 -8.981742
v 14.722077 0.703702 -8.559599
v 15.002799 0.703702 -8.278877
v 15.424942 0.703702 -8.701020
v 14.741169 1.033702 -8.540507
v 14.722077 1.060702 -8.559599
v 14.983706 1.033702 -8.297970
v 15.002799 1.060702 -8.278877
v 15.144220 1.060702 -8.981742
v 14.741169 1.033702 -8.578691
v 15.424942 1.060702 -8.701020
v 14.760262 1.060702 -8.559599
v 14.760262 1.033702 -8.559599
v 14.877346 1.033702 -8.679598
v 14.878792 1.033702 -8.678129
v 14.884269 1.033702 -8.683606
v 14.877361 1.033702 -8.683579
v 14.876822 1.033702 -8.681591
v 14.878819 1.033702 -8.685037
v 14.880807 1.033702 -8.685575
v 14.882800 1.033702 -8.685052
v 14.884269 1.049202 -8.683606
v 14.882800 1.049202 -8.685052
v 14.880807 1.049202 -8.685575
v 14.878819 1.049202 -8.685037
v 14.877361 1.049202 -8.683579
v 14.876822 1.049202 -8.681591
v 14.877346 1.049202 -8.679598
v 14.878792 1.049202 -8.678129
v 14.884632 1.049702 -8.683970
v 14.883047 1.049702 -8.685487
v 14.878428 1.049702 -8.677765
v 14.876911 1.049702 -8.679350
v 14.876323 1.049702 -8.681593
v 14.876928 1.049702 -8.683830
v 14.878568 1.049702 -8.685469
v 14.880805 1.049702 -8.686075
v 14.885714 1.049702 -8.685051
v 14.883466 1.049702 -8.686961
v 14.880580 1.049702 -8.687570
v 14.877753 1.049702 -8.686730
v 14.875668 1.049702 -8.684645
v 14.874827 1.049702 -8.681817
v 14.875437 1.049702 -8.678931
v 14.877347 1.049702 -8.676684
v 14.885714 1.050202 -8.685051
v 14.883466 1.050202 -8.686961
v 14.880580 1.050202 -8.687570
v 14.877753 1.050202 -8.686730
v 14.875668 1.050202 -8.684645
v 14.874827 1.050202 -8.681817
v 14.875437 1.050202 -8.678931
v 14.877347 1.050202 -8.676684
v 14.886071 1.050702 -8.685410
v 14.883686 1.050702 -8.687410
v 14.880560 1.050702 -8.688069
v 14.877498 1.050702 -8.687160
v 14.875238 1.050702 -8.684900
v 14.874329 1.050702 -8.681837
v 14.874988 1.050702 -8.678711
v 14.876988 1.050702 -8.676327
v 14.921498 1.050702 -8.720837
v 14.886109 1.050702 -8.705345
v 14.857053 1.050702 -8.676289
v 14.841561 1.050702 -8.640900
v 14.923347 1.033702 -8.722685
v 14.922985 1.049583 -8.722322
v 14.840820 1.050148 -8.640158
v 14.840075 1.049583 -8.639413
v 14.839713 1.033702 -8.639050
v 14.885604 1.049583 -8.706354
v 14.856043 1.049583 -8.676794
v 14.855813 1.033702 -8.676949
v 14.885449 1.033702 -8.706585
v 14.584256 1.003702 -7.593757
v 14.822552 1.003702 -7.355462
v 14.603348 1.003702 -7.612849
v 14.841643 1.003702 -7.374554
v 14.603348 1.030702 -7.612849
v 14.841643 1.030702 -7.374554
v 14.822552 1.030702 -7.355462
v 14.584256 1.030702 -7.593757
v 14.676756 1.003702 -7.686257
v 14.915051 1.003702 -7.447962
v 14.695848 1.003702 -7.705349
v 14.934143 1.003702 -7.467054
v 14.695848 1.030702 -7.705349
v 14.934143 1.030702 -7.467054
v 14.915051 1.030702 -7.447962
v 14.676756 1.030702 -7.686257
v 14.375240 0.730703 -7.388984
v 14.356149 0.730703 -7.369893
v 14.375240 1.033702 -7.388984
v 14.356149 1.033702 -7.369893
v 14.759200 0.703702 -7.772943
v 14.375240 0.703702 -7.388984
v 14.759200 0.730703 -7.772943
v 14.617779 0.730703 -7.146447
v 14.636870 0.730703 -7.127355
v 14.617779 1.033702 -7.146447
v 14.636870 1.033702 -7.127355
v 15.020829 0.730703 -7.511314
v 15.001738 0.730703 -7.530406
v 14.617779 0.703702 -7.146447
v 15.001738 0.703702 -7.530406
v 14.778292 0.730703 -7.792035
v 15.020829 0.730703 -7.549498
v 15.001738 1.033702 -7.530406
v 15.020829 1.033702 -7.549498
v 14.778292 1.033702 -7.792035
v 14.759200 1.033702 -7.772943
v 14.740108 0.730703 -7.792035
v 14.740108 1.033702 -7.792035
v 14.356149 0.730703 -7.408076
v 14.356149 1.033702 -7.408076
v 14.759200 1.060702 -7.772943
v 14.375240 1.060702 -7.388984
v 14.617779 1.060702 -7.146447
v 14.598686 1.033702 -7.127355
v 14.598686 0.730703 -7.127355
v 14.337057 0.703702 -7.388984
v 14.617779 0.703702 -7.108263
v 15.039921 0.703702 -7.530406
v 14.759200 0.703702 -7.811127
v 15.039921 1.060702 -7.530406
v 14.759200 1.060702 -7.811127
v 14.617779 1.060702 -7.108263
v 15.020829 1.033702 -7.511314
v 14.337057 1.060702 -7.388984
v 15.001738 1.060702 -7.530406
v 14.884653 1.033702 -7.410407
v 14.883207 1.033702 -7.411876
v 14.877730 1.033702 -7.406398
v 14.879198 1.033702 -7.404953
v 14.881191 1.033702 -7.404430
v 14.883181 1.033702 -7.404968
v 14.884637 1.033702 -7.406425
v 14.885176 1.033702 -7.408414
v 14.877730 1.049202 -7.406398
v 14.879198 1.049202 -7.404953
v 14.881191 1.049202 -7.404430
v 14.883181 1.049202 -7.404968
v 14.884637 1.049202 -7.406425
v 14.885176 1.049202 -7.408414
v 14.884653 1.049202 -7.410407
v 14.883207 1.049202 -7.411876
v 14.877366 1.049702 -7.406034
v 14.878951 1.049702 -7.404518
v 14.883571 1.049702 -7.412239
v 14.885087 1.049702 -7.410654
v 14.885675 1.049702 -7.408412
v 14.885070 1.049702 -7.406175
v 14.883430 1.049702 -7.404535
v 14.881193 1.049702 -7.403930
v 14.876286 1.049702 -7.404953
v 14.878532 1.049702 -7.403043
v 14.881418 1.049702 -7.402435
v 14.884246 1.049702 -7.403275
v 14.886331 1.049702 -7.405360
v 14.887171 1.049702 -7.408187
v 14.886562 1.049702 -7.411073
v 14.884652 1.049702 -7.413320
v 14.876286 1.050202 -7.404953
v 14.878532 1.050202 -7.403043
v 14.881418 1.050202 -7.402435
v 14.884246 1.050202 -7.403275
v 14.886331 1.050202 -7.405360
v 14.887171 1.050202 -7.408187
v 14.886562 1.050202 -7.411073
v 14.884652 1.050202 -7.413320
v 14.875927 1.050702 -7.404595
v 14.878312 1.050702 -7.402595
v 14.881438 1.050702 -7.401935
v 14.884501 1.050702 -7.402845
v 14.886761 1.050702 -7.405104
v 14.887671 1.050702 -7.408167
v 14.887011 1.050702 -7.411293
v 14.885010 1.050702 -7.413678
v 14.875889 1.050702 -7.384659
v 14.904946 1.050702 -7.413716
v 14.840500 1.050702 -7.369168
v 14.920437 1.050702 -7.449105
v 14.838652 1.033702 -7.367320
v 14.839014 1.049583 -7.367682
v 14.921178 1.050148 -7.449846
v 14.921924 1.049583 -7.450592
v 14.922286 1.033702 -7.450954
v 14.876394 1.049583 -7.383650
v 14.905955 1.049583 -7.413211
v 14.906185 1.033702 -7.413056
v 14.876549 1.033702 -7.383420
v 0.881000 0.200002 -2.455002
v 0.881000 0.200002 -0.545002
v 2.900000 0.203002 -2.404839
v 2.900000 0.203002 -2.341002
v 2.900000 0.204002 -2.404839
v 2.900000 0.204002 -2.341002
v 4.200000 0.204002 -2.341002
v 4.200000 0.203002 -2.341002
v 4.200000 0.204002 -2.404839
v 4.200000 0.203002 -2.404839
v 2.900000 0.203002 -0.658839
v 2.900000 0.203002 -0.595002
v 2.900000 0.204002 -0.658839
v 2.900000 0.204002 -0.595002
v 4.200000 0.204002 -0.595002
v 4.200000 0.203002 -0.595002
v 4.200000 0.204002 -0.658839
v 4.200000 0.203002 -0.658839
v 0.881000 0.203002 -2.455002
v 0.881000 0.203002 -0.545002
v 4.381000 0.203002 -2.455002
v 4.381000 0.203002 -0.545002
v 4.381000 0.200002 -2.455002
v 4.381000 0.200002 -0.545002
v 0.881000 0.400002 -9.595002
v 0.881000 0.400002 -6.495002
v 1.181000 0.400002 -9.295002
v 1.181000 0.400002 -6.795002
v 1.218894 0.200002 -9.332896
v 1.218894 0.200002 -6.757109
v 0.881000 0.200002 -9.670790
v 0.881000 0.200002 -6.419215
v 28.881001 0.400002 -6.495002
v 28.881001 0.400002 -9.595002
v 28.580999 0.400002 -6.795002
v 28.580999 0.400002 -9.295002
v 28.543106 0.200002 -6.757109
v 28.543106 0.200002 -9.332896
v 28.881001 0.200002 -6.419215
v 28.881001 0.200002 -9.670790
v 29.425999 0.000003 -16.050003
v 29.425999 0.000003 -0.000002
v 0.375999 0.000003 -16.050003
v 0.375999 0.000003 -0.000002
v 29.425999 0.200002 -16.050003
v 0.375999 0.200002 -16.050003
v 29.425999 0.200002 -0.000002
v 0.375999 0.200002 -0.000002
v 15.882281 0.550002 -1.687606
v 15.882281 0.450091 -1.687584
v 15.882281 0.449914 -2.485066
v 15.882281 0.549760 -2.635061
v 15.882281 0.563394 -2.635064
v 15.882281 0.549827 -2.485088
v 15.882281 0.623426 -2.531681
v 15.882281 0.623623 -1.651014
v 15.882281 0.563636 -1.547604
v 15.882281 0.550002 -1.547601
v 15.632281 0.549760 -2.635061
v 15.632281 0.563394 -2.635064
v 15.632281 0.549827 -2.485088
v 15.632281 0.449914 -2.485066
v 15.632281 0.450091 -1.687584
v 15.632281 0.550002 -1.687606
v 15.632281 0.550002 -1.547601
v 15.632281 0.563636 -1.547604
v 15.632281 0.623623 -1.651014
v 15.632281 0.623426 -2.531681
v 15.757281 0.201002 -1.741245
v 15.807281 0.201002 -1.741245
v 15.757281 0.201002 -2.441245
v 15.807281 0.201002 -2.441245
v 15.757281 0.200002 -2.441245
v 15.807281 0.200002 -2.441245
v 15.757281 0.200002 -1.741245
v 15.807281 0.200002 -1.741245
v 18.937222 0.400002 -13.380098
v 18.937288 0.401003 -13.380192
v 18.937159 0.401003 -13.380192
v 18.937288 0.400002 -13.380192
v 18.884674 0.401003 -13.374790
v 18.888329 0.401003 -13.380193
v 18.888391 0.400002 -13.380099
v 18.888456 0.401003 -13.380193
v 18.888456 0.400002 -13.380193
v 18.933504 0.401003 -13.374788
v 10.475025 0.394789 -7.773157
v 10.475025 0.379377 -7.759083
v 10.474871 0.394789 -7.773157
v 10.474870 0.379377 -7.759083
v 10.474870 0.395251 -7.749882
v 10.475025 0.395251 -7.749882
v 10.474870 0.394904 -7.752285
v 10.475025 0.394904 -7.752285
v 10.475025 0.356469 -7.732289
v 10.475025 0.379377 -7.778716
v 10.475025 0.373524 -7.748052
v 10.475025 0.373524 -7.730109
v 10.474871 0.379377 -7.778716
v 10.474870 0.356469 -7.732289
v 10.474870 0.373524 -7.748052
v 10.474870 0.373524 -7.730109
v 10.881000 0.397125 -5.637441
v 10.881000 0.397125 -10.045002
v 10.080999 0.397125 -7.481140
v 10.080999 0.397125 -8.902484
v 15.579723 0.447125 -13.605002
v 15.379724 0.547125 -13.605002
v 15.579723 0.447125 -13.455002
v 15.379724 0.547125 -13.455002
v 13.451823 0.547125 -13.455002
v 13.373738 0.547125 -13.605002
v 11.031000 0.547125 -9.997707
v 10.881000 0.547125 -10.045002
v 11.031000 0.597125 -9.942736
v 10.881000 0.597125 -9.990031
v 11.031000 0.597125 -9.581036
v 10.881000 0.597125 -9.581036
v 10.881000 0.547002 -9.530913
v 11.031000 0.547002 -9.530913
v 10.881000 0.547002 -6.559091
v 10.881000 0.597125 -6.508969
v 10.881000 0.597125 -5.637441
v 11.031000 0.547002 -6.559091
v 11.031000 0.597125 -6.508969
v 11.499910 0.597125 -3.787918
v 11.499910 0.200002 -3.787918
v 11.499910 0.597125 -4.587918
v 11.499910 0.200002 -4.587918
v 11.031000 0.597125 -5.668582
v 11.031000 0.200002 -5.668582
v 11.031000 0.200002 -9.997707
v 13.451823 0.200002 -13.455002
v 15.579723 0.200002 -13.455002
v 15.579723 0.200002 -13.605002
v 13.373738 0.200002 -13.605002
v 10.080999 0.200002 -8.902484
v 10.080999 0.200002 -7.481140
v 11.349911 0.200002 -4.556778
v 11.349911 0.597125 -4.556778
v 11.349911 0.597125 -3.835213
v 11.349911 0.200002 -3.835213
v 9.814545 0.400002 -2.635002
v 9.814545 0.333015 -2.885002
v 9.814545 0.608822 -2.635002
v 9.814545 0.608822 -2.885002
v 9.864545 0.658821 -2.635002
v 9.864545 0.658821 -2.885002
v 10.564545 0.658821 -2.635002
v 10.564545 0.658821 -2.885002
v 10.614545 0.597125 -2.635002
v 10.614545 0.597125 -2.885002
v 10.684566 0.333015 -2.885002
v 10.614545 0.333015 -2.885002
v 10.684566 0.597125 -2.885002
v 9.714545 0.333015 -2.885002
v 9.714545 0.608822 -2.885002
v 9.864545 0.758821 -2.885002
v 10.722794 0.758821 -2.885002
v 10.867682 0.597125 -2.885002
v 11.032156 0.200002 -3.381413
v 10.692631 0.200002 -2.635002
v 10.692631 0.597125 -2.635002
v 9.714545 0.200002 -2.635002
v 9.714545 0.200002 -3.381413
v 9.714545 0.608822 -2.635002
v 9.864545 0.758821 -2.635002
v 10.547741 0.758821 -2.635002
v 10.614545 0.400002 -2.635002
v 13.879718 0.549914 -14.402484
v 13.879718 0.450002 -14.402484
v 13.879718 0.450002 -13.605002
v 13.879718 0.549882 -13.455029
v 13.879718 0.563516 -13.455029
v 13.879718 0.549916 -13.605002
v 13.879718 0.623526 -13.558426
v 13.879718 0.623526 -14.439093
v 13.879718 0.563516 -14.542489
v 13.879718 0.549882 -14.542489
v 14.129718 0.549882 -13.455029
v 14.129718 0.563516 -13.455029
v 14.129718 0.549916 -13.605002
v 14.129718 0.450002 -13.605002
v 14.129718 0.450002 -14.402484
v 14.129718 0.549914 -14.402484
v 14.129718 0.549882 -14.542489
v 14.129718 0.563516 -14.542489
v 14.129718 0.623526 -14.439093
v 14.129718 0.623526 -13.558426
v 18.881001 0.397125 -10.452563
v 18.881001 0.397125 -6.045002
v 19.681000 0.397125 -8.608865
v 19.681000 0.397125 -7.187521
v 14.182276 0.447125 -2.485002
v 14.382276 0.547125 -2.485002
v 14.182276 0.447125 -2.635002
v 14.382276 0.547125 -2.635002
v 16.310175 0.547125 -2.635002
v 16.388260 0.547125 -2.485002
v 18.730999 0.547125 -6.092297
v 18.881001 0.547125 -6.045002
v 18.730999 0.597125 -6.147268
v 18.881001 0.597125 -6.099974
v 18.730999 0.597125 -6.508969
v 18.881001 0.597125 -6.508969
v 18.881001 0.547002 -6.559091
v 18.730999 0.547002 -6.559091
v 18.881001 0.547002 -9.530913
v 18.881001 0.597125 -9.581036
v 18.881001 0.597125 -10.452563
v 18.730999 0.547002 -9.530913
v 18.730999 0.597125 -9.581036
v 18.262089 0.597125 -12.302086
v 18.262089 0.200002 -12.302086
v 18.262089 0.597125 -11.502087
v 18.262089 0.200002 -11.502087
v 18.730999 0.597125 -10.421423
v 18.730999 0.200002 -10.421423
v 18.730999 0.200002 -6.092297
v 16.310175 0.200002 -2.635002
v 14.182276 0.200002 -2.635002
v 14.182276 0.200002 -2.485002
v 16.388260 0.200002 -2.485002
v 19.681000 0.200002 -7.187521
v 19.681000 0.200002 -8.608865
v 18.412088 0.200002 -11.533227
v 18.412088 0.597125 -11.533227
v 18.412088 0.597125 -12.254791
v 18.412088 0.200002 -12.254791
v 19.947454 0.400002 -13.455002
v 19.947454 0.333015 -13.205002
v 19.947454 0.608822 -13.455002
v 19.947454 0.608822 -13.205002
v 19.897453 0.658821 -13.455002
v 19.897453 0.658821 -13.205002
v 19.197454 0.658821 -13.455002
v 19.197454 0.658821 -13.205002
v 19.147453 0.597125 -13.455002
v 19.147453 0.597125 -13.205002
v 19.077433 0.333015 -13.205002
v 19.147453 0.333015 -13.205002
v 19.077433 0.597125 -13.205002
v 20.047455 0.333015 -13.205002
v 20.047455 0.608822 -13.205002
v 19.897453 0.758821 -13.205002
v 19.039206 0.758821 -13.205002
v 18.894318 0.597125 -13.205002
v 18.729843 0.200002 -12.708591
v 19.069368 0.200002 -13.455002
v 19.069368 0.597125 -13.455002
v 20.047455 0.200002 -13.455002
v 20.047455 0.200002 -12.708591
v 20.047455 0.608822 -13.455002
v 19.897453 0.758821 -13.455002
v 19.214258 0.758821 -13.455002
v 19.147453 0.400002 -13.455002
v 11.499910 0.197125 -3.787918
v 11.499910 0.197125 -4.587918
v 11.031000 0.500003 -5.668582
v 11.031000 0.197125 -5.668582
v 11.031000 0.500003 -9.997707
v 11.031000 0.197125 -9.997707
v 13.451823 0.197125 -13.455002
v 13.143530 0.500003 -13.014714
v 13.451823 0.400125 -13.455002
v 19.069368 0.400125 -13.455002
v 18.761076 0.500003 -13.014714
v 11.000923 0.500003 -3.075290
v 16.618469 0.500003 -3.075290
v 18.730999 0.500003 -6.092297
v 18.730999 0.500003 -10.421423
v 18.730999 0.197125 -6.092297
v 16.368942 0.197125 -2.718931
v 16.368942 0.419164 -2.718931
v 18.730999 0.197125 -10.421423
v 18.262089 0.197125 -11.502087
v 18.262089 0.197125 -12.302086
v 19.069368 0.197125 -13.455002
v 16.189327 0.197125 -2.635002
v 10.692631 0.197125 -2.635002
v 10.692631 0.400125 -2.635002
v 16.189327 0.400125 -2.635002
v 14.925543 0.220002 -9.461336
v 15.069792 0.220002 -9.605586
v 16.297331 0.220002 -8.089550
v 16.441580 0.220002 -8.233800
v 15.069792 0.490003 -9.605586
v 14.925543 0.490003 -9.461336
v 16.441580 0.490003 -8.233800
v 16.297331 0.490003 -8.089550
v 13.320412 0.220003 -7.856203
v 14.692200 0.220003 -6.484416
v 13.320412 0.490003 -7.856203
v 14.692200 0.490003 -6.484417
v 13.464661 0.220003 -8.000453
v 13.464661 0.490003 -8.000453
v 14.836449 0.220003 -6.628666
v 14.836449 0.490003 -6.628666
v 7.807700 0.348003 -8.610861
v 7.154299 0.348003 -8.610861
v 7.763287 0.348003 -8.533935
v 7.198712 0.348003 -8.533935
v 7.198712 0.348003 -7.556062
v 6.916425 0.348003 -8.044998
v 7.154299 0.348003 -7.479136
v 6.827599 0.348003 -8.044998
v 6.921023 0.200942 -7.075091
v 7.154203 0.347942 -7.478971
v 6.827407 0.347942 -8.044998
v 6.361047 0.200942 -8.044998
v 7.807796 0.347942 -7.478971
v 8.040976 0.200942 -7.075091
v 8.134401 0.348003 -8.044998
v 8.045574 0.348003 -8.044998
v 7.807700 0.348003 -7.479136
v 7.763287 0.348003 -7.556062
v 8.600952 0.200942 -8.044998
v 8.134592 0.347942 -8.044998
v 7.807796 0.347942 -8.611027
v 8.040976 0.200942 -9.014906
v 6.921023 0.200942 -9.014906
v 7.154203 0.347942 -8.611027
v 8.040779 0.200002 -9.014565
v 6.921221 0.200002 -9.014565
v 8.600557 0.200002 -8.044998
v 8.040779 0.200002 -7.075433
v 6.921221 0.200002 -7.075433
v 6.361442 0.200002 -8.044998
v 6.827802 0.347003 -8.044998
v 7.154401 0.347003 -8.610684
v 7.154401 0.347003 -7.479313
v 7.198712 0.347003 -7.556062
v 6.916425 0.347003 -8.044998
v 7.807598 0.347003 -7.479313
v 8.134197 0.347003 -8.044998
v 8.045574 0.347003 -8.044998
v 7.763287 0.347003 -7.556062
v 7.807598 0.347003 -8.610684
v 7.763287 0.347003 -8.533935
v 7.198712 0.347003 -8.533935
v 14.682268 0.553002 -0.685002
v 14.682268 0.553002 -0.545002
v 14.682268 0.200002 -0.545002
v 14.682268 0.553002 -1.545002
v 14.682268 0.200002 -1.685002
v 14.682268 0.553002 -1.685002
v 14.464558 0.836457 -1.685002
v 14.408169 0.836457 -1.685002
v 13.482268 0.553381 -1.685002
v 13.482268 0.200002 -1.685002
v 14.551950 0.722674 -1.545002
v 14.464558 0.836457 -1.545002
v 14.706176 0.681361 -1.545002
v 14.651151 0.753003 -1.545002
v 14.706176 0.681361 -0.685002
v 14.651151 0.753003 -0.685002
v 14.551950 0.722674 -0.685002
v 14.408169 0.836457 -0.685002
v 14.408169 0.836457 -0.545002
v 14.464558 0.836457 -0.685002
v 14.464558 0.836457 -0.545002
v 13.482268 0.553381 -0.685002
v 13.506352 0.403003 -0.685002
v 13.482268 0.403003 -0.685002
v 13.482268 0.553381 -0.545002
v 13.482268 0.200002 -0.545002
v 13.482268 0.553381 -1.545002
v 13.482268 0.403003 -1.545002
v 14.408169 0.836457 -1.545002
v 13.506352 0.403003 -1.545002
v 14.593480 0.736416 -1.485003
v 14.593480 0.736416 -1.445002
v 14.593772 0.735460 -1.485003
v 14.593772 0.735460 -1.445002
v 13.506060 0.403959 -1.485003
v 13.506060 0.403959 -1.445002
v 13.506352 0.403003 -1.445002
v 13.506060 0.403959 -0.785002
v 13.506060 0.403959 -0.745002
v 14.593480 0.736416 -0.785002
v 14.593480 0.736416 -0.745002
v 13.506352 0.403003 -0.785002
v 14.593772 0.735460 -0.785002
v 13.506352 0.403003 -0.745002
v 14.593772 0.735460 -0.745002
v 13.506352 0.403003 -1.485003
v 7.705849 0.350003 -4.495525
v 7.705849 0.200002 -4.495525
v 6.438910 0.550002 -4.495525
v 4.580989 0.200002 -4.495525
v 4.580989 0.550002 -4.495525
v 15.172750 0.200002 -2.635002
v 6.080989 0.200002 -2.635002
v 14.182268 0.400002 -2.635002
v 6.080989 0.400002 -2.635002
v 6.080989 0.200002 -2.785002
v 6.080989 0.400002 -2.785002
v 7.215479 0.400002 -2.785002
v 8.482419 0.200002 -2.785002
v 14.182268 0.400002 -1.685002
v 13.482268 0.400002 -1.685002
v 13.482268 0.400002 -0.545002
v 6.438910 0.400002 -4.345525
v 4.580989 0.400002 -4.345525
v 4.580989 0.400002 -0.545002
v 4.580989 0.200002 -0.545002
v 15.172750 0.200002 -1.685002
v 7.705849 0.200002 -4.345525
v 4.580989 0.550002 -4.345525
v 6.438910 0.550002 -4.345525
v 7.705849 0.350003 -4.345525
v 6.080989 0.600003 -2.635002
v 6.080989 0.600003 -2.785002
v 8.546210 0.200002 -2.785002
v 8.546210 0.200002 -2.635002
v 8.546210 0.501761 -2.785002
v 7.923879 0.600003 -2.785002
v 8.546210 0.501761 -2.635002
v 7.923879 0.600003 -2.635002
v 10.824777 0.400002 -2.709906
v 10.824711 0.401003 -2.709813
v 10.824841 0.401003 -2.709813
v 10.824711 0.400002 -2.709813
v 10.877325 0.401003 -2.715214
v 10.873672 0.401003 -2.709812
v 10.873608 0.400002 -2.709905
v 10.873543 0.401003 -2.709812
v 10.873543 0.400002 -2.709812
v 10.828495 0.401003 -2.715216
v 4.380989 0.931886 -4.495525
v 4.380989 0.200002 -4.495525
v 4.380989 1.300002 -2.165002
v 4.380989 0.200002 -0.545002
v 4.380989 1.300002 -0.545002
v 4.547038 0.931886 -4.495525
v 4.580989 0.550002 -0.545002
v 4.514311 1.300002 -2.165002
v 4.514311 1.300002 -0.545002
v 3.655760 0.197002 -10.693732
v 3.655760 0.197002 -15.545002
v 3.955760 0.197002 -10.693732
v 3.955760 0.197002 -15.545002
v 3.955760 0.620003 -15.545002
v 3.655760 0.620003 -15.545002
v 3.955760 0.750003 -15.415002
v 3.655760 0.750003 -15.415002
v 3.955760 0.750003 -11.115777
v 3.655760 0.750003 -11.115777
v 3.655760 0.348677 -10.693732
v 3.955760 0.348677 -10.693732
v 15.079718 0.200002 -14.405003
v 15.079718 0.550002 -14.405003
v 15.069497 0.200002 -14.402484
v 15.069497 0.550002 -14.402484
v 14.460712 0.267002 -14.552484
v 14.010713 0.267002 -14.402484
v 14.460712 0.200002 -14.552484
v 14.010713 0.200002 -14.402484
v 14.460712 0.400002 -14.542484
v 14.460712 0.267002 -14.542484
v 14.460712 0.200002 -15.545002
v 14.460712 0.400002 -15.545002
v 14.880713 0.267002 -14.542484
v 14.460712 0.267002 -14.402484
v 14.880713 0.200002 -14.542484
v 14.460712 0.200002 -14.402484
v 15.079718 0.200002 -14.542484
v 15.079718 0.550002 -14.542484
v 13.579473 0.550002 -14.542484
v 13.579473 0.550002 -14.402484
v 13.379718 0.400002 -14.542484
v 13.379718 0.450125 -14.542484
v 13.379718 0.450125 -14.402484
v 13.379718 0.400002 -14.402484
v 10.662614 0.400002 -14.402484
v 11.237806 0.200002 -14.402484
v 8.395636 0.400002 -11.164903
v 8.640911 0.200002 -10.693732
v 5.961740 0.400002 -11.164903
v 5.780422 0.200002 -10.693732
v 6.581553 0.400002 -12.622680
v 6.543526 0.800002 -12.622680
v 5.905760 0.800002 -11.122680
v 5.689233 0.200002 -10.479259
v 5.217800 0.200002 -10.479259
v 5.217800 0.800002 -11.122680
v 5.105760 0.600003 -11.122680
v 5.105760 0.200002 -10.693732
v 5.105760 0.600003 -11.272679
v 5.217800 0.800002 -11.272679
v 5.806541 0.600003 -11.272679
v 5.806541 0.800002 -11.272679
v 6.316754 0.600003 -12.472679
v 6.316754 0.800002 -12.472679
v 5.105760 0.600003 -12.472679
v 5.217800 0.800002 -12.472679
v 5.217800 0.800002 -12.622680
v 5.105760 0.600003 -12.622680
v 3.955760 0.600003 -12.622680
v 3.955760 0.600003 -11.122680
v 3.955760 0.200002 -10.693732
v 3.955760 0.200002 -15.545002
v 3.955760 0.400002 -15.545002
v 3.955760 0.400002 -12.622680
v 15.079731 0.553002 -15.405003
v 15.079731 0.553002 -15.545002
v 15.079731 0.200002 -15.545002
v 15.079731 0.553002 -14.545002
v 15.079731 0.200002 -14.405003
v 15.079731 0.553002 -14.405003
v 15.297441 0.836457 -14.405003
v 15.353831 0.836457 -14.405003
v 16.279732 0.553381 -14.405003
v 16.279732 0.200002 -14.405003
v 15.210049 0.722674 -14.545002
v 15.297441 0.836457 -14.545002
v 15.055824 0.681361 -14.545002
v 15.110849 0.753003 -14.545002
v 15.055824 0.681361 -15.405003
v 15.110849 0.753003 -15.405003
v 15.210049 0.722674 -15.405003
v 15.353831 0.836457 -15.405003
v 15.353831 0.836457 -15.545002
v 15.297441 0.836457 -15.405003
v 15.297441 0.836457 -15.545002
v 16.279732 0.553381 -15.405003
v 16.255648 0.403003 -15.405003
v 16.279732 0.403003 -15.405003
v 16.279732 0.553381 -15.545002
v 16.279732 0.200002 -15.545002
v 16.279732 0.553381 -14.545002
v 16.279732 0.403003 -14.545002
v 15.353831 0.836457 -14.545002
v 16.255648 0.403003 -14.545002
v 15.168520 0.736416 -14.605002
v 15.168520 0.736416 -14.645002
v 15.168227 0.735460 -14.605002
v 15.168227 0.735460 -14.645002
v 16.255939 0.403959 -14.605002
v 16.255939 0.403959 -14.645002
v 16.255648 0.403003 -14.645002
v 16.255939 0.403959 -15.305002
v 16.255939 0.403959 -15.345002
v 15.168520 0.736416 -15.305002
v 15.168520 0.736416 -15.345002
v 16.255648 0.403003 -15.305002
v 15.168227 0.735460 -15.305002
v 16.255648 0.403003 -15.345002
v 15.168227 0.735460 -15.345002
v 16.255648 0.403003 -14.605002
v 25.381010 0.931886 -11.594480
v 25.381010 0.200002 -11.594480
v 25.381010 1.300002 -13.925002
v 25.381010 0.200002 -15.545002
v 25.381010 1.300002 -15.545002
v 25.181011 0.550002 -11.594480
v 25.214962 0.931886 -11.594480
v 25.181011 0.550002 -15.545002
v 25.247688 1.300002 -13.925002
v 25.247688 1.300002 -15.545002
v 25.181011 0.200002 -15.545002
v 25.181011 0.200002 -11.594480
v 22.056150 0.350003 -11.594479
v 22.056150 0.200002 -11.594479
v 23.323090 0.550002 -11.594479
v 25.181011 0.200002 -11.594479
v 25.181011 0.550002 -11.594479
v 14.589249 0.200002 -13.455002
v 23.681011 0.200002 -13.455002
v 15.579731 0.400002 -13.455002
v 23.681011 0.400002 -13.455002
v 23.681011 0.200002 -13.305002
v 23.681011 0.400002 -13.305002
v 22.546520 0.400002 -13.305002
v 21.279581 0.200002 -13.305002
v 15.579731 0.400002 -14.405003
v 16.279732 0.400002 -14.405003
v 16.279732 0.400002 -15.545002
v 23.323090 0.400002 -11.744479
v 25.181011 0.400002 -11.744479
v 25.181011 0.400002 -15.545002
v 14.589249 0.200002 -14.405003
v 22.056150 0.200002 -11.744479
v 25.181011 0.550002 -11.744479
v 23.323090 0.550002 -11.744479
v 22.056150 0.350003 -11.744479
v 23.681011 0.600003 -13.455002
v 23.681011 0.600003 -13.305002
v 21.215790 0.200002 -13.305002
v 21.215790 0.200002 -13.455002
v 21.215790 0.501761 -13.305002
v 21.838121 0.600003 -13.305002
v 21.215790 0.501761 -13.455002
v 21.838121 0.600003 -13.455002
v 26.106239 0.197002 -5.396273
v 26.106239 0.197002 -0.545002
v 25.806240 0.197002 -5.396273
v 25.806240 0.197002 -0.545002
v 25.806240 0.620003 -0.545002
v 26.106239 0.620003 -0.545002
v 25.806240 0.750003 -0.675002
v 26.106239 0.750003 -0.675002
v 25.806240 0.750003 -4.974227
v 26.106239 0.750003 -4.974227
v 26.106239 0.348677 -5.396273
v 25.806240 0.348677 -5.396273
v 14.682281 0.200002 -1.685002
v 14.682281 0.550002 -1.685002
v 14.692502 0.200002 -1.687521
v 14.692502 0.550002 -1.687521
v 16.182526 0.550002 -1.547521
v 16.382280 0.450125 -1.547521
v 16.182526 0.550002 -1.687521
v 16.382280 0.450125 -1.687521
v 16.382280 0.400002 -1.547521
v 16.382280 0.400002 -1.687521
v 24.656239 0.200002 -5.396273
v 24.656239 0.600003 -4.967325
v 25.806240 0.200002 -5.396273
v 25.806240 0.600003 -4.967325
v 24.544199 0.800002 -4.967325
v 24.544199 0.200002 -5.610746
v 24.656239 0.600003 -4.817325
v 24.544199 0.800002 -4.817325
v 23.955458 0.600003 -4.817325
v 23.955458 0.800002 -4.817325
v 23.445244 0.600003 -3.617325
v 23.445244 0.800002 -3.617325
v 24.656239 0.600003 -3.617325
v 24.656239 0.600003 -3.467325
v 25.806240 0.600003 -3.467325
v 24.544199 0.800002 -3.617325
v 24.544199 0.800002 -3.467325
v 23.856239 0.800002 -4.967325
v 23.218473 0.800002 -3.467325
v 24.072765 0.200002 -5.610746
v 23.180447 0.400002 -3.467325
v 23.800259 0.400002 -4.925102
v 23.981577 0.200002 -5.396273
v 21.366364 0.400002 -4.925102
v 21.121088 0.200002 -5.396273
v 19.099384 0.400002 -1.687521
v 18.524193 0.200002 -1.687521
v 14.682281 0.550002 -1.547521
v 14.682281 0.200002 -1.547521
v 15.301287 0.400002 -1.547521
v 15.301287 0.200002 -1.547521
v 15.301287 0.400002 -0.545002
v 15.301287 0.200002 -0.545002
v 25.806240 0.200002 -0.545002
v 25.806240 0.400002 -0.545002
v 25.806240 0.400002 -3.467325
v 21.161047 0.200942 -8.045002
v 21.627407 0.347942 -8.045002
v 21.954203 0.347942 -8.611031
v 21.721024 0.200942 -9.014910
v 21.627598 0.348003 -8.045002
v 21.954300 0.348003 -8.610865
v 21.998713 0.348003 -8.533938
v 21.716425 0.348003 -8.045002
v 21.998713 0.347003 -8.533938
v 21.716425 0.347003 -8.045002
v 21.954401 0.347003 -8.610688
v 22.607796 0.347942 -8.611031
v 22.840977 0.200942 -9.014910
v 22.934401 0.348003 -8.045002
v 22.607700 0.348003 -8.610865
v 22.845573 0.348003 -8.045002
v 22.563288 0.348003 -8.533938
v 22.845573 0.347003 -8.045002
v 22.563288 0.347003 -8.533938
v 22.934196 0.347003 -8.045002
v 22.934593 0.347942 -8.045002
v 23.400951 0.200942 -8.045002
v 21.721220 0.200002 -9.014568
v 22.840778 0.200002 -9.014568
v 22.607597 0.347003 -8.610688
v 23.400558 0.200002 -8.045002
v 22.840977 0.200942 -7.075095
v 22.840778 0.200002 -7.075437
v 21.721220 0.200002 -7.075437
v 21.721024 0.200942 -7.075095
v 21.954401 0.347003 -7.479317
v 22.607597 0.347003 -7.479317
v 22.607796 0.347942 -7.478974
v 21.954203 0.347942 -7.478974
v 21.954300 0.348003 -7.479140
v 22.607700 0.348003 -7.479140
v 21.627802 0.347003 -8.045002
v 21.161442 0.200002 -8.045002
v 21.998713 0.348003 -7.556066
v 21.998713 0.347003 -7.556066
v 22.563288 0.348003 -7.556066
v 22.563288 0.347003 -7.556066
v 28.216999 0.200002 -13.790003
v 28.216999 0.200002 -15.390002
v 27.466999 0.350003 -15.340002
v 27.466999 0.350003 -13.840002
v 27.516998 0.350003 -15.340002
v 27.516998 0.350003 -13.840002
v 27.617001 0.250003 -13.790003
v 27.617001 0.250003 -15.390002
v 28.216999 0.250003 -15.390002
v 28.216999 0.250003 -13.790003
v 27.466999 0.200002 -15.390002
v 27.466999 0.250003 -15.390002
v 27.466999 0.250003 -13.790003
v 27.466999 0.200002 -13.790003
v 28.216999 0.400002 -14.990003
v 28.216999 0.400002 -14.190002
v 28.216999 0.200002 -14.990003
v 28.216999 0.200002 -14.190002
v 28.257000 0.760002 -14.990003
v 28.257000 0.760002 -14.190002
v 28.257000 0.760002 -13.790003
v 28.216999 0.400002 -13.790003
v 28.216999 0.200002 -13.790003
v 27.761000 1.400002 -13.715002
v 27.761000 1.550002 -13.715002
v 27.611000 1.400002 -13.715002
v 27.611000 1.550002 -13.715002
v 27.761000 1.400002 -13.635002
v 27.761000 1.550002 -13.635002
v 27.611000 1.400002 -13.635002
v 27.611000 1.550002 -13.635002
v 27.431000 1.140002 -13.790003
v 27.431000 1.730003 -13.790003
v 27.653309 0.822510 -13.790003
v 28.177250 1.730003 -13.790003
v 27.431000 1.140002 -13.635002
v 27.431000 1.730003 -13.635002
v 28.119516 1.730003 -13.635002
v 27.621666 0.867702 -13.635002
v 28.190346 1.730003 -13.778663
v 28.190346 1.730003 -13.696342
v 28.195345 1.721342 -13.770002
v 27.665968 0.804433 -13.770002
v 28.195345 1.721342 -13.705002
v 28.210346 1.730003 -13.696342
v 28.210346 1.730003 -13.778663
v 27.340094 0.200002 -13.790003
v 27.316999 0.200002 -13.770002
v 28.223438 1.730003 -13.790003
v 28.278000 0.760002 -13.790003
v 28.278000 0.560002 -13.790003
v 28.278000 0.760002 -14.169003
v 28.278000 0.560002 -14.169003
v 28.617001 0.221002 -13.790003
v 28.617001 0.221002 -14.169003
v 28.881001 0.221002 -13.790003
v 28.881001 0.221002 -14.169003
v 28.830999 0.760002 -14.169003
v 28.830999 0.710002 -14.169003
v 28.830999 0.760002 -13.790003
v 28.830999 0.710002 -13.790003
v 28.881001 0.710002 -14.169003
v 28.881001 0.710002 -13.790003
v 28.881001 1.730003 -13.790003
v 28.881001 0.760002 -13.790003
v 28.881001 0.760002 -14.190002
v 28.881001 0.200002 -14.190002
v 27.397827 0.200002 -13.635002
v 28.881001 0.200002 -13.635002
v 28.281174 1.730003 -13.635002
v 28.881001 1.730003 -13.635002
v 27.316999 0.200002 -13.705002
v 27.665968 0.804433 -13.705002
v 28.617001 0.221002 -15.390002
v 28.617001 0.221002 -15.011003
v 28.881001 0.221002 -15.390002
v 28.881001 0.221002 -15.011003
v 28.278000 0.560002 -15.390002
v 28.278000 0.560002 -15.011003
v 28.278000 0.760002 -15.390002
v 28.278000 0.760002 -15.011003
v 28.257000 0.760002 -15.390002
v 28.216999 0.400002 -15.390002
v 28.216999 0.200002 -15.390002
v 28.881001 0.200002 -14.990003
v 28.881001 0.760002 -14.990003
v 28.830999 0.760002 -15.011003
v 28.830999 0.760002 -15.390002
v 28.881001 0.760002 -15.390002
v 28.881001 0.710002 -15.011003
v 28.830999 0.710002 -15.011003
v 28.830999 0.710002 -15.390002
v 28.881001 0.710002 -15.390002
v 28.881001 1.730003 -15.390002
v 28.223438 1.730003 -15.390002
v 27.340094 0.200002 -15.390002
v 27.665968 0.804433 -15.410003
v 27.665968 0.804433 -15.475002
v 27.316999 0.200002 -15.410003
v 27.316999 0.200002 -15.475002
v 27.431000 1.140002 -15.390002
v 27.431000 1.140002 -15.545002
v 27.653309 0.822510 -15.390002
v 27.621666 0.867702 -15.545002
v 28.195345 1.721342 -15.475002
v 28.190346 1.730003 -15.483663
v 28.119516 1.730003 -15.545002
v 27.397827 0.200002 -15.545002
v 28.210346 1.730003 -15.483663
v 28.281174 1.730003 -15.545002
v 28.881001 0.200002 -15.545002
v 28.881001 1.730003 -15.545002
v 28.210346 1.730003 -15.401342
v 28.195345 1.721342 -15.410003
v 28.177250 1.730003 -15.390002
v 28.190346 1.730003 -15.401342
v 27.431000 1.730003 -15.390002
v 27.431000 1.730003 -15.545002
v 28.881001 0.203002 -13.635002
v 28.881001 0.203002 -15.545002
v 25.381001 0.203002 -13.635002
v 25.381001 0.203002 -15.545002
v 25.381001 0.200002 -13.635002
v 25.381001 0.200002 -15.545002
v 28.881001 0.400002 -12.667429
v 28.881001 0.400002 -13.542576
v 28.851000 0.430002 -12.655003
v 28.851000 0.430002 -13.555002
v 28.021000 0.350003 -13.635002
v 28.851000 0.350003 -13.635002
v 28.021000 0.200002 -13.635002
v 28.881001 0.307576 -13.635002
v 27.941000 0.200002 -13.555002
v 27.941000 0.293986 -13.555002
v 27.941000 0.200002 -12.655003
v 28.021000 0.200002 -12.575003
v 27.941000 0.293986 -12.655003
v 28.021000 0.350003 -12.575003
v 28.881001 0.348658 -13.065002
v 28.820999 0.348658 -13.065002
v 28.881001 0.368658 -13.070361
v 28.820999 0.368658 -13.070361
v 28.881001 0.383299 -13.085003
v 28.820999 0.383299 -13.085003
v 28.881001 0.388658 -13.105002
v 28.820999 0.388658 -13.105002
v 28.881001 0.383299 -13.125002
v 28.820999 0.383299 -13.125002
v 28.881001 0.368658 -13.139643
v 28.820999 0.368658 -13.139643
v 28.881001 0.348658 -13.145002
v 28.820999 0.348658 -13.145002
v 28.881001 0.328658 -13.139643
v 28.820999 0.328658 -13.139643
v 28.881001 0.314017 -13.125002
v 28.820999 0.314017 -13.125002
v 28.881001 0.308658 -13.105002
v 28.820999 0.308658 -13.105002
v 28.881001 0.314017 -13.085003
v 28.820999 0.314017 -13.085003
v 28.881001 0.328658 -13.070361
v 28.820999 0.328658 -13.070361
v 28.820999 0.430002 -12.855002
v 28.820999 0.430002 -13.355002
v 28.820999 0.280002 -12.855002
v 28.820999 0.280002 -13.355002
v 28.721001 0.280002 -13.355002
v 28.721001 0.280002 -12.855002
v 28.721001 0.230003 -12.855002
v 28.721001 0.230003 -13.355002
v 27.941000 0.230003 -13.355002
v 27.941000 0.230003 -12.855002
v 27.941000 0.293986 -12.855002
v 28.135250 0.430002 -12.855002
v 28.135250 0.430002 -12.655003
v 27.941000 0.293986 -13.355002
v 28.881001 0.200002 -12.575003
v 28.851000 0.350003 -12.575003
v 28.881001 0.307576 -12.575003
v 28.135250 0.430002 -13.555002
v 28.135250 0.430002 -13.355002
v 4.135067 0.239757 -8.221929
v 4.134102 0.239499 -8.221929
v 4.137627 0.230205 -8.212493
v 4.136661 0.229946 -8.212493
v 4.137627 0.230205 -8.256901
v 4.135067 0.239757 -8.266326
v 4.136661 0.229946 -8.256901
v 4.134102 0.239499 -8.266326
v 4.133325 0.246261 -7.809420
v 4.131837 0.251814 -7.813053
v 4.130169 0.258039 -7.813606
v 4.134243 0.242833 -7.803468
v 4.131223 0.254106 -7.801231
v 4.134382 0.242314 -7.801344
v 4.131684 0.252382 -7.800841
v 4.127673 0.267352 -7.763612
v 4.130261 0.257692 -7.761904
v 4.127707 0.267228 -7.799190
v 4.130274 0.257646 -7.796536
v 4.127806 0.266857 -7.802288
v 4.130482 0.256871 -7.799510
v 4.127995 0.266151 -7.805278
v 4.130499 0.256808 -7.799624
v 4.128291 0.265048 -7.807983
v 4.130799 0.255687 -7.800808
v 4.128697 0.263529 -7.810300
v 4.129221 0.261578 -7.812145
v 4.134993 0.240035 -7.788866
v 4.134874 0.240479 -7.803153
v 4.137627 0.230205 -7.795649
v 4.137627 0.230205 -7.811569
v 4.137627 0.230205 -7.756904
v 4.137627 0.230205 -7.768799
v 4.132539 0.249196 -7.760351
v 4.134993 0.240035 -7.770587
v 4.132539 0.249196 -7.793808
v 4.132296 0.250101 -7.798308
v 4.132160 0.250608 -7.799222
v 4.128255 0.261319 -7.812145
v 4.127731 0.263271 -7.810300
v 4.127325 0.264789 -7.807983
v 4.127029 0.265893 -7.805278
v 4.126841 0.266598 -7.802288
v 4.126740 0.266969 -7.799190
v 4.126707 0.267093 -7.796167
v 4.126707 0.267093 -7.763612
v 4.129296 0.257433 -7.761904
v 4.129309 0.257387 -7.796536
v 4.129516 0.256612 -7.799510
v 4.129533 0.256549 -7.799624
v 4.129833 0.255428 -7.800808
v 4.130257 0.253847 -7.801231
v 4.130719 0.252123 -7.800841
v 4.131194 0.250349 -7.799222
v 4.131330 0.249842 -7.798308
v 4.131573 0.248937 -7.793808
v 4.131573 0.248937 -7.760351
v 4.136661 0.229946 -7.756904
v 4.136661 0.229946 -7.768799
v 4.134027 0.239776 -7.770587
v 4.134027 0.239776 -7.788866
v 4.136661 0.229946 -7.795649
v 4.136661 0.229946 -7.811569
v 4.133908 0.240220 -7.803153
v 4.133416 0.242055 -7.801344
v 4.133277 0.242574 -7.803468
v 4.132359 0.246002 -7.809420
v 4.130871 0.251555 -7.813053
v 4.129203 0.257780 -7.813606
v 4.133698 0.244864 -7.904665
v 4.132733 0.244604 -7.904872
v 4.133699 0.244862 -7.904872
v 4.132835 0.244224 -7.906902
v 4.133801 0.244483 -7.906902
v 4.132890 0.244021 -7.907256
v 4.133856 0.244280 -7.907256
v 4.133053 0.243411 -7.907798
v 4.134019 0.243670 -7.907798
v 4.133298 0.242497 -7.908001
v 4.134264 0.242756 -7.908001
v 4.133698 0.244864 -7.882763
v 4.132733 0.244606 -7.882763
v 4.135068 0.239756 -7.881840
v 4.134102 0.239497 -7.881840
v 4.135068 0.239756 -7.903742
v 4.134102 0.239497 -7.903742
v 4.134859 0.240534 -7.906965
v 4.133893 0.240275 -7.906965
v 4.134050 0.239691 -7.905640
v 4.135015 0.239950 -7.905640
v 4.133647 0.241195 -7.907728
v 4.134613 0.241454 -7.907728
v 4.127674 0.267351 -7.908513
v 4.127674 0.267351 -7.874859
v 4.130262 0.257690 -7.873162
v 4.131203 0.254179 -7.909750
v 4.131399 0.253448 -7.908978
v 4.132508 0.249308 -7.915009
v 4.130010 0.258634 -7.921855
v 4.130531 0.256687 -7.909904
v 4.130514 0.256750 -7.921702
v 4.130783 0.255747 -7.910131
v 4.130960 0.255087 -7.921252
v 4.130262 0.257690 -7.907190
v 4.130290 0.257586 -7.908280
v 4.127820 0.266805 -7.914100
v 4.130374 0.257273 -7.909234
v 4.128260 0.265165 -7.918317
v 4.130400 0.257179 -7.909410
v 4.128832 0.263028 -7.920609
v 4.129526 0.260439 -7.921684
v 4.131528 0.252966 -7.907734
v 4.131571 0.252808 -7.906331
v 4.131571 0.252808 -7.872297
v 4.136578 0.234121 -7.916364
v 4.132203 0.250447 -7.917485
v 4.131974 0.251301 -7.918633
v 4.131018 0.254872 -7.910033
v 4.131691 0.252360 -7.919673
v 4.131351 0.253625 -7.920555
v 4.132859 0.247999 -7.917453
v 4.133134 0.246973 -7.918435
v 4.133662 0.245003 -7.919448
v 4.136079 0.235983 -7.918033
v 4.135521 0.238065 -7.919065
v 4.134323 0.242534 -7.919785
v 4.137338 0.231286 -7.910925
v 4.137002 0.232536 -7.914015
v 4.137628 0.230204 -7.868161
v 4.137554 0.230476 -7.906963
v 4.131237 0.250189 -7.917485
v 4.131008 0.251042 -7.918633
v 4.130725 0.252101 -7.919673
v 4.130385 0.253366 -7.920555
v 4.129993 0.254828 -7.921252
v 4.129548 0.256491 -7.921702
v 4.129044 0.258375 -7.921855
v 4.128560 0.260180 -7.921684
v 4.127866 0.262769 -7.920609
v 4.127294 0.264906 -7.918317
v 4.126854 0.266546 -7.914100
v 4.126708 0.267092 -7.908513
v 4.126708 0.267092 -7.874859
v 4.129296 0.257431 -7.873162
v 4.129296 0.257431 -7.907190
v 4.129324 0.257327 -7.908280
v 4.129408 0.257014 -7.909234
v 4.129434 0.256920 -7.909410
v 4.129565 0.256429 -7.909904
v 4.129817 0.255488 -7.910131
v 4.130052 0.254613 -7.910033
v 4.130238 0.253920 -7.909750
v 4.130433 0.253189 -7.908978
v 4.130562 0.252707 -7.907734
v 4.130605 0.252550 -7.906331
v 4.130605 0.252550 -7.872297
v 4.136662 0.229945 -7.868161
v 4.136588 0.230217 -7.906963
v 4.136372 0.231027 -7.910925
v 4.136037 0.232277 -7.914015
v 4.135612 0.233863 -7.916364
v 4.135113 0.235724 -7.918033
v 4.134555 0.237806 -7.919065
v 4.133357 0.242276 -7.919785
v 4.132696 0.244744 -7.919448
v 4.132168 0.246714 -7.918435
v 4.131893 0.247740 -7.917453
v 4.131542 0.249049 -7.915009
v 4.135067 0.239757 -8.154030
v 4.135067 0.239757 -8.124885
v 4.137627 0.230205 -8.115514
v 4.130581 0.256502 -8.133416
v 4.129823 0.259331 -8.122409
v 4.130868 0.255429 -8.132946
v 4.130498 0.256810 -8.121633
v 4.131081 0.254635 -8.132874
v 4.130261 0.257692 -8.137475
v 4.130261 0.257692 -8.164143
v 4.127673 0.267352 -8.173579
v 4.134681 0.241199 -8.169978
v 4.134221 0.242917 -8.158625
v 4.134407 0.242223 -8.158566
v 4.137558 0.230461 -8.156062
v 4.134935 0.240251 -8.157043
v 4.137351 0.231236 -8.160033
v 4.134725 0.241038 -8.158062
v 4.136551 0.234222 -8.166019
v 4.135395 0.238536 -8.169203
v 4.127740 0.267104 -8.135487
v 4.130395 0.257194 -8.134327
v 4.127941 0.266352 -8.131556
v 4.128727 0.263420 -8.125552
v 4.133461 0.245753 -8.128346
v 4.133625 0.245139 -8.134022
v 4.131643 0.252537 -8.136040
v 4.131228 0.254083 -8.121373
v 4.132207 0.250432 -8.122136
v 4.131322 0.253735 -8.133093
v 4.132969 0.247588 -8.124420
v 4.131496 0.253085 -8.133742
v 4.131523 0.252986 -8.133924
v 4.133965 0.243870 -8.158410
v 4.132217 0.250392 -8.166987
v 4.133793 0.244515 -8.157828
v 4.131789 0.251993 -8.162989
v 4.133728 0.244757 -8.157387
v 4.133907 0.244088 -8.170238
v 4.133726 0.244762 -8.170216
v 4.132789 0.248263 -8.169128
v 4.133625 0.245139 -8.155006
v 4.131646 0.252527 -8.157477
v 4.136385 0.230977 -8.160033
v 4.135585 0.233963 -8.166019
v 4.134429 0.238277 -8.169203
v 4.133715 0.240941 -8.169978
v 4.132941 0.243829 -8.170238
v 4.132760 0.244503 -8.170216
v 4.131823 0.248004 -8.169128
v 4.131252 0.250133 -8.166987
v 4.130823 0.251734 -8.162989
v 4.130680 0.252268 -8.157477
v 4.130677 0.252279 -8.136040
v 4.130557 0.252727 -8.133924
v 4.130530 0.252827 -8.133742
v 4.130356 0.253476 -8.133093
v 4.130116 0.254376 -8.132874
v 4.129902 0.255170 -8.132946
v 4.129615 0.256244 -8.133416
v 4.129429 0.256935 -8.134327
v 4.129296 0.257433 -8.137475
v 4.129296 0.257433 -8.164143
v 4.126707 0.267093 -8.173579
v 4.126707 0.267093 -8.140170
v 4.126774 0.266845 -8.135487
v 4.126975 0.266093 -8.131556
v 4.127761 0.263161 -8.125552
v 4.128857 0.259072 -8.122409
v 4.129532 0.256551 -8.121633
v 4.130262 0.253824 -8.121373
v 4.131241 0.250173 -8.122136
v 4.132003 0.247329 -8.124420
v 4.132495 0.245494 -8.128346
v 4.132659 0.244880 -8.134022
v 4.132659 0.244880 -8.155006
v 4.132762 0.244498 -8.157387
v 4.132827 0.244256 -8.157828
v 4.132999 0.243611 -8.158410
v 4.133255 0.242659 -8.158625
v 4.133441 0.241964 -8.158566
v 4.133759 0.240779 -8.158062
v 4.133969 0.239992 -8.157043
v 4.134102 0.239499 -8.154030
v 4.134102 0.239499 -8.124885
v 4.136661 0.229946 -8.115514
v 4.136592 0.230203 -8.156062
v 4.127673 0.267352 -8.222208
v 4.127673 0.267352 -8.178514
v 4.130261 0.257692 -8.187027
v 4.130261 0.257692 -8.168973
v 4.130261 0.257692 -8.212666
v 4.130261 0.257692 -8.198982
v 4.137627 0.230205 -8.193928
v 4.137627 0.230205 -8.182027
v 4.126707 0.267093 -8.178514
v 4.126707 0.267093 -8.222208
v 4.129296 0.257433 -8.168973
v 4.129296 0.257433 -8.187027
v 4.136661 0.229946 -8.182027
v 4.136661 0.229946 -8.193928
v 4.129296 0.257433 -8.198982
v 4.129296 0.257433 -8.212666
v 4.128300 0.261149 -8.216337
v 4.137627 0.230205 -8.268678
v 4.137627 0.230205 -8.280574
v 4.132539 0.249196 -8.272125
v 4.134993 0.240035 -8.282361
v 4.134993 0.240035 -8.300640
v 4.137627 0.230205 -8.307424
v 4.137627 0.230205 -8.323343
v 4.129221 0.261578 -8.323919
v 4.130799 0.255687 -8.312582
v 4.130156 0.258090 -8.325368
v 4.131223 0.254105 -8.313005
v 4.131804 0.251936 -8.324868
v 4.127673 0.267352 -8.275423
v 4.130261 0.257692 -8.273673
v 4.127707 0.267228 -8.310964
v 4.130274 0.257646 -8.308310
v 4.127806 0.266857 -8.314062
v 4.130482 0.256871 -8.311284
v 4.127995 0.266151 -8.317051
v 4.130499 0.256808 -8.311399
v 4.128291 0.265048 -8.319752
v 4.128697 0.263529 -8.322074
v 4.133075 0.247196 -8.322116
v 4.131690 0.252363 -8.312603
v 4.133907 0.244087 -8.318172
v 4.132153 0.250634 -8.311028
v 4.134382 0.242314 -8.313112
v 4.132298 0.250094 -8.310066
v 4.132539 0.249196 -8.305582
v 4.134874 0.240479 -8.314927
v 4.133908 0.240220 -8.314927
v 4.133416 0.242055 -8.313112
v 4.132941 0.243828 -8.318172
v 4.132109 0.246937 -8.322116
v 4.130838 0.251677 -8.324868
v 4.129189 0.257831 -8.325368
v 4.128255 0.261319 -8.323919
v 4.127731 0.263271 -8.322074
v 4.127325 0.264789 -8.319752
v 4.127029 0.265893 -8.317051
v 4.126841 0.266598 -8.314062
v 4.126740 0.266969 -8.310964
v 4.126707 0.267093 -8.307941
v 4.126707 0.267093 -8.275423
v 4.129296 0.257433 -8.273673
v 4.129309 0.257387 -8.308310
v 4.129516 0.256612 -8.311284
v 4.129533 0.256549 -8.311399
v 4.129833 0.255428 -8.312582
v 4.130257 0.253847 -8.313005
v 4.130724 0.252104 -8.312603
v 4.131187 0.250375 -8.311028
v 4.131331 0.249835 -8.310066
v 4.131573 0.248937 -8.305582
v 4.131573 0.248937 -8.272125
v 4.136661 0.229946 -8.268678
v 4.136661 0.229946 -8.280574
v 4.134027 0.239776 -8.282361
v 4.134027 0.239776 -8.300640
v 4.136661 0.229946 -8.307424
v 4.136661 0.229946 -8.323343
v 4.132670 0.248701 -7.854973
v 4.132598 0.248975 -7.855000
v 4.131705 0.248443 -7.854973
v 4.131632 0.248716 -7.855000
v 4.130291 0.257584 -7.846652
v 4.129325 0.257325 -7.846652
v 4.129385 0.257101 -7.848739
v 4.130351 0.257360 -7.848739
v 4.129838 0.255411 -7.852278
v 4.130803 0.255670 -7.852278
v 4.130620 0.252493 -7.854469
v 4.131585 0.252752 -7.854469
v 4.130291 0.257584 -7.839421
v 4.129325 0.257325 -7.839421
v 4.132598 0.248975 -7.829238
v 4.131632 0.248716 -7.829238
v 4.130484 0.253000 -7.830917
v 4.131450 0.253259 -7.830917
v 4.129623 0.256209 -7.834732
v 4.130589 0.256468 -7.834732
v 4.132670 0.248701 -7.829206
v 4.131705 0.248443 -7.829206
v 4.134977 0.240093 -7.837553
v 4.134011 0.239834 -7.837553
v 4.133952 0.240054 -7.835482
v 4.134918 0.240313 -7.835482
v 4.133500 0.241742 -7.831937
v 4.134466 0.242000 -7.831937
v 4.132718 0.244661 -7.829741
v 4.133684 0.244920 -7.829741
v 4.134977 0.240093 -7.844795
v 4.134011 0.239834 -7.844795
v 4.133714 0.240947 -7.849472
v 4.132854 0.244157 -7.853290
v 4.133819 0.244416 -7.853290
v 4.134680 0.241205 -7.849472
v 4.137636 0.230169 -7.834538
v 4.137628 0.230204 -7.846929
v 4.136858 0.233075 -7.856693
v 4.134960 0.240158 -7.864373
v 4.132713 0.248542 -7.867439
v 4.137081 0.232244 -7.825615
v 4.135674 0.237496 -7.819503
v 4.133623 0.245146 -7.816682
v 4.127629 0.267517 -7.849673
v 4.127639 0.267482 -7.837270
v 4.128409 0.264605 -7.827507
v 4.130308 0.257518 -7.819832
v 4.132555 0.249134 -7.816771
v 4.132713 0.248542 -7.816707
v 4.132555 0.249134 -7.867509
v 4.131644 0.252533 -7.867532
v 4.129593 0.260189 -7.864707
v 4.128184 0.265444 -7.858591
v 4.126663 0.267259 -7.838508
v 4.126663 0.267259 -7.849673
v 4.126673 0.267223 -7.837270
v 4.127443 0.264346 -7.827507
v 4.129343 0.257259 -7.819832
v 4.131589 0.248876 -7.816771
v 4.131748 0.248283 -7.816707
v 4.132658 0.244887 -7.816682
v 4.134707 0.237237 -7.819503
v 4.136115 0.231985 -7.825615
v 4.136671 0.229910 -7.834538
v 4.136662 0.229945 -7.846929
v 4.135892 0.232817 -7.856693
v 4.133994 0.239899 -7.864373
v 4.131748 0.248283 -7.867439
v 4.131589 0.248876 -7.867509
v 4.130678 0.252274 -7.867532
v 4.128627 0.259930 -7.864707
v 4.127219 0.265185 -7.858591
v 4.132670 0.248701 -7.963539
v 4.132598 0.248975 -7.963577
v 4.131705 0.248443 -7.963539
v 4.131632 0.248716 -7.963577
v 4.130291 0.257584 -7.955225
v 4.129325 0.257325 -7.955225
v 4.129383 0.257106 -7.957285
v 4.130349 0.257365 -7.957285
v 4.129835 0.255421 -7.960835
v 4.130801 0.255680 -7.960835
v 4.130618 0.252500 -7.963037
v 4.131583 0.252759 -7.963037
v 4.130291 0.257584 -7.947988
v 4.129325 0.257325 -7.947988
v 4.132598 0.248975 -7.937805
v 4.131632 0.248716 -7.937805
v 4.130484 0.253000 -7.939487
v 4.131450 0.253259 -7.939487
v 4.129623 0.256210 -7.943305
v 4.130589 0.256469 -7.943305
v 4.132670 0.248701 -7.937778
v 4.131705 0.248443 -7.937778
v 4.134977 0.240093 -7.946125
v 4.134011 0.239834 -7.946125
v 4.133952 0.240057 -7.944040
v 4.134917 0.240316 -7.944040
v 4.133499 0.241748 -7.940500
v 4.134464 0.242007 -7.940500
v 4.132716 0.244668 -7.938308
v 4.133682 0.244927 -7.938308
v 4.134977 0.240093 -7.953362
v 4.134011 0.239834 -7.953362
v 4.133713 0.240948 -7.958045
v 4.132854 0.244156 -7.961859
v 4.133820 0.244415 -7.961859
v 4.134679 0.241207 -7.958045
v 4.137636 0.230169 -7.943104
v 4.137628 0.230202 -7.955468
v 4.136858 0.233074 -7.965259
v 4.134966 0.240137 -7.972928
v 4.132713 0.248542 -7.976007
v 4.137081 0.232244 -7.934182
v 4.135674 0.237496 -7.928070
v 4.133623 0.245146 -7.925249
v 4.127629 0.267517 -7.958240
v 4.127639 0.267483 -7.945849
v 4.128407 0.264612 -7.936089
v 4.130306 0.257526 -7.928407
v 4.132555 0.249134 -7.925338
v 4.132713 0.248542 -7.925274
v 4.132555 0.249134 -7.976076
v 4.131644 0.252533 -7.976099
v 4.129593 0.260189 -7.973273
v 4.128184 0.265444 -7.967158
v 4.131589 0.248876 -7.976076
v 4.130678 0.252274 -7.976099
v 4.128627 0.259930 -7.973273
v 4.127219 0.265185 -7.967158
v 4.126667 0.267245 -7.958991
v 4.126663 0.267259 -7.958240
v 4.126663 0.267259 -7.947075
v 4.126673 0.267224 -7.945849
v 4.127441 0.264353 -7.936089
v 4.129340 0.257267 -7.928407
v 4.131589 0.248876 -7.925338
v 4.131748 0.248283 -7.925274
v 4.132658 0.244887 -7.925249
v 4.134707 0.237237 -7.928070
v 4.136115 0.231985 -7.934182
v 4.136671 0.229910 -7.943104
v 4.136662 0.229943 -7.955468
v 4.135892 0.232815 -7.965259
v 4.134000 0.239878 -7.972928
v 4.131748 0.248283 -7.976007
v 4.135067 0.239757 -8.075740
v 4.137627 0.230205 -8.066773
v 4.127673 0.267352 -8.091761
v 4.127673 0.267352 -8.076733
v 4.128531 0.264151 -8.078653
v 4.131021 0.254862 -8.084129
v 4.137627 0.230205 -8.047513
v 4.137627 0.230205 -8.061597
v 4.137627 0.230205 -8.111497
v 4.135097 0.239649 -8.092177
v 4.134130 0.239390 -8.092177
v 4.134102 0.239499 -8.075740
v 4.136661 0.229946 -8.066773
v 4.136661 0.229946 -8.111497
v 4.126707 0.267093 -8.091761
v 4.126707 0.267093 -8.076733
v 4.127565 0.263892 -8.078653
v 4.136661 0.229946 -8.047513
v 4.136661 0.229946 -8.061597
v 4.130054 0.254603 -8.084129
v 4.130261 0.257692 -8.261969
v 4.129296 0.257433 -8.261969
v 4.127673 0.267352 -8.271458
v 4.126708 0.267093 -8.271457
v 4.126707 0.267093 -8.226995
v 4.127673 0.267352 -8.226995
v 4.126707 0.267093 -8.270288
v 4.130261 0.257692 -8.217506
v 4.129296 0.257433 -8.217506
v 4.131453 0.253249 -8.223444
v 4.130486 0.252990 -8.223444
v 4.133714 0.244810 -8.215166
v 4.132428 0.245744 -8.216337
v 4.132748 0.244551 -8.215166
v 4.133714 0.244810 -8.260839
v 4.131453 0.253249 -8.269117
v 4.132748 0.244551 -8.260839
v 4.130486 0.252990 -8.269117
v 4.130457 0.253100 -8.029642
v 4.131423 0.253359 -8.029642
v 4.137628 0.230203 -8.031659
v 4.136662 0.229945 -8.031659
v 4.137628 0.230203 -8.043502
v 4.136662 0.229945 -8.043502
v 4.127674 0.267351 -8.039179
v 4.126708 0.267092 -8.039179
v 4.126708 0.267092 -8.023900
v 4.127674 0.267351 -8.023900
v 4.128735 0.263392 -8.026279
v 4.127769 0.263133 -8.026279
v 4.133388 0.242163 -8.010504
v 4.134354 0.242422 -8.010504
v 4.127674 0.267351 -8.000866
v 4.126708 0.267092 -8.000866
v 4.131423 0.253360 -7.994862
v 4.129028 0.262294 -7.988329
v 4.137628 0.230203 -7.972730
v 4.137628 0.230203 -7.984401
v 4.127674 0.267351 -7.985282
v 4.137628 0.230203 -8.003091
v 4.137628 0.230203 -8.012900
v 4.126708 0.267092 -7.985282
v 4.128063 0.262035 -7.988329
v 4.136662 0.229945 -7.972730
v 4.136662 0.229945 -7.984401
v 4.130457 0.253101 -7.994862
v 4.136662 0.229945 -8.003091
v 4.136662 0.229945 -8.012900
v 2.688465 0.200002 -7.945003
v 2.688465 0.200002 -8.145002
v 2.688465 0.397002 -7.945003
v 2.688465 0.397002 -8.145002
v 2.788465 0.200002 -7.945003
v 2.788465 0.397002 -7.945003
v 2.788465 0.397002 -8.145002
v 2.788465 0.200002 -8.145002
v 3.330470 0.407002 -8.071152
v 3.316348 0.407002 -8.083973
v 3.332819 0.407002 -8.022502
v 3.338847 0.407002 -8.045002
v 3.332819 0.407002 -8.067502
v 3.271348 0.407002 -8.006031
v 3.293848 0.407002 -8.000002
v 3.316348 0.407002 -8.006031
v 3.254876 0.407002 -8.067502
v 3.248848 0.407002 -8.045002
v 3.254876 0.407002 -8.022502
v 3.293848 0.407002 -8.090002
v 3.271348 0.407002 -8.083973
v 3.330470 0.397002 -8.018852
v 3.316348 0.397002 -8.006031
v 3.293848 0.397002 -8.000002
v 3.271348 0.397002 -8.006031
v 3.254876 0.397002 -8.022502
v 3.248848 0.397002 -8.045002
v 3.254876 0.397002 -8.067502
v 3.271348 0.397002 -8.083973
v 3.293848 0.397002 -8.090002
v 3.316348 0.397002 -8.083973
v 3.332819 0.397002 -8.067502
v 3.332819 0.397002 -8.022502
v 3.338847 0.397002 -8.045002
v 2.588466 0.397002 -7.530745
v 2.535680 0.200002 -7.500269
v 3.201179 0.397002 -7.176995
v 3.201179 0.200002 -7.116043
v 3.975874 0.327082 -7.424026
v 3.975874 0.327082 -7.602632
v 3.810139 0.327082 -7.328338
v 3.732800 0.327082 -7.462293
v 3.604231 0.327082 -7.388063
v 3.681569 0.327082 -7.254109
v 3.662513 0.327082 -7.421712
v 3.739851 0.327082 -7.287758
v 3.335938 0.327082 -7.233165
v 3.490616 0.327082 -7.143862
v 3.533944 0.327082 -7.347483
v 3.611282 0.327082 -7.213529
v 3.490616 0.200002 -7.104544
v 3.335938 0.200002 -7.193847
v 3.628307 0.200002 -7.184040
v 3.642985 0.200002 -7.158617
v 3.623196 0.347716 -7.192894
v 3.531179 0.347716 -7.352272
v 3.713272 0.200002 -7.199198
v 3.693482 0.347716 -7.233475
v 3.601466 0.347716 -7.392852
v 3.698595 0.200002 -7.224620
v 3.756877 0.200002 -7.258269
v 3.771554 0.200002 -7.232847
v 3.751764 0.347716 -7.267124
v 3.659748 0.347716 -7.426501
v 3.841841 0.200002 -7.273427
v 3.822051 0.347716 -7.307704
v 3.730035 0.347716 -7.467081
v 3.827164 0.200002 -7.298850
v 4.009925 0.200002 -7.404366
v 4.009925 0.200002 -7.582973
v 4.091898 0.397002 -7.691252
v 4.144685 0.200002 -7.660776
v 4.126685 0.267176 -7.671168
v 4.091898 0.397002 -8.398752
v 3.201179 0.397002 -8.913010
v 2.588466 0.397002 -8.559259
v 4.126685 0.267176 -8.270288
v 4.126685 0.267176 -8.418837
v 4.144685 0.200002 -8.429229
v 4.126708 0.267093 -8.045507
v 4.126685 0.267176 -8.113505
v 4.126708 0.267093 -7.923446
v 4.126708 0.267093 -7.867954
v 4.144685 0.200002 -8.267502
v 3.735807 0.200002 -8.877796
v 3.665520 0.200002 -8.918377
v 3.716017 0.347716 -8.843519
v 3.645730 0.347716 -8.884100
v 3.490616 0.200002 -8.985461
v 3.490616 0.327082 -8.946142
v 3.650843 0.200002 -8.892954
v 3.633817 0.327082 -8.863465
v 3.335938 0.327082 -8.856840
v 3.335938 0.200002 -8.896158
v 3.556479 0.327082 -8.729511
v 3.553714 0.347716 -8.724723
v 3.624001 0.347716 -8.684143
v 3.721129 0.200002 -8.852374
v 3.704104 0.327082 -8.822886
v 3.779411 0.200002 -8.818726
v 3.762385 0.327082 -8.789236
v 3.626765 0.327082 -8.688931
v 3.685047 0.327082 -8.655282
v 3.975874 0.327082 -8.487373
v 3.975874 0.327082 -8.665979
v 3.755334 0.327082 -8.614701
v 3.832673 0.327082 -8.748656
v 4.009925 0.200002 -8.685638
v 4.009925 0.200002 -8.507032
v 3.849698 0.200002 -8.778145
v 3.864376 0.200002 -8.803567
v 3.844586 0.347716 -8.769290
v 3.752570 0.347716 -8.609913
v 3.794088 0.200002 -8.844148
v 3.774299 0.347716 -8.809871
v 3.682282 0.347716 -8.650494
v 3.201179 0.200002 -8.973962
v 2.535680 0.200002 -8.589735
v 25.626932 0.239757 -7.868076
v 25.627897 0.239499 -7.868076
v 25.624372 0.230205 -7.877512
v 25.625340 0.229946 -7.877512
v 25.624372 0.230205 -7.833103
v 25.626932 0.239757 -7.823678
v 25.625340 0.229946 -7.833103
v 25.627897 0.239499 -7.823678
v 25.628674 0.246261 -8.280585
v 25.630161 0.251814 -8.276952
v 25.631830 0.258039 -8.276399
v 25.627756 0.242833 -8.286537
v 25.630775 0.254106 -8.288774
v 25.627617 0.242314 -8.288661
v 25.630314 0.252382 -8.289164
v 25.634327 0.267352 -8.326393
v 25.631737 0.257692 -8.328100
v 25.634293 0.267228 -8.290815
v 25.631725 0.257646 -8.293468
v 25.634193 0.266857 -8.287716
v 25.631517 0.256871 -8.290494
v 25.634003 0.266151 -8.284727
v 25.631500 0.256808 -8.290380
v 25.633709 0.265048 -8.282022
v 25.631199 0.255687 -8.289197
v 25.633301 0.263529 -8.279704
v 25.632778 0.261578 -8.277859
v 25.627007 0.240035 -8.301139
v 25.627125 0.240479 -8.286852
v 25.624372 0.230205 -8.294355
v 25.624372 0.230205 -8.278436
v 25.624372 0.230205 -8.333101
v 25.624372 0.230205 -8.321205
v 25.629459 0.249196 -8.329654
v 25.627007 0.240035 -8.319417
v 25.629459 0.249196 -8.296197
v 25.629704 0.250101 -8.291697
v 25.629839 0.250608 -8.290783
v 25.633743 0.261319 -8.277859
v 25.634268 0.263271 -8.279704
v 25.634674 0.264789 -8.282022
v 25.634970 0.265893 -8.284727
v 25.635159 0.266598 -8.287716
v 25.635258 0.266969 -8.290815
v 25.635292 0.267093 -8.326393
v 25.632702 0.257433 -8.328100
v 25.632690 0.257387 -8.293468
v 25.632484 0.256612 -8.290494
v 25.632465 0.256549 -8.290380
v 25.632166 0.255428 -8.289197
v 25.631742 0.253847 -8.288774
v 25.631279 0.252123 -8.289164
v 25.630806 0.250349 -8.290783
v 25.630669 0.249842 -8.291697
v 25.630426 0.248937 -8.296197
v 25.630426 0.248937 -8.329654
v 25.625340 0.229946 -8.333101
v 25.625340 0.229946 -8.321205
v 25.627972 0.239776 -8.319417
v 25.627972 0.239776 -8.301139
v 25.625340 0.229946 -8.294355
v 25.625340 0.229946 -8.278436
v 25.628090 0.240220 -8.286852
v 25.628582 0.242055 -8.288661
v 25.628723 0.242574 -8.286537
v 25.629641 0.246002 -8.280585
v 25.631128 0.251555 -8.276952
v 25.632797 0.257780 -8.276399
v 25.629265 0.244604 -8.185132
v 25.628300 0.244862 -8.185132
v 25.629164 0.244224 -8.183103
v 25.628197 0.244483 -8.183103
v 25.629108 0.244021 -8.182749
v 25.628143 0.244280 -8.182749
v 25.628946 0.243411 -8.182207
v 25.627979 0.243670 -8.182207
v 25.628700 0.242497 -8.182004
v 25.627735 0.242756 -8.182004
v 25.628300 0.244864 -8.207242
v 25.629265 0.244606 -8.207242
v 25.626930 0.239756 -8.208165
v 25.627897 0.239497 -8.208165
v 25.626930 0.239756 -8.186262
v 25.627897 0.239497 -8.186262
v 25.627140 0.240534 -8.183039
v 25.628105 0.240275 -8.183039
v 25.627949 0.239691 -8.184364
v 25.626984 0.239950 -8.184364
v 25.628353 0.241195 -8.182276
v 25.627386 0.241454 -8.182276
v 25.634325 0.267351 -8.181491
v 25.634325 0.267351 -8.215146
v 25.631737 0.257690 -8.216843
v 25.630796 0.254179 -8.180254
v 25.630600 0.253448 -8.181026
v 25.629490 0.249308 -8.174995
v 25.630470 0.252966 -8.182270
v 25.625422 0.234121 -8.173641
v 25.631989 0.258634 -8.168149
v 25.631468 0.256687 -8.180101
v 25.631485 0.256750 -8.168303
v 25.631216 0.255747 -8.179874
v 25.631039 0.255087 -8.168752
v 25.631737 0.257690 -8.182815
v 25.631710 0.257586 -8.181725
v 25.634178 0.266805 -8.175905
v 25.631626 0.257273 -8.180771
v 25.633739 0.265165 -8.171687
v 25.631599 0.257179 -8.180594
v 25.633167 0.263028 -8.169396
v 25.632473 0.260439 -8.168321
v 25.629139 0.247999 -8.172551
v 25.628864 0.246973 -8.171570
v 25.628338 0.245003 -8.170557
v 25.625919 0.235983 -8.171972
v 25.626478 0.238065 -8.170940
v 25.627676 0.242534 -8.170219
v 25.624660 0.231286 -8.179079
v 25.624996 0.232536 -8.175989
v 25.629795 0.250447 -8.172520
v 25.630024 0.251301 -8.171371
v 25.630981 0.254872 -8.179971
v 25.630308 0.252360 -8.170332
v 25.630648 0.253625 -8.169450
v 25.630428 0.252808 -8.183674
v 25.630428 0.252808 -8.217708
v 25.624371 0.230204 -8.221844
v 25.624445 0.230476 -8.183041
v 25.630762 0.250189 -8.172520
v 25.630991 0.251042 -8.171371
v 25.631275 0.252101 -8.170332
v 25.631615 0.253366 -8.169450
v 25.632006 0.254828 -8.168752
v 25.632450 0.256491 -8.168303
v 25.632956 0.258375 -8.168149
v 25.633438 0.260180 -8.168321
v 25.634132 0.262769 -8.169396
v 25.634705 0.264906 -8.171687
v 25.635145 0.266546 -8.175905
v 25.635292 0.267092 -8.181491
v 25.635292 0.267092 -8.215146
v 25.632702 0.257431 -8.216843
v 25.632702 0.257431 -8.182815
v 25.632675 0.257327 -8.181725
v 25.632591 0.257014 -8.180771
v 25.632565 0.256920 -8.180594
v 25.632435 0.256429 -8.180101
v 25.632183 0.255488 -8.179874
v 25.631947 0.254613 -8.179971
v 25.631762 0.253920 -8.180254
v 25.631565 0.253189 -8.181026
v 25.631437 0.252707 -8.182270
v 25.631393 0.252550 -8.183674
v 25.631393 0.252550 -8.217708
v 25.625338 0.229945 -8.221844
v 25.625412 0.230217 -8.183041
v 25.625628 0.231027 -8.179079
v 25.625961 0.232277 -8.175989
v 25.626389 0.233863 -8.173641
v 25.626886 0.235724 -8.171972
v 25.627445 0.237806 -8.170940
v 25.628643 0.242276 -8.170219
v 25.629303 0.244744 -8.170557
v 25.629831 0.246714 -8.171570
v 25.630106 0.247740 -8.172551
v 25.630457 0.249049 -8.174995
v 25.626932 0.239757 -7.935975
v 25.626932 0.239757 -7.965119
v 25.624372 0.230205 -7.974491
v 25.631418 0.256502 -7.956589
v 25.632175 0.259331 -7.967596
v 25.631130 0.255429 -7.957058
v 25.631500 0.256810 -7.968372
v 25.630919 0.254635 -7.957130
v 25.631737 0.257692 -7.952530
v 25.631737 0.257692 -7.925861
v 25.634327 0.267352 -7.916426
v 25.627319 0.241199 -7.920026
v 25.627777 0.242917 -7.931380
v 25.627592 0.242223 -7.931438
v 25.624441 0.230461 -7.933943
v 25.627064 0.240251 -7.932962
v 25.624649 0.231236 -7.929971
v 25.627274 0.241038 -7.931942
v 25.625448 0.234222 -7.923985
v 25.626604 0.238536 -7.920802
v 25.634258 0.267104 -7.954518
v 25.631603 0.257194 -7.955678
v 25.634058 0.266352 -7.958448
v 25.633272 0.263420 -7.964452
v 25.628538 0.245753 -7.961658
v 25.628374 0.245139 -7.955983
v 25.630356 0.252537 -7.953965
v 25.630772 0.254083 -7.968631
v 25.629791 0.250432 -7.967868
v 25.630676 0.253735 -7.956912
v 25.629030 0.247588 -7.965584
v 25.630503 0.253085 -7.956262
v 25.630476 0.252986 -7.956081
v 25.628033 0.243870 -7.931595
v 25.629782 0.250392 -7.923017
v 25.628206 0.244515 -7.932177
v 25.630211 0.251993 -7.927015
v 25.628271 0.244757 -7.932617
v 25.628092 0.244088 -7.919766
v 25.628273 0.244762 -7.919789
v 25.629211 0.248263 -7.920876
v 25.628374 0.245139 -7.934999
v 25.630352 0.252527 -7.932527
v 25.625614 0.230977 -7.929971
v 25.626415 0.233963 -7.923985
v 25.627571 0.238277 -7.920802
v 25.628284 0.240941 -7.920026
v 25.629059 0.243829 -7.919766
v 25.629238 0.244503 -7.919789
v 25.630177 0.248004 -7.920876
v 25.630747 0.250133 -7.923017
v 25.631176 0.251734 -7.927015
v 25.631319 0.252268 -7.932527
v 25.631321 0.252279 -7.953965
v 25.631443 0.252727 -7.956081
v 25.631470 0.252827 -7.956262
v 25.631643 0.253476 -7.956912
v 25.631884 0.254376 -7.957130
v 25.632097 0.255170 -7.957058
v 25.632385 0.256244 -7.956589
v 25.632570 0.256935 -7.955678
v 25.632702 0.257433 -7.952530
v 25.632702 0.257433 -7.925861
v 25.635292 0.267093 -7.916426
v 25.635292 0.267093 -7.949835
v 25.635225 0.266845 -7.954518
v 25.635025 0.266093 -7.958448
v 25.634239 0.263161 -7.964452
v 25.633142 0.259072 -7.967596
v 25.632467 0.256551 -7.968372
v 25.631737 0.253824 -7.968631
v 25.630758 0.250173 -7.967868
v 25.629997 0.247329 -7.965584
v 25.629505 0.245494 -7.961658
v 25.629341 0.244880 -7.955983
v 25.629341 0.244880 -7.934999
v 25.629238 0.244498 -7.932617
v 25.629173 0.244256 -7.932177
v 25.629000 0.243611 -7.931595
v 25.628744 0.242659 -7.931380
v 25.628559 0.241964 -7.931438
v 25.628241 0.240779 -7.931942
v 25.628029 0.239992 -7.932962
v 25.627897 0.239499 -7.935975
v 25.627897 0.239499 -7.965119
v 25.625340 0.229946 -7.974491
v 25.625408 0.230203 -7.933943
v 25.634327 0.267352 -7.867796
v 25.634327 0.267352 -7.911489
v 25.631737 0.257692 -7.902977
v 25.631737 0.257692 -7.921032
v 25.631737 0.257692 -7.877339
v 25.631737 0.257692 -7.891023
v 25.624372 0.230205 -7.896077
v 25.624372 0.230205 -7.907978
v 25.635292 0.267093 -7.911489
v 25.635292 0.267093 -7.867797
v 25.632702 0.257433 -7.921032
v 25.632702 0.257433 -7.902977
v 25.625340 0.229946 -7.907978
v 25.625340 0.229946 -7.896077
v 25.632702 0.257433 -7.891023
v 25.632702 0.257433 -7.877339
v 25.624372 0.230205 -7.821327
v 25.624372 0.230205 -7.809431
v 25.629459 0.249196 -7.817880
v 25.627007 0.240035 -7.807643
v 25.627007 0.240035 -7.789364
v 25.624372 0.230205 -7.782581
v 25.624372 0.230205 -7.766662
v 25.632778 0.261578 -7.766085
v 25.631199 0.255687 -7.777422
v 25.631844 0.258090 -7.764636
v 25.630775 0.254105 -7.776999
v 25.630196 0.251936 -7.765137
v 25.634327 0.267352 -7.814581
v 25.631737 0.257692 -7.816332
v 25.634293 0.267228 -7.779041
v 25.631725 0.257646 -7.781695
v 25.634193 0.266857 -7.775942
v 25.631517 0.256871 -7.778720
v 25.634003 0.266151 -7.772954
v 25.631500 0.256808 -7.778606
v 25.633709 0.265048 -7.770253
v 25.633301 0.263529 -7.767931
v 25.628925 0.247196 -7.767889
v 25.630310 0.252363 -7.777402
v 25.628092 0.244087 -7.771832
v 25.629847 0.250634 -7.778976
v 25.627617 0.242314 -7.776892
v 25.629702 0.250094 -7.779938
v 25.629459 0.249196 -7.784422
v 25.627396 0.241493 -7.776033
v 25.628363 0.241234 -7.776033
v 25.628582 0.242055 -7.776892
v 25.629059 0.243828 -7.771832
v 25.629890 0.246937 -7.767889
v 25.631161 0.251677 -7.765137
v 25.632809 0.257831 -7.764636
v 25.633743 0.261319 -7.766085
v 25.634268 0.263271 -7.767931
v 25.634674 0.264789 -7.770253
v 25.634970 0.265893 -7.772954
v 25.635159 0.266598 -7.775942
v 25.635258 0.266969 -7.779041
v 25.635292 0.267093 -7.814581
v 25.632702 0.257433 -7.816332
v 25.632690 0.257387 -7.781695
v 25.632484 0.256612 -7.778720
v 25.632465 0.256549 -7.778606
v 25.632166 0.255428 -7.777422
v 25.631742 0.253847 -7.776999
v 25.631275 0.252104 -7.777402
v 25.630812 0.250375 -7.778976
v 25.630669 0.249835 -7.779938
v 25.630426 0.248937 -7.784422
v 25.630426 0.248937 -7.817880
v 25.625340 0.229946 -7.821327
v 25.625340 0.229946 -7.809431
v 25.627972 0.239776 -7.807643
v 25.627972 0.239776 -7.789364
v 25.625340 0.229946 -7.782581
v 25.625340 0.229946 -7.766662
v 25.629330 0.248701 -8.235032
v 25.629402 0.248975 -8.235005
v 25.630295 0.248443 -8.235032
v 25.630367 0.248716 -8.235005
v 25.631708 0.257584 -8.243352
v 25.632675 0.257325 -8.243352
v 25.632614 0.257101 -8.241265
v 25.631649 0.257360 -8.241265
v 25.632160 0.255411 -8.237726
v 25.631195 0.255670 -8.237726
v 25.631378 0.252493 -8.235536
v 25.630413 0.252752 -8.235536
v 25.631708 0.257584 -8.250584
v 25.632675 0.257325 -8.250584
v 25.629402 0.248975 -8.260767
v 25.630367 0.248716 -8.260767
v 25.631516 0.253000 -8.259088
v 25.630550 0.253259 -8.259088
v 25.632376 0.256209 -8.255273
v 25.631409 0.256468 -8.255273
v 25.629330 0.248701 -8.260798
v 25.630295 0.248443 -8.260798
v 25.627022 0.240093 -8.252452
v 25.627987 0.239834 -8.252452
v 25.628048 0.240054 -8.254522
v 25.627081 0.240313 -8.254522
v 25.628498 0.241742 -8.258067
v 25.627533 0.242000 -8.258067
v 25.629280 0.244661 -8.260263
v 25.628315 0.244920 -8.260263
v 25.627022 0.240093 -8.245210
v 25.627987 0.239834 -8.245210
v 25.628284 0.240947 -8.240533
v 25.629147 0.244157 -8.236715
v 25.628181 0.244416 -8.236715
v 25.627319 0.241205 -8.240533
v 25.634369 0.267517 -8.240332
v 25.634361 0.267482 -8.252735
v 25.633591 0.264605 -8.262497
v 25.631691 0.257518 -8.270172
v 25.629444 0.249134 -8.273233
v 25.633816 0.265444 -8.231413
v 25.632406 0.260189 -8.225298
v 25.630356 0.252533 -8.222472
v 25.624363 0.230169 -8.255467
v 25.624371 0.230204 -8.243075
v 25.625141 0.233075 -8.233311
v 25.627039 0.240158 -8.225632
v 25.629286 0.248542 -8.222565
v 25.629444 0.249134 -8.222496
v 25.629286 0.248542 -8.273297
v 25.628376 0.245146 -8.273323
v 25.626326 0.237496 -8.270501
v 25.624918 0.232244 -8.264389
v 25.635336 0.267259 -8.251496
v 25.635336 0.267259 -8.240332
v 25.635326 0.267223 -8.252735
v 25.634556 0.264346 -8.262497
v 25.632656 0.257259 -8.270172
v 25.630409 0.248876 -8.273233
v 25.630251 0.248283 -8.273297
v 25.629341 0.244887 -8.273323
v 25.627293 0.237237 -8.270501
v 25.625885 0.231985 -8.264389
v 25.625328 0.229910 -8.255467
v 25.625338 0.229945 -8.243075
v 25.626106 0.232817 -8.233311
v 25.628006 0.239899 -8.225632
v 25.630251 0.248283 -8.222565
v 25.630409 0.248876 -8.222496
v 25.631321 0.252274 -8.222472
v 25.633373 0.259930 -8.225298
v 25.634781 0.265185 -8.231413
v 25.629330 0.248701 -8.126465
v 25.629402 0.248975 -8.126428
v 25.630295 0.248443 -8.126465
v 25.630367 0.248716 -8.126428
v 25.631708 0.257584 -8.134780
v 25.632675 0.257325 -8.134780
v 25.632616 0.257106 -8.132720
v 25.631649 0.257365 -8.132720
v 25.632164 0.255421 -8.129169
v 25.631199 0.255680 -8.129169
v 25.631382 0.252500 -8.126967
v 25.630417 0.252759 -8.126967
v 25.631708 0.257584 -8.142017
v 25.632675 0.257325 -8.142017
v 25.629402 0.248975 -8.152200
v 25.630367 0.248716 -8.152200
v 25.631516 0.253000 -8.150517
v 25.630550 0.253259 -8.150517
v 25.632376 0.256210 -8.146700
v 25.631409 0.256469 -8.146700
v 25.629330 0.248701 -8.152226
v 25.630295 0.248443 -8.152226
v 25.627022 0.240093 -8.143880
v 25.627987 0.239834 -8.143880
v 25.628048 0.240057 -8.145965
v 25.627083 0.240316 -8.145965
v 25.628500 0.241748 -8.149505
v 25.627535 0.242007 -8.149505
v 25.629284 0.244668 -8.151696
v 25.628317 0.244927 -8.151696
v 25.627022 0.240093 -8.136642
v 25.627987 0.239834 -8.136642
v 25.628286 0.240948 -8.131960
v 25.629147 0.244156 -8.128145
v 25.628180 0.244415 -8.128145
v 25.627319 0.241207 -8.131960
v 25.634369 0.267517 -8.131764
v 25.634361 0.267483 -8.144156
v 25.633591 0.264612 -8.153915
v 25.631693 0.257526 -8.161597
v 25.629444 0.249134 -8.164667
v 25.630356 0.252533 -8.113905
v 25.632406 0.260189 -8.116732
v 25.633816 0.265444 -8.122847
v 25.624363 0.230169 -8.146900
v 25.624371 0.230202 -8.134537
v 25.625141 0.233074 -8.124745
v 25.627033 0.240137 -8.117077
v 25.629286 0.248542 -8.113998
v 25.629444 0.249134 -8.113929
v 25.629286 0.248542 -8.164731
v 25.628376 0.245146 -8.164756
v 25.626326 0.237496 -8.161935
v 25.624918 0.232244 -8.155823
v 25.630409 0.248876 -8.113929
v 25.631321 0.252274 -8.113905
v 25.633373 0.259930 -8.116732
v 25.634781 0.265185 -8.122847
v 25.635332 0.267245 -8.131014
v 25.635336 0.267259 -8.131764
v 25.635326 0.267224 -8.144156
v 25.634558 0.264353 -8.153915
v 25.632660 0.257267 -8.161597
v 25.630409 0.248876 -8.164667
v 25.630251 0.248283 -8.164731
v 25.629341 0.244887 -8.164756
v 25.627293 0.237237 -8.161935
v 25.625885 0.231985 -8.155823
v 25.625328 0.229910 -8.146900
v 25.625338 0.229943 -8.134537
v 25.626106 0.232815 -8.124745
v 25.627998 0.239878 -8.117077
v 25.630251 0.248283 -8.113998
v 25.626932 0.239757 -8.014265
v 25.624372 0.230205 -8.023231
v 25.634327 0.267352 -7.998243
v 25.634327 0.267352 -8.013272
v 25.633469 0.264151 -8.011351
v 25.630978 0.254862 -8.005876
v 25.624372 0.230205 -8.042492
v 25.624372 0.230205 -8.028408
v 25.624372 0.230205 -7.978508
v 25.626904 0.239649 -7.997827
v 25.627869 0.239390 -7.997827
v 25.627897 0.239499 -8.014265
v 25.625340 0.229946 -8.023231
v 25.625340 0.229946 -7.978508
v 25.635292 0.267093 -7.998243
v 25.635292 0.267093 -8.013272
v 25.634434 0.263892 -8.011351
v 25.625340 0.229946 -8.042492
v 25.625340 0.229946 -8.028408
v 25.631945 0.254603 -8.005876
v 25.631737 0.257692 -7.828036
v 25.632702 0.257433 -7.828036
v 25.634327 0.267352 -7.818547
v 25.635292 0.267093 -7.818548
v 25.635292 0.267093 -7.863008
v 25.634327 0.267352 -7.863008
v 25.631737 0.257692 -7.872498
v 25.632702 0.257433 -7.872498
v 25.630547 0.253249 -7.866560
v 25.631512 0.252990 -7.866560
v 25.628284 0.244810 -7.874838
v 25.629251 0.244551 -7.874838
v 25.628284 0.244810 -7.829165
v 25.630547 0.253249 -7.820888
v 25.629251 0.244551 -7.829165
v 25.631512 0.252990 -7.820888
v 25.631542 0.253100 -8.060362
v 25.630577 0.253359 -8.060362
v 25.624371 0.230203 -8.058345
v 25.625338 0.229945 -8.058345
v 25.624371 0.230203 -8.046503
v 25.625338 0.229945 -8.046503
v 25.634325 0.267351 -8.050825
v 25.635292 0.267092 -8.050825
v 25.635292 0.267092 -8.066105
v 25.634325 0.267351 -8.066105
v 25.633265 0.263392 -8.063725
v 25.634232 0.263133 -8.063725
v 25.628613 0.242163 -8.079501
v 25.627645 0.242422 -8.079501
v 25.634325 0.267351 -8.089139
v 25.635292 0.267092 -8.089139
v 25.630577 0.253360 -8.095143
v 25.632971 0.262294 -8.101675
v 25.624371 0.230203 -8.117275
v 25.624371 0.230203 -8.105603
v 25.634325 0.267351 -8.104723
v 25.624371 0.230203 -8.086913
v 25.624371 0.230203 -8.077105
v 25.635292 0.267092 -8.104723
v 25.633936 0.262035 -8.101675
v 25.625338 0.229945 -8.117275
v 25.625338 0.229945 -8.105603
v 25.631542 0.253101 -8.095143
v 25.625338 0.229945 -8.086913
v 25.625338 0.229945 -8.077105
v 27.073534 0.200002 -8.145002
v 27.073534 0.200002 -7.945003
v 27.073534 0.397002 -8.145002
v 27.073534 0.397002 -7.945003
v 26.973534 0.200002 -8.145002
v 26.973534 0.397002 -8.145002
v 26.973534 0.397002 -7.945003
v 26.973534 0.200002 -7.945003
v 26.431530 0.407002 -8.018852
v 26.445652 0.407002 -8.006031
v 26.429180 0.407002 -8.067502
v 26.423153 0.407002 -8.045002
v 26.429180 0.407002 -8.022502
v 26.490650 0.407002 -8.083973
v 26.468151 0.407002 -8.090002
v 26.445652 0.407002 -8.083973
v 26.507122 0.407002 -8.022502
v 26.513151 0.407002 -8.045002
v 26.507122 0.407002 -8.067502
v 26.468151 0.407002 -8.000002
v 26.490650 0.407002 -8.006031
v 26.431530 0.397002 -8.071152
v 26.445652 0.397002 -8.083973
v 26.468151 0.397002 -8.090002
v 26.490650 0.397002 -8.083973
v 26.507122 0.397002 -8.067502
v 26.513151 0.397002 -8.045002
v 26.507122 0.397002 -8.022502
v 26.490650 0.397002 -8.006031
v 26.468151 0.397002 -8.000002
v 26.445652 0.397002 -8.006031
v 26.429180 0.397002 -8.022502
v 26.429180 0.397002 -8.067502
v 26.423153 0.397002 -8.045002
v 27.173534 0.397002 -8.559259
v 27.226318 0.200002 -8.589735
v 26.560822 0.397002 -8.913010
v 26.560822 0.200002 -8.973962
v 25.786125 0.327082 -8.665979
v 25.786125 0.327082 -8.487373
v 25.951860 0.327082 -8.761666
v 26.029200 0.327082 -8.627712
v 26.157768 0.327082 -8.701941
v 26.080429 0.327082 -8.835896
v 26.099487 0.327082 -8.668292
v 26.022148 0.327082 -8.802246
v 26.426060 0.327082 -8.856840
v 26.271383 0.327082 -8.946142
v 26.228054 0.327082 -8.742521
v 26.150717 0.327082 -8.876476
v 26.271383 0.200002 -8.985461
v 26.426060 0.200002 -8.896158
v 26.133692 0.200002 -8.905965
v 26.119015 0.200002 -8.931387
v 26.138803 0.347716 -8.897110
v 26.230820 0.347716 -8.737733
v 26.048727 0.200002 -8.890806
v 26.068516 0.347716 -8.856529
v 26.160534 0.347716 -8.697153
v 26.063404 0.200002 -8.865384
v 26.005123 0.200002 -8.831736
v 25.990444 0.200002 -8.857158
v 26.010235 0.347716 -8.822881
v 26.102251 0.347716 -8.663504
v 25.920158 0.200002 -8.816578
v 25.939949 0.347716 -8.782301
v 26.031963 0.347716 -8.622924
v 25.934835 0.200002 -8.791155
v 25.752075 0.200002 -8.685638
v 25.752075 0.200002 -8.507032
v 25.670101 0.397002 -8.398752
v 25.617313 0.200002 -8.429229
v 25.635315 0.267176 -8.418837
v 25.635292 0.267093 -8.418850
v 27.173534 0.397002 -7.530745
v 26.560822 0.397002 -7.176995
v 25.670101 0.397002 -7.819717
v 25.670101 0.397002 -7.691252
v 25.617313 0.200002 -7.660776
v 25.617313 0.200002 -8.141122
v 25.628574 0.242025 -7.819717
v 25.635315 0.267176 -8.044497
v 25.635292 0.267093 -8.166559
v 25.617313 0.200002 -8.222051
v 25.635292 0.267093 -8.222051
v 25.617313 0.200002 -7.822503
v 26.026192 0.200002 -7.212208
v 26.096479 0.200002 -7.171628
v 26.045982 0.347716 -7.246485
v 26.116268 0.347716 -7.205905
v 26.271383 0.200002 -7.104543
v 26.271383 0.327082 -7.143862
v 26.111156 0.200002 -7.197050
v 26.128181 0.327082 -7.226539
v 26.426060 0.327082 -7.233165
v 26.426060 0.200002 -7.193846
v 26.205521 0.327082 -7.360494
v 26.208286 0.347716 -7.365282
v 26.137999 0.347716 -7.405862
v 26.040871 0.200002 -7.237630
v 26.057896 0.327082 -7.267119
v 25.982588 0.200002 -7.271279
v 25.999615 0.327082 -7.300768
v 26.135235 0.327082 -7.401074
v 26.076952 0.327082 -7.434723
v 25.786125 0.327082 -7.602632
v 25.786125 0.327082 -7.424026
v 26.006664 0.327082 -7.475303
v 25.929325 0.327082 -7.341349
v 25.752075 0.200002 -7.404366
v 25.752075 0.200002 -7.582973
v 25.912300 0.200002 -7.311860
v 25.897623 0.200002 -7.286438
v 25.917412 0.347716 -7.320714
v 26.009430 0.347716 -7.480091
v 25.967911 0.200002 -7.245857
v 25.987701 0.347716 -7.280134
v 26.079716 0.347716 -7.439511
v 26.560822 0.200002 -7.116043
v 27.226318 0.200002 -7.500269
v 2.588466 0.397002 -8.045002
v 4.135381 0.234722 -8.261614
v 4.133763 0.240762 -8.219133
v 2.638465 0.397002 -7.737874
v 4.133425 0.242025 -8.268894
v 25.629366 0.248838 -8.235019
v 25.635334 0.267252 -8.131390
v 25.626801 0.235399 -7.872126
v 25.635258 0.266969 -7.952176
v 25.628235 0.240762 -7.872126
v 25.635326 0.267217 -8.088131
v 25.633242 0.259446 -7.821110
v 25.628235 0.240762 -7.823091
v 25.631512 0.252990 -7.821695
v 25.629366 0.248838 -8.126446
v 25.625332 0.229927 -8.135136
v 26.510136 0.397002 -8.056252
v 26.202538 0.200002 -8.945713
v 26.893570 0.200002 -8.781849
v 27.073534 0.397002 -8.352131
v 26.268608 0.200002 -7.195448
v 28.881001 0.200002 -4.155003
v 28.568092 0.200002 -4.155003
v 28.568092 0.436712 -4.155003
v 28.881001 0.436712 -4.155003
v 28.568092 0.700002 -2.661808
v 28.568092 0.200002 -0.545002
v 28.568092 0.700002 -0.625002
v 28.568092 0.620003 -0.545002
v 28.881001 0.700002 -2.661808
v 28.881001 0.700002 -0.625002
v 28.881001 0.620003 -0.545002
v 28.881001 0.200002 -0.545002
v 28.671452 0.912396 -3.064566
v 28.671452 0.912396 -1.730201
v 28.671452 1.100003 -3.064566
v 28.671452 1.100003 -1.730201
v 28.593618 1.100003 -3.064566
v 28.593618 1.100003 -1.730201
v 28.593618 1.158544 -1.730201
v 28.593618 1.158544 -3.064566
v 28.881001 1.158544 -1.730201
v 28.881001 1.158544 -3.064566
v 28.881001 1.062396 -1.730201
v 28.881001 1.062396 -3.064566
v 28.568092 0.291705 -3.064566
v 28.568092 0.291705 -1.730201
v 28.568092 0.700002 -3.064566
v 28.568092 0.700002 -1.730201
v 28.160801 0.700002 -3.064566
v 28.160801 0.912396 -3.064566
v 28.160801 0.700002 -1.730201
v 28.160801 0.912396 -1.730201
v 28.160801 1.158544 -3.497384
v 26.826435 1.158544 -3.497384
v 28.160801 1.100003 -3.497384
v 26.826435 1.100003 -3.497384
v 28.160801 1.158544 -3.784765
v 26.826435 1.158544 -3.784765
v 28.160801 1.062396 -3.784765
v 26.826435 1.062396 -3.784765
v 28.160801 0.912396 -1.219551
v 26.826435 0.912396 -1.219551
v 28.160801 1.100003 -1.219551
v 26.826435 1.100003 -1.219551
v 28.160801 1.100003 -1.297383
v 26.826435 1.100003 -1.297383
v 28.160801 1.158544 -1.297383
v 26.826435 1.158544 -1.297383
v 28.160801 1.158544 -0.926750
v 26.826435 1.158544 -0.926750
v 28.160801 0.700002 -0.545002
v 26.826435 0.700002 -0.545002
v 26.826435 0.200002 -0.545002
v 28.160801 0.200002 -0.545002
v 28.160801 0.200002 -3.434626
v 26.826435 0.200002 -3.434626
v 28.160801 0.912396 -3.575216
v 28.160801 1.100003 -3.575216
v 26.826435 1.100003 -3.575216
v 26.826435 0.912396 -3.575216
v 26.419144 0.291705 -3.064566
v 26.106237 0.291705 -2.751659
v 26.106237 1.062396 -3.064566
v 26.419144 0.291705 -1.730201
v 26.106237 1.062396 -1.730201
v 26.106237 0.291705 -2.043108
v 26.106237 1.158544 -3.064566
v 26.106237 1.158544 -1.730201
v 26.393620 1.158544 -1.730201
v 26.393620 1.158544 -3.064566
v 26.393620 1.100003 -1.730201
v 26.393620 1.100003 -3.064566
v 26.315786 1.100003 -1.730201
v 26.315786 1.100003 -3.064566
v 26.315786 0.912396 -1.730201
v 26.315786 0.912396 -3.064566
v 26.826435 0.912396 -1.730201
v 26.826435 0.912396 -3.064566
v 26.826435 0.700002 -3.064566
v 26.419144 0.700002 -3.064566
v 26.826435 0.700002 -1.730201
v 26.419144 0.700002 -1.730201
v 27.287359 0.320100 -5.053157
v 27.287359 0.200002 -5.053157
v 27.287359 0.314257 -5.276273
v 27.287359 0.200002 -5.276273
v 27.228199 0.321649 -4.993997
v 27.228199 0.200002 -4.993997
v 27.228199 0.200002 -4.556007
v 27.228199 0.333118 -4.556007
v 27.287359 0.200002 -4.496848
v 27.287359 0.334667 -4.496848
v 27.287359 0.200002 -4.198063
v 27.287359 0.342491 -4.198063
v 28.568092 0.505613 -3.064566
v 28.160801 0.505613 -3.064566
v 28.160801 0.620003 -0.545002
v 26.419144 0.200002 -0.545002
v 26.419144 0.620003 -0.545002
v 26.826435 0.620003 -0.545002
v 26.419144 0.505613 -3.064566
v 26.826435 0.505613 -3.064566
v 26.826435 0.424304 -3.525694
v 28.160801 0.424304 -3.525694
v 28.568092 0.385322 -3.746769
v 28.568092 0.374632 -4.155003
v 26.419144 0.348900 -3.953332
v 27.351192 0.348900 -3.953332
v 26.419144 0.200002 -3.954597
v 26.106237 0.348900 -3.953332
v 26.106237 0.200002 -3.954597
v 26.106237 0.200002 -5.396273
v 26.106237 0.311115 -5.396273
v 27.167358 0.200002 -5.396273
v 27.351192 0.200002 -4.155063
v 27.167358 0.311115 -5.396273
v 27.351192 0.343617 -4.155063
v 2.474640 0.320100 -11.036848
v 2.474640 0.200002 -11.036848
v 2.474640 0.314257 -10.813732
v 2.474640 0.200002 -10.813732
v 2.533799 0.321649 -11.096007
v 2.533799 0.200002 -11.096007
v 2.533799 0.200002 -11.533997
v 2.533799 0.333118 -11.533997
v 2.474640 0.200002 -11.593157
v 2.474640 0.334667 -11.593157
v 2.474640 0.200002 -11.891941
v 2.474640 0.342491 -11.891941
v 1.193906 0.505613 -13.025438
v 1.601198 0.505613 -13.025438
v 1.193906 0.620003 -15.545002
v 1.601198 0.620003 -15.545002
v 3.342854 0.200002 -15.545002
v 2.935563 0.200002 -15.545002
v 3.342854 0.620003 -15.545002
v 2.935563 0.620003 -15.545002
v 3.342854 0.505613 -13.025438
v 2.935563 0.505613 -13.025438
v 2.935563 0.200002 -12.655378
v 2.935563 0.424304 -12.564310
v 1.601198 0.200002 -12.655378
v 1.601198 0.424304 -12.564310
v 1.601198 0.200002 -15.545002
v 1.193906 0.200002 -15.545002
v 1.193906 0.385322 -12.343236
v 1.193906 0.200002 -11.935002
v 1.193906 0.374632 -11.935002
v 3.342854 0.348900 -12.136673
v 3.342854 0.200002 -12.135408
v 3.655762 0.348900 -12.136673
v 3.655762 0.200002 -12.135408
v 3.655762 0.200002 -10.693732
v 3.655762 0.311115 -10.693732
v 2.594640 0.200002 -10.693732
v 2.410808 0.200002 -11.934942
v 2.594640 0.311115 -10.693732
v 2.410808 0.343617 -11.934942
v 1.090548 0.912396 -13.025438
v 1.090548 0.912396 -14.359804
v 1.090548 1.100003 -13.025438
v 1.090548 1.100003 -14.359804
v 1.168381 1.100003 -13.025438
v 1.168381 1.100003 -14.359804
v 1.168381 1.158544 -14.359804
v 1.168381 1.158544 -13.025438
v 0.881000 1.158544 -14.359804
v 0.881000 1.158544 -13.025438
v 0.881000 1.062396 -14.359804
v 0.881000 1.062396 -13.025438
v 1.193907 0.291705 -13.025438
v 1.193907 0.291705 -14.359804
v 1.193907 0.700002 -13.025438
v 1.193907 0.700002 -14.359804
v 1.601198 0.700002 -13.025438
v 1.601198 0.912396 -13.025438
v 1.601198 0.700002 -14.359804
v 1.601198 0.912396 -14.359804
v 1.601198 1.158544 -12.592621
v 2.935563 1.158544 -12.592621
v 1.601198 1.100003 -12.592621
v 2.935563 1.100003 -12.592621
v 1.601198 1.158544 -12.305240
v 2.935563 1.158544 -12.305240
v 1.601198 1.062396 -12.305240
v 2.935563 1.062396 -12.305240
v 1.601198 0.912396 -14.870454
v 2.935563 0.912396 -14.870454
v 1.601198 1.100003 -14.870454
v 2.935563 1.100003 -14.870454
v 1.601198 1.100003 -14.792621
v 2.935563 1.100003 -14.792621
v 1.601198 1.158544 -14.792621
v 2.935563 1.158544 -14.792621
v 1.601198 1.158544 -15.163255
v 2.935563 1.158544 -15.163255
v 1.601198 0.700002 -15.545002
v 2.935563 0.700002 -15.545002
v 1.601198 0.912396 -12.514789
v 1.601198 1.100003 -12.514789
v 2.935563 1.100003 -12.514789
v 2.935563 0.912396 -12.514789
v 3.342854 0.291705 -13.025438
v 3.655762 0.291705 -13.338346
v 3.655762 1.062396 -13.025438
v 3.342854 0.291705 -14.359804
v 3.655762 1.062396 -14.359804
v 3.655762 0.291705 -14.046896
v 3.655762 1.158544 -13.025438
v 3.655762 1.158544 -14.359804
v 3.368381 1.158544 -14.359804
v 3.368381 1.158544 -13.025438
v 3.368381 1.100003 -14.359804
v 3.368381 1.100003 -13.025438
v 3.446213 1.100003 -14.359804
v 3.446213 1.100003 -13.025438
v 3.446213 0.912396 -14.359804
v 3.446213 0.912396 -13.025438
v 2.935563 0.912396 -14.359804
v 2.935563 0.912396 -13.025438
v 2.935563 0.700002 -13.025438
v 3.342854 0.700002 -13.025438
v 2.935563 0.700002 -14.359804
v 3.342854 0.700002 -14.359804
v 26.732510 1.100003 -1.203702
v 28.251192 1.100003 -1.203702
v 26.297211 1.100003 -1.639002
v 28.686493 1.100003 -1.639002
v 26.297211 1.100003 -3.157684
v 28.686493 1.100003 -3.157684
v 28.251192 1.100003 -3.592984
v 26.732510 1.100003 -3.592984
v 28.251192 0.850784 -3.592984
v 28.686493 0.850784 -3.157684
v 28.251192 0.850784 -1.203702
v 26.732510 0.850784 -1.203702
v 26.297211 0.850784 -1.639002
v 28.686493 0.850784 -1.639002
v 26.297211 0.850784 -3.157684
v 26.732510 0.850784 -3.592984
v 3.464789 1.100003 -12.932321
v 3.464789 1.100003 -14.451002
v 3.029490 1.100003 -14.886302
v 1.075507 1.100003 -14.451002
v 1.075507 1.100003 -12.932321
v 1.510807 1.100003 -12.497021
v 1.510807 1.100003 -14.886302
v 3.029490 1.100003 -12.497021
v 1.510807 0.850784 -12.497021
v 1.075507 0.850784 -12.932321
v 3.029490 0.850784 -12.497021
v 1.075507 0.850784 -14.451002
v 3.464789 0.850784 -12.932321
v 1.510807 0.850784 -14.886302
v 3.464789 0.850784 -14.451002
v 3.029490 0.850784 -14.886302
vn -0.2321 0.8664 -0.4421
vn -0.1389 -0.9805 -0.1388
vn -0.0000 1.0000 -0.0000
vn -0.0000 -1.0000 -0.0000
vn 0.6124 0.3536 0.7071
vn -0.3594 0.6952 -0.6225
vn 0.5870 -0.5589 0.5858
vn -0.6430 -0.0000 -0.7659
vn 0.5003 -0.7067 0.5003
vn -0.6064 0.5146 -0.6062
vn 0.0963 0.0169 -0.9952
vn -0.0000 -0.0000 1.0000
vn -0.7065 0.0012 0.7078
vn 0.6064 -0.5145 0.6063
vn -0.8659 -0.0000 0.5003
vn 0.6124 0.3536 -0.7071
vn -0.6604 0.5917 -0.4624
vn -0.3599 0.6941 0.6234
vn -0.1830 0.9659 -0.1831
vn -1.0000 -0.0000 -0.0000
vn -0.0000 -0.0000 -1.0000
vn -0.5000 0.7070 -0.5001
vn 0.3598 0.6944 0.6231
vn 0.5608 -0.8197 0.1168
vn 0.1829 0.9659 0.1830
vn 1.0000 -0.0000 -0.0000
vn 0.3598 0.6943 -0.6232
vn -0.6124 -0.3535 -0.7071
vn -0.6932 0.1999 -0.6925
vn -0.1878 0.6950 -0.6941
vn 0.6831 -0.2588 0.6830
vn -0.7071 -0.0000 -0.7071
vn 0.7071 -0.0000 -0.7071
vn 0.5001 -0.0000 -0.8660
vn -0.4246 0.5302 0.7339
vn -0.4997 -0.0000 -0.8662
vn 0.5001 -0.0000 0.8660
vn 0.5000 -0.0000 -0.8660
vn -0.0000 -0.5411 -0.8409
vn -0.0000 0.5411 -0.8409
vn 0.0075 -0.7223 -0.6916
vn -0.4999 -0.0000 0.8661
vn -0.5878 -0.5558 -0.5878
vn 0.3542 0.8653 0.3546
vn -0.0000 -0.9659 -0.2588
vn -0.2062 -0.0000 0.9785
vn 0.5001 0.7071 -0.5000
vn -0.0000 -0.0007 1.0000
vn -0.0451 0.1680 0.9847
vn 0.2480 0.2780 -0.9280
vn -0.8660 -0.0004 0.5000
vn 0.4997 -0.7074 0.4999
vn -0.5874 -0.5565 -0.5875
vn 0.5013 0.8653 -0.0064
vn 0.1545 0.5771 -0.8019
vn 0.6228 0.6948 0.3596
vn 0.3929 -0.8315 0.3926
vn 0.6124 0.4997 0.6125
vn -0.7072 -0.0000 0.7071
vn 0.6931 -0.1958 0.6938
vn -0.6829 0.2590 -0.6830
vn -0.0000 0.9848 -0.1736
vn -0.6119 -0.5011 -0.6119
vn -0.2821 0.2152 -0.9349
vn 0.0291 -0.1096 -0.9935
vn -0.3596 0.6948 -0.6228
vn -0.6830 -0.2587 -0.6830
vn 0.2573 -0.9600 0.1103
vn -0.4108 0.7074 0.5752
vn -0.2962 -0.9397 0.1710
vn 0.7072 -0.0000 -0.7071
vn 0.5163 -0.3351 0.7881
vn 0.8445 -0.4510 -0.2888
vn 0.7071 -0.0000 0.7071
vn -0.1728 -0.9658 -0.1933
vn 0.5903 0.5505 0.5903
vn 0.6892 -0.2227 -0.6895
vn 0.3592 0.6955 -0.6224
vn 0.2924 0.9563 -0.0000
vn 0.8549 -0.0025 0.5188
vn -0.9017 0.4171 -0.1135
vn -0.3983 -0.8263 0.3982
vn -0.5547 -0.1128 0.8244
vn -0.0792 -0.9937 0.0792
vn -0.0319 -0.9990 -0.0319
vn 0.0793 -0.9937 -0.0792
vn -0.1188 0.5573 0.8217
vn 0.3983 -0.8263 -0.3982
vn -0.6747 -0.2420 0.6973
vn -0.5528 -0.6236 0.5528
vn -0.8660 -0.0000 -0.5000
vn 0.1383 -0.9807 0.1384
vn -0.6830 0.2590 -0.6830
vn 0.2594 0.9658 -0.0000
vn -0.0000 0.6939 -0.7200
vn -0.3526 0.8669 -0.3525
vn 0.7070 -0.0000 -0.7073
vn -0.1829 -0.9660 -0.1830
vn 0.6829 0.2593 0.6830
vn 0.6124 0.4999 0.6124
vn -0.4998 -0.7073 -0.4999
vn 0.0550 -0.2045 0.9773
vn 0.6828 -0.2600 0.6828
vn -0.8660 -0.0000 0.5000
vn 0.7067 -0.0003 -0.7075
vn 0.1829 0.9660 0.1829
vn -0.0000 -0.0004 -1.0000
vn 0.9659 0.2589 -0.0000
vn 0.0743 0.2773 0.9579
vn 0.2290 0.6529 0.7220
vn 0.7079 -0.0000 -0.7063
vn -0.0738 0.2753 0.9585
vn -0.0000 0.7071 0.7071
vn -0.9937 -0.0000 0.1123
vn -0.0687 0.9704 0.2314
vn 0.9912 -0.0000 -0.1324
vn -0.3941 -0.8304 -0.3938
vn 0.6737 0.0170 0.7388
vn -0.7070 -0.0000 0.7072
vn 0.7071 -0.0000 -0.7072
vn 0.2142 0.7996 0.5610
vn -0.5755 0.7070 -0.4110
vn 0.6830 -0.2585 0.6832
vn -0.6124 -0.3536 0.7071
vn -0.7071 0.0001 -0.7071
vn 0.2588 -0.9659 -0.0000
vn 0.3544 0.8653 0.3545
vn 0.8192 -0.0000 0.5736
vn 0.8661 0.4999 -0.0000
vn 0.4841 -0.7290 0.4839
vn 0.1830 -0.9659 0.1830
vn -0.6063 -0.5145 -0.6063
vn 0.6832 -0.2577 0.6832
vn -0.7071 -0.0000 0.7071
vn 0.5319 -0.0000 -0.8468
vn 0.5000 -0.7072 0.4999
vn -0.6646 -0.3418 -0.6644
vn -0.1873 -0.6986 0.6906
vn 0.9565 0.2919 -0.0000
vn -0.6230 0.6946 -0.3598
vn 0.6831 0.2579 0.6832
vn 0.1196 -0.8002 -0.5876
vn 0.6829 -0.2598 0.6828
vn 0.6830 0.2588 -0.6830
vn -0.5000 -0.7071 0.4999
vn -0.7071 0.7071 -0.0000
vn -0.6828 -0.2594 -0.6830
vn 0.9952 0.0169 0.0964
vn -0.5001 0.7071 0.5000
vn 0.2842 -0.0000 -0.9588
vn 0.2532 -0.9450 -0.2070
vn 0.5001 -0.7069 -0.5001
vn 0.6832 0.2580 0.6832
vn 0.5000 0.7072 0.4999
vn 0.1829 -0.9660 0.1829
vn -0.9439 -0.0000 -0.3304
vn -0.6895 0.2224 0.6893
vn -0.5812 -0.0000 0.8137
vn -0.4997 -0.7074 -0.4998
vn -0.6224 0.6953 -0.3594
vn 0.1979 0.9802 -0.0000
vn 1.0000 -0.0086 -0.0000
vn 0.5000 -0.0000 0.8660
vn -0.6827 -0.2597 -0.6830
vn 0.1759 -0.9686 0.1758
vn 0.6436 -0.0000 0.7654
vn 0.7070 -0.0000 -0.7072
vn 0.8661 -0.0000 -0.4999
vn -0.4998 0.7075 -0.4997
vn 0.1830 0.9659 0.1830
vn 0.4999 0.7072 0.4999
vn 0.6827 -0.2598 0.6830
vn 0.0474 0.0229 -0.9986
vn -0.5001 0.7071 -0.4999
vn -0.1828 0.9660 -0.1828
vn 0.5001 -0.7071 0.4999
vn -0.0919 0.3429 0.9349
vn 0.5528 -0.6234 -0.5530
vn 0.7070 0.0174 0.7070
vn 0.7070 0.0164 0.7071
vn -0.1830 0.9659 0.1830
vn -0.8192 -0.0000 -0.5736
vn 0.5084 0.6949 0.5085
vn -0.6228 0.6949 -0.3595
vn -0.7072 -0.0000 0.7070
vn -0.7189 0.6951 -0.0000
vn 0.1746 0.6518 0.7380
vn 0.2518 0.9391 0.2341
vn 0.2928 0.7074 0.6433
vn -0.1830 -0.9659 -0.1830
vn -0.9574 -0.0000 -0.2889
vn 0.2591 -0.9658 -0.0000
vn 0.5874 0.8006 -0.1188
vn -0.6227 0.6949 -0.3596
vn -0.0000 0.0009 -1.0000
vn -0.5857 0.0191 -0.8103
vn 0.0174 0.7956 -0.6055
vn -0.7073 -0.0003 0.7069
vn 0.7070 0.0006 -0.7072
vn -0.6986 0.6838 -0.2108
vn -0.6830 -0.2590 -0.6830
vn 0.8660 -0.0000 -0.5000
vn -0.5000 -0.0000 0.8660
vn 0.4830 0.2588 -0.8365
vn -0.5528 0.6236 0.5528
vn -0.9659 0.2588 -0.0000
vn -0.8477 0.5304 0.0023
vn 0.8659 -0.0000 0.5002
vn 0.4830 0.2588 0.8365
vn 0.5899 -0.5521 0.5893
vn -0.9659 -0.0000 0.2588
vn 0.1832 0.9658 0.1832
vn 0.1830 -0.9659 -0.1831
vn 0.6831 -0.2579 0.6832
vn -0.9168 0.0872 -0.3898
vn -0.0963 0.0169 0.9952
vn 0.6063 0.5144 0.6064
vn 0.5002 0.7070 0.5000
vn -0.9349 0.2151 -0.2821
vn 0.6717 0.0196 0.7405
vn 0.1832 -0.9659 0.1832
vn 0.6830 0.2586 0.6830
vn 0.1830 0.9659 -0.1830
vn 0.6830 -0.2590 0.6830
vn 0.6831 -0.2589 0.6829
vn -0.3596 0.6949 -0.6227
vn -0.8661 -0.0000 0.4999
vn -0.0000 0.7071 -0.7071
vn -0.6831 -0.2584 -0.6831
vn 0.5000 0.7071 -0.5001
vn -0.5000 -0.0000 -0.8660
vn 0.4999 0.7074 0.4996
vn -0.2588 0.9659 -0.0000
vn -0.6064 0.5145 -0.6063
vn 0.6830 0.2585 0.6832
vn -0.5000 -0.7071 0.5001
vn 0.9659 0.2588 -0.0000
vn -0.6830 -0.2587 -0.6831
vn 0.7073 -0.0000 -0.7069
vn 0.8662 -0.0000 -0.4997
vn -0.5002 0.7070 -0.5000
vn -0.7073 0.0001 0.7069
vn -0.0448 0.1672 0.9849
vn 0.5000 0.7071 0.5000
vn -0.5889 -0.5542 -0.5883
vn -0.1830 -0.9659 -0.1831
vn 0.2329 -0.8695 0.4356
vn -0.7188 0.6952 -0.0000
vn -0.0058 0.8651 0.5016
vn -0.8660 0.5000 -0.0000
vn -0.0864 -0.3222 0.9427
vn -0.5000 0.7071 -0.5000
vn 0.8659 -0.0000 -0.5002
vn -0.8137 -0.0000 0.5812
vn -0.1555 0.9848 0.0774
vn 0.8733 0.0171 0.4869
vn 0.7397 0.0183 -0.6727
vn -0.1215 0.9850 -0.1224
vn -0.1828 0.9660 -0.1829
vn 0.8192 -0.5736 -0.0000
vn -0.1830 0.9659 0.1831
vn 0.5000 0.7070 0.5002
vn 0.1617 -0.8375 0.5219
vn -0.6565 -0.0000 0.7543
vn -0.1828 -0.9660 -0.1828
vn -0.1827 0.9660 -0.1828
vn -0.6939 0.1949 -0.6932
vn -0.6125 0.4997 -0.6125
vn 0.3541 -0.8656 0.3541
vn 0.0353 -0.1316 0.9907
vn 0.6228 0.6949 -0.3595
vn -0.0000 0.7314 -0.6820
vn 0.8478 0.5302 -0.0023
vn 0.1831 0.9659 0.1832
vn 0.5000 -0.7072 -0.4999
vn 0.1780 -0.6644 -0.7259
vn -0.3525 -0.8669 -0.3525
vn -0.7145 0.6988 0.0350
vn 0.1195 -0.7996 -0.5885
vn 0.2034 -0.7593 -0.6181
vn -0.9937 -0.0000 0.1120
vn -0.3596 0.6949 0.6227
vn 0.3594 0.6952 0.6226
vn -0.7074 -0.0000 0.7068
vn 0.9349 0.2152 0.2822
vn -0.3162 -0.0000 0.9487
vn -0.6124 0.4999 -0.6125
vn 0.8660 -0.0000 0.5000
vn -0.5012 0.8653 0.0050
vn 0.1119 -0.0000 -0.9937
vn -0.7074 0.0001 0.7068
vn -0.9659 -0.0000 -0.2588
vn -0.8659 -0.0000 0.5002
vn 0.6831 0.2589 0.6829
vn 0.8661 -0.0000 0.4999
vn 0.6830 -0.2597 0.6827
vn -0.6943 0.1874 -0.6949
vn -0.6064 -0.5146 -0.6062
vn -0.3595 0.6950 0.6227
vn 0.5736 0.8192 -0.0000
vn -0.3303 -0.0000 -0.9439
vn 0.7196 0.6944 -0.0000
vn 0.2962 0.9397 0.1710
vn 0.7070 -0.0000 0.7073
vn -0.1119 -0.0000 0.9937
vn 0.0292 -0.1084 -0.9937
vn -0.1831 0.9659 -0.1831
vn 0.5895 -0.5523 0.5895
vn -0.1832 -0.9658 -0.1832
vn 0.5498 0.8353 0.0046
vn -0.1830 -0.9659 -0.1829
vn 0.1830 -0.9659 0.1831
vn 0.4999 -0.7072 0.4999
vn 0.5529 -0.6234 -0.5529
vn 0.1389 0.9806 0.1384
vn 0.6830 -0.2587 -0.6831
vn 0.6894 -0.2224 -0.6894
vn -0.3595 0.6949 -0.6228
vn 0.4999 -0.7072 0.5000
vn 0.3068 0.9010 -0.3068
vn -0.3547 0.8650 -0.3548
vn -0.1258 -0.0000 0.9921
vn -0.2590 -0.9659 -0.0000
vn -0.1829 -0.9660 -0.1829
vn -0.6830 -0.2590 -0.6829
vn -0.4999 -0.7073 -0.4999
vn -0.6939 -0.1953 -0.6931
vn 0.6124 -0.5000 0.6123
vn -0.0018 -0.0066 1.0000
vn -0.0453 -0.1691 0.9846
vn 0.3541 -0.8655 0.3543
vn 0.3598 0.6943 0.6232
vn 0.6829 -0.2587 0.6832
vn -0.6966 -0.0000 -0.7174
vn 0.2889 -0.0000 0.9574
vn -0.0000 0.6955 0.7185
vn 0.4778 0.8651 0.1525
vn 0.0289 0.1080 0.9937
vn -0.6895 -0.2226 0.6893
vn -0.6909 0.7077 -0.1476
vn 0.0958 0.3576 0.9290
vn -0.7931 0.6091 -0.0000
vn 0.6828 -0.2588 0.6832
vn -0.6123 0.5000 -0.6124
vn -0.3930 -0.8314 -0.3928
vn 0.1788 0.6665 -0.7237
vn -0.3862 -0.8931 -0.2308
vn 0.6946 0.1873 0.6946
vn -0.0268 0.0997 0.9947
vn -0.9100 0.0169 0.4142
vn -0.3069 0.9009 0.3068
vn 0.5883 -0.5554 0.5877
vn 0.5001 0.7071 0.4999
vn -0.3162 -0.0000 -0.9487
vn -0.4998 -0.0000 0.8661
vn 0.4142 0.0168 0.9100
vn -0.3535 0.8659 -0.3538
vn 0.6533 -0.3807 0.6544
vn -0.6535 0.3824 -0.6532
vn 0.8724 0.4887 -0.0000
vn 0.2702 0.9242 0.2700
vn 0.2698 0.9244 0.2696
vn -0.4639 0.6390 -0.6135
vn 0.1301 0.9911 -0.0297
vn -0.5907 0.5503 -0.5901
vn -0.6538 0.3824 -0.6530
vn 0.5875 0.8004 -0.1192
vn 0.8139 -0.3417 0.4699
vn 0.6538 -0.3812 0.6536
vn 0.5377 0.7590 0.3671
vn 0.7709 -0.0842 0.6314
vn 0.7072 -0.0000 -0.7070
vn -0.2704 -0.9241 -0.2700
vn 0.6188 -0.6290 0.4705
vn 0.7037 0.7073 0.0681
vn 0.0310 -0.9918 -0.1240
vn -0.6529 0.3821 -0.6541
vn -0.6546 0.3815 -0.6526
vn -0.2702 -0.9242 -0.2700
vn -0.3752 -0.7603 -0.5302
vn -0.6099 0.1034 -0.7857
vn 0.0551 0.2060 -0.9770
vn 0.6535 -0.3806 0.6543
vn -0.6230 0.6946 0.3596
vn 0.1686 -0.6295 0.7585
vn 0.6240 -0.6486 0.4359
vn 0.3584 -0.0072 -0.9335
vn 0.0304 -0.9921 -0.1215
vn 0.1197 -0.8003 -0.5875
vn -0.6828 -0.2601 -0.6827
vn -0.5868 0.8007 0.1204
vn 0.6128 0.4989 0.6128
vn -0.3920 -0.8326 -0.3914
vn 0.9195 -0.3307 0.2124
vn -0.7036 0.7073 -0.0681
vn -0.4523 0.6430 -0.6181
vn 0.1301 0.9913 -0.0198
vn -0.5864 0.5595 -0.5858
vn 0.6535 -0.3824 0.6532
vn 0.5437 0.7496 0.3774
vn -0.1642 0.0173 0.9863
vn 0.7862 -0.0817 0.6126
vn 0.3925 -0.8319 0.3922
vn -0.8549 -0.0025 -0.5188
vn 0.3299 0.0865 -0.9400
vn 0.3584 0.1580 -0.9201
vn 0.3450 -0.2718 -0.8984
vn 0.4610 -0.2895 -0.8388
vn 0.4006 -0.2240 -0.8885
vn 0.8133 -0.3367 -0.4746
vn 0.7113 -0.0005 -0.7029
vn 0.9297 0.2610 -0.2598
vn 0.8594 0.3045 -0.4107
vn 0.7261 0.4221 -0.5427
vn 0.9311 -0.1354 -0.3386
vn 0.5921 0.4087 -0.6945
vn 0.4285 0.4576 -0.7791
vn 0.5868 -0.0625 -0.8073
vn 0.8375 0.4407 -0.3230
vn 0.9375 0.0893 -0.3363
vn 0.7558 0.0302 -0.6541
vn 0.4990 -0.1050 -0.8602
vn -0.6377 0.4328 0.6372
vn 0.9018 0.4169 0.1139
vn -0.9991 0.0204 0.0366
vn 0.4306 0.3396 -0.8362
vn 0.5858 0.1595 -0.7946
vn 0.6740 0.1973 -0.7119
vn -0.4969 -0.6930 -0.5223
vn -0.6893 -0.2320 -0.6863
vn -0.6241 0.6322 -0.4591
vn 0.8604 -0.2441 -0.4473
vn 0.8227 -0.3748 -0.4275
vn -0.6697 0.7081 -0.2237
vn 0.9341 0.0635 -0.3512
vn 0.8372 0.0404 -0.5454
vn 0.8078 0.1441 -0.5715
vn 0.1623 0.9727 0.1656
vn 0.7540 -0.2552 -0.6052
vn 0.7230 -0.0544 -0.6887
vn 0.9331 -0.1307 -0.3351
vn 0.7067 -0.0000 -0.7075
vn 0.5747 -0.6089 0.5468
vn -0.6031 0.5215 -0.6036
vn -0.6344 0.4427 -0.6337
vn 0.9811 -0.0061 -0.1936
vn 0.3648 0.8565 0.3651
vn -0.3271 -0.0000 -0.9450
vn 0.4079 -0.8169 0.4079
vn 0.4591 -0.7056 0.5397
vn 0.5442 -0.6384 0.5443
vn -0.2248 -0.9642 -0.1410
vn -0.0746 -0.9944 -0.0750
vn -0.5976 -0.5373 -0.5951
vn -0.2540 -0.9332 -0.2541
vn 0.1831 -0.9659 0.1830
vn 0.6645 -0.3422 0.6643
vn 0.7079 -0.0012 -0.7063
vn -0.5049 -0.7001 -0.5049
vn 0.1933 -0.7216 0.6647
vn 0.9574 -0.0000 0.2889
vn 0.3544 -0.8653 0.3545
vn 0.5536 -0.0000 -0.8328
vn -0.7887 0.4068 0.4609
vn 0.7062 -0.0012 -0.7080
vn 0.7122 -0.0006 -0.7020
vn 0.7068 0.0006 -0.7074
vn 0.7887 0.4075 -0.4604
vn 0.5472 -0.1189 -0.8285
vn -0.0916 0.4049 -0.9097
vn 0.6196 0.4846 -0.6175
vn 0.3283 -0.7861 -0.5237
vn -0.2591 -0.9659 -0.0014
vn -0.0058 -0.5127 -0.8585
vn 0.1875 -0.5513 -0.8129
vn -0.7073 -0.0000 -0.7069
vn 0.4088 -0.7003 -0.5851
vn 0.3073 -0.5791 -0.7551
vn 0.5895 -0.2265 -0.7754
vn 0.2251 -0.3937 -0.8913
vn -0.1691 0.9854 0.0180
vn -0.7313 0.5305 -0.4286
vn 0.6829 0.2587 0.6832
vn 0.5874 0.8005 -0.1188
vn -0.3931 0.8308 -0.3940
vn -0.4928 0.7063 0.5082
vn 0.3701 -0.8535 -0.3667
vn -0.1488 0.9888 0.0067
vn 0.4828 -0.7307 -0.4827
vn -0.2238 -0.2866 0.9315
vn 0.0217 -0.0810 0.9965
vn -0.3079 0.0245 0.9511
vn -0.8261 -0.0130 -0.5633
vn 0.8298 -0.5224 0.1964
vn -0.8045 0.0666 0.5903
vn -0.5379 -0.6525 -0.5338
vn 0.5883 -0.0664 -0.8059
vn 0.7272 -0.2596 -0.6355
vn 0.6954 -0.6880 -0.2073
vn 0.8685 -0.1867 -0.4591
vn -0.6231 0.6945 -0.3597
vn 0.8671 -0.4980 0.0099
vn 0.8103 -0.5819 0.0689
vn 0.8271 -0.3684 -0.4246
vn 0.5989 -0.7427 -0.2995
vn 0.4186 -0.8764 -0.2380
vn 0.5098 -0.8342 -0.2101
vn -0.2003 -0.9782 0.0539
vn 0.7081 -0.0000 -0.7061
vn 0.8052 -0.5548 0.2095
vn 0.7260 -0.4919 0.4806
vn 0.8907 -0.3694 0.2651
vn 0.7746 -0.4829 0.4085
vn -0.4857 0.5130 0.7078
vn -0.5130 0.7001 -0.4966
vn 0.9049 -0.2202 -0.3641
vn -0.9659 0.2589 -0.0000
vn 0.5176 0.5756 -0.6331
vn 0.9868 -0.1617 0.0104
vn 0.9579 0.2085 -0.1974
vn 0.9472 0.3068 0.0933
vn 0.9524 0.2416 0.1859
vn 0.8956 0.3253 0.3033
vn 0.5172 -0.5757 -0.6333
vn -0.0054 0.9838 -0.1792
vn -0.1521 0.5678 0.8090
vn 0.8952 -0.3253 0.3047
vn 0.8506 -0.0000 -0.5258
vn -0.3539 0.8656 -0.3543
vn -0.3531 0.8663 -0.3533
vn -0.3530 -0.8664 -0.3531
vn -0.0002 0.0123 0.9999
vn 0.2591 0.9658 -0.0000
vn 0.1830 0.9660 0.1829
vn -0.4624 0.4902 -0.7388
vn 0.7067 0.0001 -0.7075
vn 0.2588 -0.0000 -0.9659
vn 0.1586 -0.5923 0.7900
vn -0.0552 0.2061 0.9770
vn -0.6580 0.7011 0.2749
vn 0.6891 -0.2315 0.6867
vn -0.6125 -0.4997 -0.6125
vn 0.7072 -0.0000 0.7070
vn -0.0000 0.9878 0.1560
vn 0.6230 0.6947 0.3596
vn 0.7073 -0.0000 0.7069
vn -0.3535 -0.8659 -0.3539
vn 0.0448 -0.1670 -0.9849
vn -0.3544 0.8653 -0.3545
vn -0.5001 -0.7070 -0.5001
vn -0.5417 -0.6427 -0.5417
vn 0.1847 -0.6899 0.6999
vn 0.8546 0.4510 0.2572
vn -0.5128 0.7008 -0.4960
vn -0.9289 0.2950 0.2238
vn -0.1778 -0.6626 0.7275
vn 0.2122 0.3311 0.9194
vn 0.7067 0.0012 -0.7075
vn 0.7054 -0.0006 -0.7088
vn 0.3519 0.8673 0.3521
vn -0.6126 0.4995 -0.6126
vn 0.1083 -0.4043 -0.9082
vn -0.7056 -0.0000 0.7086
vn -0.2589 0.9659 -0.0000
vn 0.0435 0.1623 -0.9858
vn -0.6125 -0.4998 -0.6125
vn -0.0237 0.0884 0.9958
vn -0.8410 -0.0000 0.5411
vn -0.7196 0.6944 -0.0000
vn 0.2534 0.9457 -0.2034
vn 0.5889 -0.5542 0.5883
vn -0.7051 -0.0000 0.7091
vn 0.2513 -0.9379 -0.2392
vn -0.2588 -0.0000 0.9659
vn 0.1489 -0.8178 0.5559
vn 0.4069 -0.8178 -0.4069
vn 0.9659 -0.0000 0.2588
vn -0.2588 -0.0000 -0.9659
vn -0.2586 -0.9660 -0.0000
vn 0.4998 -0.0000 -0.8661
vn 0.6831 0.2588 0.6829
vn 0.3069 -0.9009 -0.3069
vn -0.4515 0.8394 0.3026
vn 0.6466 0.1574 -0.7464
vn -0.6537 0.7451 -0.1320
vn 0.8679 0.4939 0.0528
vn -0.3554 0.9210 -0.1599
vn -0.1493 0.9117 -0.3828
vn -0.1788 0.6673 -0.7231
vn 0.4069 0.7259 0.5546
vn -0.8118 0.5617 -0.1594
vn -0.8673 0.4919 0.0763
vn 0.2040 0.7309 0.6512
vn 0.4929 0.7065 -0.5078
vn -0.7399 -0.1536 0.6550
vn 0.2588 -0.0000 0.9659
vn 0.8194 0.5732 -0.0072
vn -0.1656 0.9727 -0.1625
vn 0.4442 0.7933 0.4163
vn 0.1156 0.8565 0.5030
vn 0.2428 0.9038 0.3524
vn 0.5041 0.5835 0.6367
vn -0.6967 0.1627 -0.6987
vn -0.6520 0.1538 0.7424
vn -0.3796 0.3264 0.8657
vn -0.5325 0.2960 0.7930
vn -0.5883 0.2054 0.7821
vn 0.4513 0.3833 0.8059
vn 0.5888 0.1287 0.7980
vn 0.1308 0.7362 0.6640
vn -0.1603 0.5755 0.8019
vn -0.2133 0.5000 0.8393
vn 0.3327 0.9393 0.0843
vn -0.5001 -0.0000 -0.8660
vn 0.9168 0.0872 0.3898
vn 0.1206 0.9859 0.1159
vn -0.6999 -0.4258 0.5734
vn 0.3217 0.8906 0.3215
vn -0.5000 0.7071 0.4999
vn -0.3515 0.8676 -0.3516
vn 0.6931 0.1980 0.6931
vn 0.7316 0.4940 0.4698
vn 0.3323 0.8837 0.3297
vn 0.1070 0.9880 0.1112
vn -0.6230 0.6946 -0.3596
vn -0.2239 -0.8376 -0.4983
vn -0.1934 0.7216 -0.6647
vn 0.3549 0.8649 0.3549
vn -0.7071 -0.0001 0.7071
vn -0.3936 -0.8306 -0.3939
vn 0.6229 0.6947 0.3598
vn 0.0224 -0.0836 -0.9963
vn -0.7382 0.4902 -0.4634
vn 0.6411 0.7579 0.1206
vn -0.3379 0.2324 0.9120
vn 0.2237 0.2851 -0.9320
vn -0.5469 -0.1190 0.8287
vn -0.7067 -0.0010 0.7075
vn -0.0448 -0.1671 0.9849
vn -0.2702 0.9242 -0.2700
vn -0.6539 -0.3823 -0.6529
vn 0.6537 0.3794 0.6548
vn -0.7175 0.0002 -0.6965
vn -0.1199 -0.8001 0.5878
vn 0.0268 0.0997 -0.9947
vn 0.2702 -0.9242 0.2700
vn -0.6204 -0.6280 -0.4698
vn -0.0300 -0.9910 0.1301
vn -0.1789 -0.6665 0.7237
vn -0.5872 -0.5577 -0.5866
vn -0.6528 -0.3821 -0.6541
vn -0.5311 0.7569 -0.3809
vn -0.7527 -0.0614 -0.6554
vn -0.3931 0.8313 -0.3928
vn 0.6534 0.3825 0.6532
vn 0.2704 -0.9240 0.2704
vn -0.2698 0.9244 -0.2696
vn 0.4619 0.6470 0.6066
vn -0.1380 0.9902 0.0206
vn 0.3530 -0.8666 0.3528
vn -0.2969 0.0131 0.9548
vn -0.7072 0.0001 0.7070
vn -0.6832 0.2581 -0.6831
vn 0.5715 0.0169 0.8204
vn 0.3898 -0.7452 0.5410
vn 0.6127 0.0827 0.7859
vn 0.6936 0.1859 -0.6960
vn -0.2581 -0.2625 0.9298
vn -0.7070 0.0030 0.7072
vn 0.0005 1.0000 0.0003
vn -0.6943 -0.4096 0.5918
vn -0.7795 -0.4574 0.4280
vn -0.7066 0.0031 0.7076
vn -0.3267 0.8971 -0.2976
vn -0.4370 0.6397 -0.6322
vn -0.8395 0.2901 0.4594
vn -0.8886 0.2219 0.4014
vn 0.9564 0.2912 0.0234
vn -0.3526 -0.0612 0.9338
vn -0.3298 0.0870 0.9400
vn -0.4263 0.3740 0.8237
vn -0.4463 0.2453 0.8606
vn -0.4746 0.3353 0.8138
vn -0.8971 0.2720 0.3482
vn -0.9810 -0.0064 0.1940
vn 0.6974 -0.2421 -0.6745
vn -0.8452 0.0063 0.5345
vn -0.1070 -0.9880 -0.1113
vn -0.0217 -0.0810 -0.9965
vn 0.2588 0.9659 0.0005
vn -0.8936 -0.2277 0.3869
vn -0.8361 -0.3404 0.4302
vn -0.7960 -0.1596 0.5839
vn -0.7130 -0.1964 0.6730
vn 0.8188 0.0242 0.5736
vn -0.5626 0.1074 0.8197
vn -0.4747 -0.3528 0.8064
vn -0.4129 -0.3056 0.8580
vn -0.5685 -0.1435 0.8101
vn -0.5460 -0.0388 0.8369
vn -0.6643 -0.4659 0.5845
vn -0.2000 0.9624 -0.1838
vn 0.7938 0.0614 -0.6050
vn 0.5629 0.1074 -0.8195
vn -0.6517 0.1635 0.7407
vn -0.6047 0.2557 0.7543
vn -0.6892 0.0497 0.7228
vn 0.1365 0.7432 -0.6550
vn -0.7082 -0.0000 0.7060
vn 0.7061 0.2313 0.6693
vn 0.4086 0.8164 0.4082
vn 0.5391 0.7061 0.4591
vn 0.5445 0.6388 0.5436
vn 0.6336 0.4424 0.6346
vn -0.1408 0.9642 -0.2247
vn -0.0744 0.9944 -0.0746
vn -0.1831 0.9659 -0.1830
vn -0.5978 0.5354 -0.5967
vn 0.4878 0.8520 -0.1903
vn -0.2539 0.9332 -0.2544
vn 0.4980 0.6984 0.5141
vn -0.6027 -0.5240 -0.6017
vn 0.4983 0.6999 0.5117
vn 0.3632 -0.8582 0.3628
vn 0.2700 -0.9242 0.2700
vn -0.6535 -0.3824 -0.6532
vn 0.2698 -0.9244 0.2696
vn -0.6136 -0.6412 -0.4608
vn 0.1391 -0.9805 0.1388
vn -0.0303 -0.9909 0.1314
vn 0.9937 -0.0000 -0.1120
vn 0.6524 0.3834 0.6537
vn -0.0000 1.0000 -0.0002
vn -0.6535 -0.3836 -0.6525
vn -0.5447 0.7501 -0.3751
vn -0.7947 -0.0432 -0.6055
vn 0.3936 0.8309 0.3933
vn -0.9196 -0.3303 -0.2129
vn -0.7064 0.0004 0.7078
vn 0.7070 -0.0004 -0.7073
vn -0.1202 -0.8002 0.5876
vn 0.6539 0.3811 0.6535
vn 0.3746 -0.7442 0.5531
vn 0.6001 0.1044 0.7931
vn -0.0000 0.6947 0.7193
vn -0.1797 0.6712 -0.7192
vn 0.4580 0.6540 0.6021
vn -0.1275 0.9914 0.0286
vn 0.5905 0.5501 0.5905
vn -0.6961 0.4313 0.5739
vn -0.9659 0.2589 -0.0001
vn -0.5988 0.4107 0.6876
vn -0.4101 0.4754 0.7783
vn -0.7067 0.0020 0.7075
vn -0.9325 -0.1305 0.3366
vn -0.3538 -0.0698 0.9327
vn -0.2800 -0.2479 0.9274
vn -0.7065 -0.0000 0.7078
vn -0.8019 -0.3486 0.4852
vn -0.8545 -0.2667 0.4457
vn -0.8147 -0.3892 0.4298
vn -0.5417 -0.4220 0.7270
vn -0.7085 -0.0000 0.7057
vn -0.8828 0.2384 0.4048
vn -0.8265 0.2930 0.4807
vn -0.7412 -0.1538 0.6535
vn -0.0060 1.0000 -0.0060
vn -0.6816 0.0777 0.7276
vn -0.7550 -0.2569 0.6033
vn -0.8134 0.5068 0.2858
vn 0.8631 0.1071 -0.4936
vn -0.4803 -0.3665 0.7968
vn -0.3949 -0.2855 0.8732
vn -0.5779 -0.1498 0.8023
vn -0.5533 -0.0253 0.8326
vn 0.6025 0.2547 -0.7564
vn -0.8765 -0.0000 -0.4815
vn -0.6935 0.1868 0.6958
vn -0.3870 0.2426 0.8896
vn -0.4201 0.3150 0.8511
vn -0.5872 0.1686 0.7917
vn -0.6626 0.2072 0.7198
vn -0.4454 -0.7924 -0.4168
vn -0.8901 0.2817 0.3584
vn 0.1616 0.6039 0.7805
vn 0.6635 0.7002 -0.2637
vn 0.5731 0.4264 -0.6998
vn -0.4985 0.6993 -0.5123
vn -0.8441 0.0172 0.5359
vn -0.1447 0.9726 -0.1822
vn -0.5764 0.5793 -0.5764
vn -0.4591 0.7065 -0.5386
vn -0.4518 0.7692 -0.4520
vn -0.3127 0.8969 -0.3129
vn -0.6399 -0.2587 -0.7236
vn -0.7029 -0.1052 -0.7034
vn 0.9586 -0.0000 0.2848
vn -0.3772 -0.8459 -0.3771
vn 0.4968 -0.6930 0.5225
vn -0.6596 -0.3587 -0.6605
vn 0.6049 0.5178 0.6049
vn 0.6064 -0.5145 0.6062
vn 0.1723 0.9699 0.1723
vn 0.3692 -0.8530 0.3690
vn -0.6893 0.2320 -0.6863
vn -0.6483 -0.4431 -0.6192
vn -0.5756 -0.6080 -0.5468
vn 0.5125 -0.7069 0.4875
vn 0.1655 0.9727 0.1624
vn -0.4516 0.3838 -0.8055
vn -0.5983 0.1623 -0.7847
vn 0.6860 -0.2317 0.6898
vn -0.9196 0.1641 0.3568
vn -0.4451 0.7929 -0.4163
vn -0.4876 -0.7068 -0.5125
vn 0.8651 0.4110 -0.2875
vn -0.5154 0.3968 -0.7595
vn -0.8699 -0.4741 -0.1362
vn -0.0958 0.3576 -0.9290
vn -0.7039 -0.7100 0.0195
vn 0.1879 0.6950 0.6941
vn -0.0365 -0.7115 0.7017
vn 0.1312 -0.4740 0.8707
vn 0.6437 0.7070 -0.2929
vn 0.4472 0.8944 -0.0000
vn 0.2555 -0.9532 -0.1616
vn 0.1358 0.9814 0.1360
vn 0.2119 -0.0000 -0.9773
vn -0.0000 0.1758 -0.9844
vn -0.0482 -0.0000 -0.9988
vn -0.2534 0.9458 0.2032
vn 0.9659 -0.0000 -0.2588
vn 0.6136 0.4967 0.6139
vn 0.9673 -0.0000 -0.2538
vn 0.9565 -0.2919 -0.0000
vn 0.6922 0.7057 0.1512
vn -0.0000 0.2589 0.9659
vn -0.3069 -0.9009 0.3068
vn -0.9540 0.0572 0.2944
vn -0.6833 -0.2579 -0.6831
vn 0.7198 0.6942 -0.0000
vn 0.5907 0.5503 0.5901
vn 0.5750 0.7076 0.4107
vn -0.7039 0.7070 -0.0681
vn -0.2539 -0.8996 0.3555
vn -0.5153 0.7180 0.4678
vn -0.5919 0.7103 -0.3810
vn -0.4677 0.7180 -0.5154
vn -0.0000 -0.0002 -1.0000
vn 0.6124 -0.4999 0.6124
vn -0.1377 -0.9809 -0.1375
vn -0.0228 -0.9714 0.2361
vn -0.1572 0.7173 0.6788
vn -0.3800 0.7121 0.5904
vn -0.2022 0.7550 0.6238
vn -0.2865 0.5529 0.7825
vn -0.0570 0.5907 0.8048
vn 0.7098 0.0669 0.7013
vn 0.3198 0.7174 0.6189
vn 0.7018 0.7084 0.0756
vn 0.0858 0.6658 0.7412
vn 0.0079 0.7281 0.6854
vn -0.1088 0.7115 0.6942
vn -0.6659 0.0112 0.7459
vn -0.7458 0.4203 0.5168
vn -0.7991 0.1426 0.5840
vn -0.4367 0.7868 0.4363
vn -0.5645 0.5980 0.5690
vn -0.4276 0.7986 0.4236
vn -0.6247 0.3182 0.7131
vn -0.4292 -0.7949 0.4288
vn 0.5439 0.6377 0.5455
vn -0.5526 0.6248 0.5516
vn 0.9997 0.0024 -0.0222
vn -0.2596 0.9304 0.2589
vn -0.0797 0.9932 0.0844
vn -0.2521 0.9356 0.2471
vn -0.0840 0.9929 0.0837
vn 0.6230 0.6311 0.4622
vn -0.6058 0.2568 0.7531
vn 0.1617 -0.9728 -0.1659
vn -0.8169 0.5727 0.0683
vn -0.5833 0.4666 0.6649
vn -0.7672 0.6387 -0.0587
vn -0.6934 0.7204 -0.0171
vn -0.6993 0.6974 0.1566
vn -0.4697 0.8702 0.1488
vn -0.4997 0.7075 0.4997
vn 0.2758 0.0176 0.9610
vn 0.1500 0.0327 0.9881
vn 0.0136 0.0213 0.9997
vn -0.1556 0.0205 0.9876
vn -0.6852 -0.2320 0.6905
vn -0.5810 0.0169 0.8137
vn -0.6316 0.3170 0.7076
vn -0.9327 -0.1304 0.3362
vn -0.0209 0.0774 0.9968
vn -0.8070 0.0175 0.5902
vn 0.8262 -0.0130 0.5633
vn -0.6722 0.0175 -0.7402
vn -0.8782 0.0174 0.4779
vn 0.8136 0.5068 -0.2851
vn -0.9995 0.0185 -0.0269
vn -0.9894 0.0326 -0.1417
vn -0.9593 0.0213 -0.2815
vn -0.8972 0.0204 -0.4411
vn -0.2641 0.6713 0.6925
vn -0.8239 -0.1034 -0.5573
vn 0.0647 -0.2418 0.9682
vn -0.2591 -0.9658 -0.0000
vn -0.7071 -0.0002 0.7071
vn 0.1249 0.9844 0.1242
vn 0.0684 -0.9751 0.2110
vn -0.3598 0.6945 -0.6231
vn -0.6645 0.3418 -0.6645
vn -0.5000 0.7072 -0.4999
vn -0.7071 0.0003 0.7071
vn 0.6917 0.7062 0.1509
vn 0.1841 0.6871 0.7029
vn 0.2591 0.9659 0.0036
vn 0.7051 -0.0000 -0.7091
vn 0.2248 -0.8363 0.5001
vn -0.2300 -0.8585 0.4584
vn 0.3270 -0.0000 0.9450
vn 0.3068 -0.9010 -0.3068
vn 0.6915 0.7065 0.1506
vn -0.2929 0.7072 -0.6435
vn -0.9174 -0.0000 0.3981
vn -0.1121 -0.0000 0.9937
vn -0.6124 -0.5000 -0.6124
vn 0.5559 -0.8178 0.1489
vn -0.4069 -0.8178 0.4069
vn 0.6831 0.2586 0.6830
vn 0.6063 0.5145 0.6063
vn 0.4996 -0.7076 0.4997
vn 0.4513 0.8390 -0.3039
vn 0.6511 0.7475 0.1316
vn -0.8188 0.0242 -0.5735
vn 0.2175 0.9761 0.0011
vn 0.3563 0.9205 0.1603
vn 0.9549 0.0219 -0.2961
vn -0.7513 -0.2533 0.6094
vn 0.9998 -0.0000 -0.0182
vn -0.5437 0.6380 -0.5453
vn 0.8118 0.5612 0.1614
vn -0.5549 -0.6367 0.5355
vn 0.8687 0.4894 -0.0763
vn -0.6194 0.4850 0.6173
vn 0.6462 0.1575 -0.7467
vn 0.6933 -0.1965 0.6933
vn -0.1829 -0.9660 -0.1828
vn 0.5001 -0.7069 0.5001
vn -0.6228 0.6948 0.3596
vn -0.8198 0.5725 0.0144
vn 0.8629 0.1090 -0.4935
vn 0.2589 -0.9659 -0.0029
vn -0.1061 0.9885 0.1081
vn -0.1191 0.8551 -0.5046
vn -0.2430 0.9038 -0.3522
vn 0.6126 0.4994 0.6126
vn -0.5083 0.5829 -0.6339
vn 0.9196 0.1643 -0.3568
vn -0.7070 0.2313 -0.6683
vn -0.5419 -0.4224 0.7266
vn 0.3697 0.3231 -0.8712
vn 0.5331 0.2965 -0.7924
vn 0.5872 0.2030 -0.7836
vn 0.2715 0.7801 0.5636
vn -0.5780 0.1504 -0.8020
vn -0.1310 0.7374 -0.6627
vn 0.1602 0.5760 -0.8016
vn 0.2134 0.5024 -0.8379
vn 0.5737 0.0962 -0.8134
vn -0.3325 0.9396 -0.0811
vn -0.2962 0.9397 0.1710
vn -0.6830 0.2589 -0.6830
vn -0.8468 -0.0000 0.5319
vn 0.0224 -0.0838 -0.9962
vn -0.1480 -0.5524 0.8203
vn -0.1259 0.9850 -0.1183
vn -0.2588 0.0119 -0.9659
vn -0.3223 0.8900 -0.3225
vn -0.0000 0.8649 -0.5020
vn -0.3201 0.9205 -0.2241
vn -0.1481 0.6964 0.7022
vn 0.5899 0.5521 0.5893
vn -0.6830 -0.2586 -0.6830
vn 0.9763 0.2105 0.0504
vn 0.7955 0.0617 -0.6029
vn -0.1783 0.6648 0.7254
vn -0.3222 0.5723 -0.7541
vn -0.8420 0.2015 0.5003
vn 0.7070 -0.0000 0.7072
vn 0.5001 -0.7068 0.5004
vn -0.5611 -0.8195 -0.1164
vn 0.7389 0.4904 0.4621
vn -0.7094 0.0012 0.7048
vn -0.1785 -0.6663 0.7240
vn -0.3541 0.8656 -0.3541
vn 0.1882 -0.0000 -0.9821
vn -0.7451 -0.1546 0.6488
vn -0.7616 0.3844 0.5218
vn 0.3377 0.2345 -0.9116
vn 0.5132 0.7003 0.4962
vn 0.6851 -0.2323 -0.6904
vn 0.5646 0.0217 0.8251
vn 0.6192 -0.6288 0.4703
vn 0.3920 -0.8321 0.3923
vn 0.6539 -0.3811 0.6535
vn 0.5390 0.7583 0.3668
vn 0.7719 -0.0840 0.6301
vn -0.6946 -0.1875 -0.6946
vn -0.5880 0.5554 -0.5880
vn -0.6530 0.3820 -0.6540
vn 0.2700 0.9243 0.2696
vn -0.4604 0.6404 -0.6148
vn 0.1313 0.9909 -0.0297
vn -0.1383 0.9807 -0.1384
vn 0.5873 0.8004 -0.1201
vn -0.6830 0.2585 -0.6831
vn 0.7549 0.1931 0.6267
vn 0.7068 -0.0000 -0.7074
vn 0.1385 -0.9806 0.1388
vn -0.7070 0.0012 0.7073
vn 0.2250 -0.8397 0.4943
vn -0.3810 -0.7469 -0.5450
vn -0.6347 0.0853 -0.7680
vn -0.2099 0.9756 -0.0652
vn 0.6936 0.1920 0.6942
vn 0.2572 -0.2608 -0.9305
vn 0.7094 -0.0000 -0.7048
vn -0.2037 0.7299 -0.6525
vn 0.4982 -0.1047 -0.8607
vn 0.6939 -0.4103 -0.5918
vn 0.7792 -0.4578 -0.4281
vn 0.7068 -0.0010 -0.7074
vn -0.1403 0.9843 -0.1069
vn -0.8107 0.0999 0.5769
vn -0.7267 0.4218 0.5421
vn 0.8386 0.2901 -0.4611
vn 0.8895 0.2175 -0.4018
vn -0.9659 0.2589 0.0001
vn 0.3520 -0.0624 -0.9339
vn 0.3287 0.0847 -0.9406
vn 0.4267 0.3747 -0.8231
vn 0.4463 0.2442 -0.8609
vn 0.4747 0.3367 -0.8132
vn 0.8991 0.2724 -0.3426
vn 0.0928 -0.4061 0.9091
vn 0.4999 0.7073 -0.4999
vn 0.8452 0.0085 -0.5345
vn 0.0840 -0.3136 0.9458
vn 0.7465 -0.1568 -0.6467
vn 0.8361 -0.3394 -0.4311
vn 0.7963 -0.1582 -0.5839
vn 0.7108 -0.1959 -0.6755
vn -0.1154 0.7402 -0.6624
vn -0.5734 0.0963 0.8136
vn -0.7807 0.3297 -0.5309
vn 0.4121 -0.3054 -0.8584
vn 0.5702 -0.1458 -0.8084
vn 0.5449 -0.0399 -0.8375
vn -0.3567 0.8650 -0.3529
vn 0.4523 0.0455 -0.8907
vn 0.5382 -0.6521 0.5339
vn 0.6043 0.2548 -0.7549
vn 0.6886 0.0542 -0.7231
vn -0.2939 -0.0563 0.9542
vn 0.7065 0.2313 0.6688
vn 0.6064 0.5145 0.6063
vn -0.4091 0.8157 -0.4090
vn -0.5394 0.7067 -0.4578
vn -0.5439 0.6385 -0.5446
vn -0.6346 0.4417 -0.6342
vn 0.1408 0.9642 0.2248
vn 0.0744 0.9944 0.0744
vn 0.5969 0.5371 0.5960
vn -0.4776 0.7202 -0.5032
vn 0.2541 0.9331 0.2546
vn -0.4851 -0.7160 -0.5019
vn 0.6012 -0.5265 0.6011
vn 0.5120 -0.6997 0.4983
vn -0.3680 -0.8538 -0.3682
vn 0.1196 -0.8002 -0.5877
vn 0.6244 -0.6483 0.4357
vn 0.6125 0.4997 0.6125
vn 0.6259 0.1945 0.7552
vn 0.6534 -0.3825 0.6532
vn 0.5409 0.7610 0.3581
vn 0.6937 -0.1962 0.6930
vn 0.1799 0.6713 0.7190
vn 0.6940 0.1919 0.6940
vn -0.3773 -0.7596 -0.5297
vn -0.5938 0.0998 -0.7984
vn -0.2125 0.3300 -0.9197
vn -0.4544 0.6522 -0.6067
vn 0.1313 0.9911 -0.0198
vn -0.1833 -0.9658 -0.1832
vn 0.3529 -0.8666 0.3528
vn -0.5889 0.5536 -0.5889
vn 0.6959 0.4319 -0.5738
vn -0.2664 -0.9639 0.0028
vn 0.5998 0.4109 -0.6866
vn 0.4099 0.4757 -0.7783
vn 0.7065 -0.0010 -0.7077
vn -0.9520 -0.2520 -0.1738
vn 0.3536 -0.0736 -0.9325
vn 0.2807 -0.2479 -0.9272
vn 0.7065 -0.0000 -0.7078
vn 0.4371 0.6391 0.6329
vn 0.7970 -0.3459 -0.4951
vn 0.8552 -0.2673 -0.4441
vn 0.8140 -0.3895 -0.4308
vn 0.3555 0.1852 -0.9162
vn 0.7085 -0.0008 -0.7057
vn 0.8827 0.2391 -0.4046
vn 0.8255 0.2929 -0.4824
vn 0.7469 -0.1544 -0.6468
vn 0.5148 -0.6979 0.4979
vn -0.8237 0.1134 0.5556
vn 0.6807 0.0778 -0.7284
vn 0.7545 -0.2558 -0.6044
vn 0.4809 -0.3631 -0.7981
vn 0.3907 -0.2855 -0.8751
vn 0.5783 -0.1479 -0.8023
vn 0.5546 -0.0268 -0.8317
vn -0.7679 0.3818 0.5144
vn -0.0926 -0.4061 -0.9091
vn 0.6579 0.7013 -0.2747
vn 0.4197 0.3165 -0.8507
vn 0.5854 0.1681 -0.7931
vn 0.6643 0.2066 -0.7184
vn 0.6891 0.2316 0.6867
vn 0.8894 0.2810 -0.3607
vn 0.3710 0.1765 -0.9117
vn -0.0905 0.3378 -0.9369
vn 0.8473 0.0188 -0.5307
vn 0.2428 0.9701 -0.0029
vn -0.0152 0.0419 0.9990
vn 0.5772 0.5772 0.5777
vn 0.4595 0.7057 0.5393
vn 0.4506 0.7704 0.4510
vn 0.3135 0.8963 0.3137
vn 0.6393 -0.2593 0.7239
vn 0.7030 -0.1044 0.7035
vn 0.6129 -0.4987 0.6128
vn 0.3763 -0.8464 0.3768
vn 0.6600 -0.3592 0.6598
vn -0.6058 0.5186 -0.6033
vn -0.2585 -0.9660 -0.0000
vn -0.4979 0.6978 -0.5149
vn -0.3688 -0.8529 -0.3696
vn 0.3940 -0.8303 0.3940
vn -0.1395 0.9843 -0.1079
vn 0.5120 -0.7070 0.4878
vn 0.3933 -0.7922 0.4666
vn 0.8301 -0.1124 -0.5462
vn 0.9540 0.0576 -0.2943
vn 0.0005 0.0123 0.9999
vn 0.8706 -0.4756 0.1262
vn 0.7035 -0.7096 -0.0389
vn 0.4994 -0.7880 0.3600
vn -0.4998 -0.7072 -0.5000
vn -0.6830 0.2588 -0.6830
vn 0.1164 0.4164 0.9017
vn 0.0345 0.6992 0.7141
vn 0.5423 -0.4227 -0.7261
vn 0.5880 -0.5554 0.5880
vn -0.2120 -0.0000 0.9773
vn -0.0000 0.1757 0.9845
vn 0.0482 -0.0000 0.9988
vn 0.4999 -0.0000 -0.8661
vn 0.6643 -0.4671 -0.5836
vn -0.1499 0.7067 0.6914
vn -0.6124 -0.5002 -0.6122
vn 0.9916 0.0173 -0.1284
vn -0.1830 0.9659 -0.1830
vn 0.2541 -0.8993 -0.3558
vn 0.5143 0.7193 -0.4670
vn 0.5916 0.7106 0.3808
vn 0.1938 0.9712 0.1383
vn 0.4669 0.7194 0.5143
vn -0.0075 0.7223 -0.6916
vn -0.2142 0.7995 -0.5613
vn -0.0240 0.7163 -0.6974
vn 0.0228 -0.9714 -0.2361
vn 0.1574 0.7163 -0.6798
vn 0.3807 0.7107 -0.5915
vn 0.2855 0.5560 -0.7806
vn 0.0551 0.5889 -0.8063
vn -0.0635 0.6913 -0.7197
vn 0.7156 0.6913 -0.1003
vn -0.3210 0.7195 -0.6159
vn 0.6023 0.2547 -0.7565
vn 0.7539 -0.2574 -0.6045
vn -0.0856 0.6665 -0.7406
vn -0.0077 0.7282 -0.6853
vn 0.1090 0.7114 -0.6943
vn 0.6659 0.0112 -0.7460
vn 0.7469 0.4175 -0.5176
vn 0.7989 0.1427 -0.5843
vn 0.0044 0.9994 0.0329
vn 0.5650 0.5969 -0.5696
vn 0.4261 0.8003 -0.4219
vn 0.6271 0.3103 -0.7144
vn 0.4291 -0.7949 -0.4289
vn 0.5530 0.6241 -0.5520
vn 0.3439 0.8735 -0.3447
vn 0.2594 0.9304 -0.2589
vn 0.0796 0.9933 -0.0842
vn 0.2528 0.9353 -0.2478
vn 0.0838 0.9930 -0.0835
vn 0.1482 -0.5531 -0.8198
vn 0.8170 0.5720 -0.0728
vn 0.2940 -0.0577 -0.9541
vn 0.7674 0.6384 0.0592
vn 0.6929 0.7208 0.0180
vn 0.7000 0.6967 -0.1569
vn 0.4694 0.8705 -0.1478
vn 0.8420 0.0192 0.5392
vn -0.6292 0.7104 -0.3153
vn -0.1086 -0.4060 0.9074
vn -0.2762 0.0177 -0.9609
vn -0.1499 0.0327 -0.9882
vn -0.0131 0.0214 -0.9997
vn 0.1550 0.0208 -0.9877
vn 0.0921 0.4056 0.9094
vn -0.4309 -0.7919 0.4328
vn 0.5810 0.0169 -0.8137
vn 0.6316 0.3169 -0.7075
vn -0.3556 0.1841 0.9163
vn 0.8069 0.0175 -0.5904
vn -0.8633 0.1070 0.4931
vn -0.5582 -0.0000 -0.8297
vn -0.6734 0.0174 -0.7391
vn 0.2641 0.6712 -0.6926
vn 0.6720 0.0174 0.7404
vn 0.8765 0.0169 -0.4812
vn 0.9995 0.0184 0.0269
vn 0.9892 0.0326 0.1428
vn 0.9594 0.0212 0.2814
vn 0.8971 0.0204 0.4414
vn 0.9305 -0.1367 -0.3397
vn -0.1559 0.9878 -0.0000
vn -0.6831 -0.2585 -0.6831
vn -0.9192 -0.0000 0.3937
vn -0.1952 0.7284 0.6567
vn 0.1824 0.6949 -0.6955
vn 0.8136 0.3426 -0.4698
vn 0.7070 0.0005 -0.7072
vn -0.6830 0.2588 0.6830
vn 0.0018 0.0066 -1.0000
vn 0.2585 0.9660 -0.0000
vn 0.6125 0.4999 0.6124
vn -0.2323 -0.8660 -0.4427
vn 0.9862 0.0172 -0.1647
vn 0.3303 -0.0000 0.9439
vn 0.3518 -0.8673 0.3522
vn -0.2509 -0.9364 0.2453
vn -0.3527 -0.8667 -0.3528
vn -0.9562 -0.2927 -0.0000
vn -0.6832 -0.2580 -0.6831
vn -0.1758 -0.9686 -0.1757
vn 0.1779 0.6640 -0.7263
vn -0.0000 0.4472 0.8944
vn -0.6062 -0.5144 -0.6065
vn 0.1830 0.9659 -0.1831
vn 0.1830 -0.9659 0.1829
vn -0.8661 -0.0000 -0.4999
vn 0.1380 0.9808 0.1381
vn 0.7189 0.6951 -0.0000
vn 0.1241 -0.6541 -0.7462
vn 0.0680 -0.9723 -0.2237
vn 0.7460 -0.6542 -0.1245
vn 0.2237 -0.9723 -0.0679
vn 0.2831 -0.7046 -0.6507
vn 0.4353 -0.7043 -0.5608
vn 0.1562 -0.9753 -0.1562
vn 0.5599 -0.7052 -0.4351
vn 0.6502 -0.7049 -0.2834
vn 0.5001 0.7070 0.5000
vn -0.6063 0.5145 -0.6064
vn 0.4143 0.0032 0.9101
vn 0.5000 -0.0086 0.8660
vn 0.7068 -0.0087 0.7074
vn 0.8139 0.0033 0.5810
vn 0.8658 -0.0086 0.5003
vn 0.9659 -0.0086 -0.2589
vn 0.9101 0.0033 -0.4144
vn 0.8663 -0.0086 -0.4995
vn 0.7068 -0.0086 -0.7074
vn 0.5811 0.0033 -0.8138
vn 0.5000 -0.0086 -0.8660
vn 0.2593 -0.0087 -0.9658
vn 0.0964 0.0034 -0.9953
vn -0.4995 -0.0085 -0.8662
vn -0.4143 0.0032 -0.9101
vn -0.2598 -0.0085 -0.9656
vn -0.0000 -0.0086 -1.0000
vn -0.6741 -0.0087 -0.7386
vn -0.7397 -0.0052 -0.6729
vn -0.8136 0.0032 -0.5815
vn -0.8663 -0.0087 -0.4995
vn -0.9654 -0.0087 -0.2607
vn -0.9954 0.0033 -0.0962
vn -1.0000 -0.0086 -0.0000
vn -0.9654 -0.0087 0.2607
vn -0.9104 0.0032 0.4138
vn -0.8658 -0.0086 0.5003
vn -0.7077 -0.0087 0.7065
vn -0.5811 0.0032 0.8138
vn -0.4995 -0.0085 0.8662
vn -0.2590 -0.0087 0.9658
vn -0.0963 0.0032 0.9953
vn -0.0000 -0.0086 1.0000
vn 0.2585 -0.0086 0.9660
vn -0.7848 0.5065 -0.3571
vn -0.6216 0.6960 -0.3594
vn -0.5126 0.7016 -0.4950
vn -0.4267 0.6148 -0.6633
vn -0.3589 0.6963 -0.6215
vn -0.1854 0.6987 -0.6910
vn -0.0833 0.5046 -0.8594
vn -0.0000 0.6960 -0.7181
vn 0.1856 0.7000 -0.6896
vn 0.3570 0.5072 -0.7844
vn 0.3591 0.6953 -0.6226
vn 0.5054 0.6995 -0.5052
vn 0.7017 0.5065 -0.5011
vn 0.6216 0.6964 -0.3587
vn 0.6908 0.6992 -0.1840
vn 0.8584 0.5062 -0.0836
vn 0.7173 0.6968 -0.0000
vn 0.6906 0.6991 0.1853
vn 0.7846 0.5069 0.3570
vn 0.6218 0.6962 0.3588
vn 0.5054 0.6995 0.5052
vn 0.5015 0.5058 0.7019
vn 0.3588 0.6953 0.6228
vn 0.1854 0.6987 0.6909
vn 0.0832 0.5057 0.8587
vn -0.0000 0.6983 0.7158
vn -0.1849 0.6994 0.6904
vn -0.3576 0.5056 0.7852
vn -0.3587 0.6968 0.6211
vn -0.5060 0.6988 0.5056
vn -0.7027 0.5042 0.5020
vn -0.6213 0.6967 0.3585
vn -0.6898 0.6996 0.1864
vn -0.8594 0.5045 0.0831
vn -0.7180 0.6961 -0.0000
vn -0.6913 0.6984 -0.1855
vn -0.1834 0.9658 -0.1834
vn -0.7067 -0.0000 0.7075
vn -0.9764 -0.0000 -0.2160
vn -0.9973 0.0734 -0.0000
vn -0.9988 -0.0000 0.0492
vn -0.7071 -0.7071 -0.0000
vn -0.6643 -0.3426 -0.6643
vn 0.9657 -0.0087 0.2594
vn 0.0348 0.1295 0.9910
vn -0.6226 0.6951 -0.3594
vn -0.0000 0.6949 -0.7191
vn 0.8142 0.0033 0.5806
vn 0.8658 -0.0087 0.5003
vn 0.9663 -0.0086 -0.2572
vn 0.8658 -0.0086 -0.5003
vn 0.7077 -0.0087 -0.7065
vn 0.5811 0.0032 -0.8138
vn 0.0963 0.0034 -0.9953
vn -0.5000 -0.0086 -0.8660
vn -0.4140 0.0032 -0.9103
vn -0.2593 -0.0086 -0.9658
vn -0.6722 -0.0088 -0.7403
vn -0.8668 -0.0087 -0.4986
vn -0.9954 0.0032 -0.0962
vn -0.9659 -0.0087 0.2589
vn -0.9101 0.0032 0.4144
vn -0.8663 -0.0086 0.4995
vn -0.7068 -0.0087 0.7074
vn -0.5000 -0.0086 0.8660
vn -0.2585 -0.0087 0.9660
vn -0.0963 0.0031 0.9953
vn 0.2585 -0.0087 0.9660
vn -0.7853 0.5052 -0.3578
vn -0.6219 0.6964 -0.3581
vn -0.6833 0.2579 -0.6831
vn -0.3321 0.8838 -0.3296
vn -0.4269 0.6151 -0.6629
vn -0.3588 0.6960 -0.6220
vn -0.1852 0.7007 -0.6890
vn -0.0831 0.5057 -0.8587
vn -0.0000 0.6961 -0.7180
vn 0.1853 0.6987 -0.6910
vn 0.3575 0.5059 -0.7850
vn 0.3592 0.6957 -0.6221
vn 0.6221 0.6958 -0.3589
vn 0.6911 0.6982 -0.1867
vn 0.8591 0.5050 -0.0831
vn 0.7181 0.6960 -0.0000
vn 0.6914 0.6986 0.1842
vn 0.7849 0.5060 0.3577
vn 0.6213 0.6964 0.3592
vn 0.3591 0.6960 0.6218
vn 0.1851 0.6975 0.6923
vn 0.0831 0.5075 0.8576
vn -0.0000 0.6967 0.7173
vn -0.5055 0.6995 0.5052
vn -0.7029 0.5032 0.5027
vn -0.6222 0.6962 0.3582
vn -0.6910 0.6987 0.1854
vn -0.6914 0.6986 -0.1842
vn -0.2924 0.9563 -0.0000
vn -0.9771 -0.0000 -0.2127
vn -0.9988 -0.0000 0.0484
vn -0.8659 -0.0000 -0.5002
vn 0.2574 -0.9601 0.1091
vn 0.8660 0.5000 -0.0000
vn -0.7069 0.0001 0.7073
vn -0.3595 0.6949 0.6228
vn -0.4744 0.8353 -0.2780
vn 0.4145 0.0032 0.9100
vn 0.4995 -0.0086 0.8662
vn 0.7077 -0.0086 0.7065
vn 0.8135 0.0033 0.5816
vn 0.8663 -0.0087 0.4995
vn 0.9655 -0.0086 -0.2604
vn 0.9104 0.0033 -0.4138
vn 0.4995 -0.0085 -0.8662
vn 0.2590 -0.0087 -0.9658
vn 0.0963 0.0031 -0.9953
vn -0.4143 0.0033 -0.9101
vn -0.2585 -0.0088 -0.9660
vn -0.6704 -0.0086 -0.7420
vn -0.7415 -0.0052 -0.6709
vn -0.8139 0.0033 -0.5810
vn -0.8658 -0.0086 -0.5003
vn -0.9664 -0.0087 -0.2570
vn -0.9953 0.0032 -0.0968
vn -0.9102 0.0032 0.4143
vn -0.5809 0.0033 0.8140
vn -0.5000 -0.0087 0.8660
vn -0.2593 -0.0087 0.9658
vn -0.0963 0.0034 0.9953
vn -0.0000 -0.0087 1.0000
vn 0.2598 -0.0086 0.9656
vn -0.7846 0.5069 -0.3570
vn -0.6218 0.6962 -0.3588
vn -0.2239 0.2850 0.9320
vn -0.4270 0.6141 -0.6637
vn -0.3592 0.6950 -0.6228
vn -0.1854 0.6987 -0.6909
vn -0.0832 0.5041 -0.8596
vn -0.0000 0.6962 -0.7179
vn 0.1854 0.6987 -0.6909
vn 0.3577 0.5041 -0.7861
vn 0.3584 0.6967 -0.6214
vn 0.5060 0.6988 -0.5056
vn 0.7029 0.5043 -0.5016
vn 0.6212 0.6966 -0.3591
vn 0.6904 0.6994 -0.1850
vn 0.7183 0.6958 -0.0000
vn 0.6916 0.6981 0.1855
vn 0.7851 0.5061 0.3572
vn 0.5055 0.6984 0.5066
vn 0.5012 0.5066 0.7015
vn 0.3584 0.6967 0.6214
vn 0.1857 0.7000 0.6896
vn 0.0831 0.5057 0.8587
vn -0.0000 0.6952 0.7189
vn -0.1856 0.7000 0.6896
vn -0.3575 0.5059 0.7850
vn -0.3588 0.6959 0.6221
vn -0.5050 0.6991 0.5062
vn -0.7022 0.5058 0.5010
vn -0.6215 0.6962 0.3593
vn -0.6905 0.6996 0.1840
vn -0.8581 0.5066 0.0835
vn -0.7175 0.6966 -0.0000
vn -0.6904 0.6994 -0.1850
vn -0.8659 -0.0000 0.5001
vn -0.9778 -0.0000 -0.2094
vn -0.9989 -0.0000 0.0477
vn 0.6225 0.6952 -0.3594
vn -0.6830 -0.2585 -0.6831
vn -0.3599 0.6944 -0.6231
vn -0.7146 0.6987 0.0347
vn -0.3022 0.1096 -0.9469
vn 0.6909 0.7074 0.1490
vn 0.4145 0.0033 0.9100
vn 0.7077 -0.0087 0.7065
vn 0.8136 0.0032 0.5815
vn 0.8663 -0.0086 0.4995
vn -0.0223 -0.0834 0.9963
vn 0.9654 -0.0087 -0.2607
vn 0.9104 0.0032 -0.4138
vn 0.7081 -0.0087 -0.7060
vn 0.5809 0.0032 -0.8140
vn -0.2585 -0.0087 -0.9660
vn -0.0000 -0.0085 -1.0000
vn -0.6704 -0.0087 -0.7420
vn -0.7423 -0.0054 -0.6700
vn -0.8139 0.0032 -0.5810
vn -0.8658 -0.0087 -0.5003
vn -0.9663 -0.0087 -0.2572
vn -0.9101 0.0033 0.4144
vn -0.7068 -0.0086 0.7074
vn -0.5809 0.0032 0.8140
vn -0.2585 -0.0086 0.9660
vn -0.0966 0.0034 0.9953
vn 0.2590 -0.0087 0.9658
vn -0.7851 0.5061 -0.3572
vn 0.5134 0.7007 0.4954
vn -0.4280 0.6118 -0.6652
vn -0.3586 0.6962 -0.6218
vn -0.1847 0.7014 -0.6884
vn 0.1847 0.7014 -0.6884
vn 0.3594 0.6947 -0.6230
vn 0.5053 0.7000 -0.5046
vn 0.7022 0.5058 -0.5010
vn 0.6213 0.6964 -0.3592
vn 0.6894 0.7004 -0.1850
vn 0.7184 0.6956 -0.0000
vn 0.7855 0.5053 0.3574
vn 0.6219 0.6960 0.3589
vn 0.5050 0.6991 0.5062
vn 0.3584 0.6968 0.6213
vn 0.1844 0.7027 0.6872
vn -0.0000 0.6949 0.7191
vn -0.1847 0.7014 0.6884
vn -0.3577 0.5058 0.7850
vn -0.3597 0.6941 0.6235
vn -0.5052 0.6990 0.5061
vn -0.7025 0.5051 0.5013
vn -0.6223 0.6952 0.3598
vn -0.8584 0.5061 0.0835
vn -0.7176 0.6965 -0.0000
vn -0.6894 0.7004 -0.1850
vn 0.3517 0.8675 0.3517
vn 0.1868 0.6981 -0.6912
vn -0.0681 0.7073 0.7036
vn -0.3356 0.4400 0.8329
vn -0.0429 0.1835 0.9821
vn 0.0058 -0.7198 0.6941
vn 0.2117 0.1865 0.9594
vn 0.4531 0.1827 0.8725
vn 0.3538 -0.7144 0.6037
vn 0.6624 0.1871 0.7254
vn 0.8281 0.1833 0.5297
vn 0.6126 -0.7087 0.3499
vn 0.9360 0.1871 0.2981
vn 0.9820 0.1834 0.0455
vn 0.7116 -0.7026 -0.0019
vn 0.9598 0.1872 -0.2092
vn 0.8737 0.1831 -0.4507
vn 0.6211 -0.6965 -0.3594
vn 0.7272 0.1873 -0.6604
vn 0.5319 0.1837 -0.8266
vn 0.3623 -0.6904 -0.6262
vn 0.3005 0.1884 -0.9350
vn 0.0483 0.1842 -0.9817
vn 0.0020 -0.6834 -0.7300
vn -0.2064 0.1868 -0.9605
vn -0.4483 0.1835 -0.8749
vn -0.3654 -0.6762 -0.6397
vn -0.6581 0.1880 -0.7291
vn -0.8252 0.1834 -0.5343
vn -0.6410 -0.6694 -0.3756
vn -0.9343 0.1875 -0.3032
vn -0.9818 0.1831 -0.0511
vn -0.7498 -0.6616 -0.0063
vn -0.9608 0.1876 0.2039
vn -0.5002 -0.7069 -0.5001
vn 0.2781 0.0094 -0.9605
vn -0.0374 0.9972 -0.0655
vn 0.1794 0.9838 0.0054
vn 0.1569 0.9835 0.0897
vn 0.8186 0.1141 -0.5630
vn 0.8231 0.1134 -0.5564
vn -0.5499 0.8352 -0.0046
vn -0.7823 0.5402 0.3100
vn -0.4830 0.2588 0.8365
vn -0.3049 0.5415 0.7834
vn -0.7948 0.1864 -0.5775
vn -0.7646 0.1132 -0.6345
vn -0.7665 0.4342 -0.4732
vn -0.7540 0.3710 -0.5422
vn 0.5536 -0.1126 -0.8251
vn 0.3350 -0.0893 -0.9380
vn -0.6641 0.6998 0.2632
vn 0.9972 0.0013 0.0743
vn 0.3262 0.8972 0.2976
vn -0.8900 0.3722 0.2633
vn -0.6925 0.6713 0.2641
vn 0.5387 0.6524 0.5330
vn -0.4807 -0.0025 -0.8769
vn -0.6728 0.3057 -0.6737
vn -0.6996 0.1628 -0.6957
vn -0.7093 0.0737 -0.7010
vn -0.6472 0.4315 -0.6285
vn -0.6945 0.1880 -0.6945
vn -0.7132 0.0588 -0.6985
vn 0.6298 0.7107 0.3136
vn -0.9999 0.0124 -0.0000
vn 0.4364 0.7872 -0.4359
vn -0.3524 0.8669 -0.3525
vn -0.3112 -0.0593 0.9485
vn 0.6493 -0.6098 0.4545
vn -0.9335 0.3473 0.0896
vn -0.4524 0.0455 0.8907
vn -0.5272 0.8477 -0.0587
vn -0.9927 0.0463 -0.1111
vn -0.9908 0.1135 -0.0739
vn -0.0184 0.9851 0.1712
vn -0.6958 -0.0000 -0.7182
vn 0.5426 -0.4225 -0.7260
vn -0.8372 0.4415 0.3229
vn -0.9124 0.4057 -0.0547
vn -0.9117 0.4093 0.0370
vn -0.7924 0.6024 0.0960
vn 0.3556 0.8644 -0.3556
vn 0.2341 -0.8797 -0.4139
vn -0.7337 -0.6728 0.0950
vn -0.3960 -0.9145 0.0828
vn -0.6435 0.7121 0.2807
vn 0.9205 -0.1576 -0.3575
vn -0.6600 0.7044 0.2612
vn 0.6928 -0.2047 0.6915
vn 0.4139 -0.8797 -0.2340
vn -0.7408 0.6706 -0.0377
vn -0.6224 0.6951 -0.3597
vn -0.1784 0.6643 0.7259
vn 0.1807 0.2273 -0.9569
vn 0.0558 -0.0017 0.9984
vn 0.0484 -0.0000 -0.9988
vn 0.3059 -0.0000 -0.9521
vn 0.4980 -0.0807 -0.8634
vn 0.5408 -0.0000 -0.8411
vn 0.7414 -0.0000 -0.6711
vn 0.8632 -0.0811 -0.4984
vn 0.8890 -0.0000 -0.4580
vn 0.9781 -0.0000 -0.2080
vn 0.9967 -0.0807 -0.0000
vn 0.9989 -0.0000 0.0473
vn 0.9514 -0.0000 0.3081
vn 0.8631 -0.0825 0.4983
vn 0.8412 -0.0000 0.5407
vn 0.6707 -0.0000 0.7417
vn 0.4984 -0.0816 0.8631
vn 0.4575 -0.0000 0.8892
vn 0.2120 -0.0000 0.9773
vn -0.0000 -0.0816 0.9967
vn -0.0484 -0.0000 0.9988
vn -0.3031 -0.0000 0.9530
vn -0.4984 -0.0816 0.8631
vn -0.5408 -0.0000 0.8411
vn -0.7414 -0.0000 0.6711
vn -0.8636 -0.0803 0.4977
vn -0.8890 -0.0000 0.4580
vn -0.8653 0.4106 0.2876
vn -0.9538 -0.0000 -0.3003
vn -0.6734 -0.0000 -0.7393
vn -0.0561 -0.0018 -0.9984
vn -0.2141 -0.0000 -0.9768
vn 0.3223 -0.6277 0.7086
vn 0.3271 -0.6989 0.6361
vn 0.1008 -0.3766 -0.9209
vn 0.6729 -0.7069 0.2178
vn 0.7764 -0.6256 0.0755
vn 0.7142 -0.6991 0.0338
vn 0.6893 -0.7095 -0.1465
vn 0.7095 -0.6259 -0.3237
vn 0.6355 -0.6993 -0.3273
vn 0.5226 -0.7073 -0.4761
vn 0.4538 -0.6245 -0.6357
vn 0.3871 -0.6994 -0.6008
vn 0.2152 -0.7074 -0.6732
vn 0.0750 -0.6252 -0.7768
vn 0.0346 -0.7001 -0.7132
vn -0.1511 -0.7067 -0.6913
vn -0.3227 -0.6259 -0.7100
vn -0.3274 -0.6988 -0.6360
vn -0.4744 -0.7069 -0.5246
vn -0.6350 -0.6253 -0.4537
vn -0.6011 -0.6993 -0.3869
vn -0.6746 -0.7062 -0.2149
vn -0.7759 -0.6264 -0.0748
vn -0.7150 -0.6983 -0.0354
vn -0.6896 -0.7077 0.1534
vn -0.7092 -0.6266 0.3230
vn -0.6355 -0.6996 0.3265
vn -0.5245 -0.7047 0.4778
vn -0.4542 -0.6237 0.6362
vn -0.3873 -0.6984 0.6019
vn -0.2155 -0.7099 0.6705
vn -0.0749 -0.6264 0.7759
vn -0.0347 -0.6992 0.7141
vn 0.1503 -0.7067 0.6914
vn 0.9975 -0.0000 0.0713
vn -0.6119 -0.5012 -0.6118
vn -0.3596 0.6948 0.6228
vn -0.3596 0.6946 -0.6230
vn -0.9778 -0.0000 -0.2097
vn -0.9710 0.2389 -0.0000
vn -0.9989 -0.0000 0.0476
vn 0.6064 0.5145 0.6062
vn 0.0447 0.1666 -0.9850
vn 0.6125 -0.4997 0.6125
vn 0.6829 0.2598 0.6828
vn 0.7188 0.6952 -0.0000
vn -0.5001 -0.0000 0.8660
vn -0.3526 -0.8668 -0.3525
vn 0.0088 0.6534 -0.7569
vn 0.6831 -0.2588 -0.6829
vn -0.1383 -0.9807 -0.1383
vn -0.9763 -0.0000 -0.2166
vn 0.4809 -0.0025 0.8767
vn -0.3136 -0.5692 -0.7600
vn -0.3081 -0.5714 -0.7607
vn -0.2702 -0.7003 -0.6607
vn -0.6594 -0.7008 -0.2722
vn 0.6829 0.2589 0.6831
vn 0.5000 -0.7071 -0.5001
vn -0.3542 0.8655 -0.3543
vn -0.4137 -0.8798 0.2339
vn -0.1630 0.8955 0.4141
vn -0.0906 -0.8967 0.4332
vn -0.0670 -0.6893 0.7213
vn -0.3940 0.8302 -0.3943
vn 0.6542 0.3828 0.6522
vn -0.2698 0.9242 -0.2703
vn 0.4602 0.6377 0.6177
vn -0.6830 0.2587 -0.6830
vn -0.1354 0.9903 0.0309
vn -0.0000 -0.9397 0.3420
vn 0.2706 -0.9239 0.2704
vn 0.0870 0.3248 0.9418
vn 0.3887 -0.7456 0.5413
vn 0.6928 0.2000 0.6928
vn 0.6111 0.0829 0.7872
vn -0.6915 0.2072 -0.6921
vn -0.5870 0.5589 -0.5858
vn -0.7081 0.0001 0.7061
vn -0.6529 -0.3821 -0.6541
vn -0.5332 0.7557 -0.3803
vn -0.6932 -0.1997 -0.6925
vn -0.7516 -0.0616 -0.6567
vn 0.1502 -0.5607 -0.8143
vn 0.0951 0.3553 -0.9299
vn -0.6196 -0.6285 -0.4701
vn 0.3539 -0.8657 0.3540
vn -0.9467 0.1098 -0.3028
vn 0.7620 0.3842 -0.5213
vn -0.6954 0.4305 0.5755
vn -0.4869 0.3471 0.8015
vn -0.4449 0.2662 0.8551
vn -0.4299 0.3887 0.8149
vn -0.8677 0.4946 -0.0498
vn 0.0147 0.0428 -0.9990
vn -0.7117 -0.0000 0.7025
vn -0.4036 -0.2394 0.8831
vn -0.4828 -0.2935 0.8251
vn -0.6883 -0.4105 0.5980
vn -0.7788 -0.4752 0.4094
vn -0.7066 -0.0010 0.7076
vn -0.3361 0.1299 0.9328
vn -0.9330 0.0717 0.3528
vn -0.9272 0.2477 0.2811
vn -0.7060 0.0021 0.7082
vn 0.8321 0.1078 -0.5440
vn -0.7245 -0.0777 0.6848
vn -0.6049 0.2553 0.7543
vn -0.4302 0.4903 -0.7580
vn -0.8047 0.0619 0.5904
vn 0.9288 0.2947 -0.2246
vn -0.8730 0.2866 0.3947
vn -0.8039 0.1503 0.5754
vn -0.8307 0.0260 0.5561
vn 0.9795 -0.0054 -0.2013
vn -0.7376 -0.4946 -0.4598
vn -0.8925 -0.2279 0.3893
vn -0.8508 -0.3163 0.4197
vn -0.7915 -0.1695 0.5872
vn -0.7206 -0.2074 0.6616
vn -0.6497 -0.6102 -0.4534
vn -0.3604 -0.2801 0.8898
vn -0.3716 0.1773 0.9113
vn 0.2978 0.8973 0.3257
vn -0.9807 -0.0063 0.1955
vn -0.5333 -0.0178 0.8457
vn 0.7245 0.2575 0.6394
vn 0.3788 0.8442 0.3793
vn 0.5028 -0.7205 0.4776
vn 0.6596 0.3602 0.6597
vn 0.1446 0.9726 0.1821
vn 0.4853 -0.7158 0.5021
vn -0.3672 0.8543 -0.3680
vn -0.3135 0.8964 -0.3133
vn 0.3598 0.6945 -0.6231
vn -0.5118 -0.6999 -0.4981
vn -0.6083 -0.5113 -0.6070
vn 0.7030 0.1080 0.7030
vn 0.5773 -0.5778 0.5769
vn 0.5391 -0.7061 0.4591
vn 0.4519 -0.7698 0.4508
vn 0.6525 0.3834 0.6537
vn 0.3734 -0.7494 0.5468
vn 0.6187 0.1081 0.7781
vn -0.1829 -0.9659 -0.1830
vn -0.1756 0.6552 -0.7348
vn 0.2244 0.8377 -0.4979
vn -0.6128 -0.6417 -0.4612
vn 0.8849 0.3710 0.2816
vn -0.1201 -0.8000 0.5879
vn -0.1831 0.9659 -0.1832
vn -0.5625 0.0169 0.8267
vn 0.6939 0.6950 0.1881
vn 0.4502 0.6364 0.6263
vn -0.1252 0.9917 0.0286
vn -0.2119 0.1928 0.9581
vn -0.6536 -0.3836 -0.6524
vn -0.5377 0.7541 -0.3771
vn -0.7881 -0.0409 -0.6141
vn -0.5887 0.5540 -0.5887
vn -0.0227 0.4179 0.9082
vn -0.3297 0.0852 0.9402
vn -0.3471 -0.2717 0.8976
vn -0.4604 -0.2901 0.8390
vn -0.4004 -0.2237 0.8886
vn -0.8126 -0.3371 0.4755
vn -0.7069 0.0020 0.7073
vn -0.9306 0.2613 0.2564
vn -0.8574 0.3042 0.4150
vn -0.8083 0.3665 0.4608
vn -0.5420 -0.4223 0.7266
vn -0.5921 0.4089 0.6944
vn -0.4283 0.4567 0.7797
vn -0.7073 0.0010 0.7069
vn 0.7378 -0.4942 0.4598
vn -0.7181 0.6935 -0.0591
vn -0.9380 0.0894 0.3349
vn -0.7581 0.0319 0.6514
vn -0.4983 -0.1059 0.8605
vn -0.2220 -0.8309 -0.5103
vn 0.2236 -0.2869 -0.9315
vn -0.9565 0.2908 -0.0253
vn 0.6478 0.1622 -0.7444
vn -0.4306 0.3376 0.8370
vn -0.5858 0.1595 0.7946
vn -0.6743 0.1974 0.7115
vn 0.9979 0.0651 -0.0000
vn 0.3269 -0.8967 0.2984
vn -0.8613 -0.2431 0.4462
vn -0.8234 -0.3739 0.4268
vn -0.9334 0.0616 0.3534
vn -0.8359 0.0398 0.5474
vn -0.8072 0.1449 0.5722
vn -0.2171 0.9760 0.0172
vn -0.7423 -0.1517 0.6526
vn -0.7538 -0.2565 0.6049
vn -0.7234 -0.0543 0.6883
vn -0.7067 -0.0060 0.7075
vn 0.9990 0.0419 -0.0154
vn 0.6019 0.5243 0.6024
vn 0.6343 0.4429 0.6337
vn 0.4884 -0.7143 0.5012
vn -0.3630 0.8581 -0.3631
vn -0.4093 -0.8156 -0.4090
vn -0.4592 -0.7063 -0.5388
vn -0.5439 -0.6392 -0.5436
vn 0.2246 -0.9643 0.1405
vn 0.0750 -0.9944 0.0750
vn -0.0000 0.6939 0.7200
vn 0.5987 -0.5334 0.5975
vn -0.5222 0.6936 -0.4962
vn 0.2545 -0.9329 0.2546
vn -0.7052 -0.0000 0.7090
vn 0.1999 0.9624 0.1837
vn -0.5527 -0.0000 0.8334
vn 0.5019 0.7163 0.4848
vn -0.7070 -0.0000 -0.7072
vn -0.2317 0.6966 0.6790
vn 0.5784 -0.5771 -0.5766
vn -0.5780 -0.5777 0.5763
vn -0.3289 -0.7859 0.5237
vn -0.9328 0.0265 0.3595
vn 0.0063 -0.5130 0.8584
vn -0.1872 -0.5529 0.8120
vn -0.4088 -0.7021 0.5831
vn -0.3072 -0.5799 0.7546
vn -0.5873 -0.2289 0.7763
vn -0.2254 -0.3946 0.8908
vn -0.5782 -0.0615 0.8135
vn -0.7077 -0.0000 0.7065
vn -0.3705 -0.8532 0.3671
vn 0.1177 -0.4394 0.8906
vn -0.4828 -0.7307 0.4827
vn 0.3080 0.0245 -0.9511
vn 0.4310 -0.4891 0.7583
vn -0.7524 -0.2535 0.6080
vn 0.3050 0.0422 0.9514
vn -0.8285 -0.5203 -0.2070
vn 0.8968 0.1573 -0.4136
vn -0.2591 -0.9658 -0.0014
vn -0.7291 -0.2604 0.6329
vn -0.6836 -0.6886 0.2419
vn -0.8665 -0.1853 0.4635
vn -0.8672 -0.4979 -0.0099
vn -0.8101 -0.5824 -0.0675
vn -0.8266 -0.3688 0.4250
vn -0.5979 -0.7413 0.3049
vn -0.4187 -0.8766 0.2371
vn -0.5094 -0.8340 0.2118
vn 0.7050 0.0012 -0.7092
vn -0.8049 -0.5528 -0.2157
vn -0.7255 -0.4931 -0.4802
vn -0.7744 -0.4828 -0.4088
vn -0.8909 -0.3688 -0.2651
vn -0.5022 0.7159 -0.4851
vn -0.4070 0.7256 -0.5549
vn -0.3321 -0.8838 -0.3296
vn -0.9031 -0.2200 0.3687
vn 0.6503 0.1650 -0.7415
vn -0.5671 0.5346 0.6265
vn -0.9942 -0.1062 0.0196
vn -0.9602 0.2049 0.1897
vn -0.9470 0.3074 -0.0936
vn -0.9521 0.2419 -0.1872
vn -0.8948 0.3266 -0.3044
vn -0.5667 -0.5348 0.6268
vn 0.1904 0.8518 -0.4881
vn -0.8948 -0.3266 -0.3044
vn -0.8406 0.0075 -0.5416
vn -0.8524 -0.0000 0.5229
vn 0.3538 -0.8657 0.3540
vn 0.2123 -0.1941 -0.9577
vn -0.9586 -0.0000 -0.2848
vn -0.1829 0.9660 -0.1829
vn 0.2591 -0.9658 0.0014
vn 0.3542 -0.8655 0.3541
vn 0.6921 0.2047 0.6921
vn -0.7081 0.0012 0.7061
vn 0.1070 -0.9880 0.1112
vn 0.3323 -0.8837 0.3297
vn 0.7073 -0.0001 -0.7070
vn -0.7072 -0.0000 -0.7070
vn 0.7064 0.0003 -0.7078
vn -0.9912 -0.0000 0.1324
vn 0.3544 -0.8654 0.3541
vn 0.0869 0.3247 0.9418
vn -0.8137 0.3422 0.4698
vn -0.7080 0.0012 0.7062
vn 0.3545 0.8652 0.3547
vn -0.1758 -0.9686 -0.1759
vn 0.7071 0.0001 -0.7071
vn 0.3537 0.8659 0.3537
vn -0.6622 -0.6751 0.3252
vn -0.2476 0.2776 0.9282
vn 0.5583 -0.0000 0.8297
vn 0.7076 -0.0000 -0.7066
vn -0.0000 -0.7071 0.7071
vn -0.7069 -0.0006 0.7073
vn -0.8540 0.4521 -0.2574
vn 0.9056 0.4145 0.0902
vn -0.7158 0.6910 0.1002
vn -0.9055 0.4145 -0.0911
vn 0.0274 0.1034 -0.9943
vn -0.5868 -0.5579 -0.5868
vn -0.1444 -0.5396 0.8294
vn -0.1434 -0.5352 -0.8325
vn 0.7071 0.0003 -0.7071
vn 0.6229 0.6947 -0.3598
vn 0.7057 0.0023 -0.7085
vn 0.0681 0.7077 -0.7032
vn -0.3928 0.8317 -0.3925
vn 0.6230 0.6946 -0.3596
vn 0.1618 0.6047 -0.7798
vn -0.1033 -0.3857 0.9168
vn -0.6831 -0.2588 0.6830
vn -0.3548 0.8650 -0.3548
vn -0.7506 0.3963 0.5288
vn 0.2821 0.2151 0.9349
vn 0.0587 -0.2198 0.9738
vn 0.6228 0.6947 0.3598
vn 0.0648 -0.2417 0.9682
vn -0.5879 0.8002 0.1189
vn 0.1258 -0.0000 -0.9921
vn 0.6939 0.1921 0.6939
vn 0.6123 -0.5003 0.6122
vn -0.0000 0.9659 0.2588
vn -0.7071 0.0008 0.7071
vn 0.7931 0.6091 -0.0000
vn 0.5877 0.5560 0.5878
vn 0.1654 -0.9728 0.1625
vn 0.2705 -0.9133 -0.3044
vn 0.4878 0.7075 0.5113
vn 0.4675 0.7914 0.3938
vn 0.0221 0.9526 -0.3034
vn 0.6187 -0.4445 0.6478
vn 0.5468 -0.6090 0.5746
vn -0.4142 0.0169 -0.9100
vn 0.1327 0.4739 0.8705
vn -0.0378 0.7115 0.7017
vn 0.3494 0.7845 0.5123
vn -0.3044 -0.9133 0.2705
vn -0.7046 0.7095 0.0097
vn 0.6259 -0.1945 0.7552
vn 0.6188 0.4444 0.6478
vn -0.8704 0.4730 -0.1365
vn 0.5469 0.6090 0.5745
vn 0.4165 -0.7925 0.4454
vn -0.8257 0.0479 -0.5620
vn -0.4876 0.7068 -0.5125
vn 0.6859 0.2317 0.6898
vn -0.4998 0.7072 -0.5000
vn -0.1372 0.9810 -0.1375
vn -0.2589 0.9659 -0.0068
vn -0.7071 0.0001 0.7071
vn 0.9349 0.2152 0.2821
vn -0.2018 0.9794 -0.0036
vn -0.9275 0.0464 -0.3710
vn -0.2632 0.2340 -0.9359
vn -0.7070 0.0174 -0.7070
vn -0.1655 -0.9727 -0.1625
vn -0.7141 0.0291 -0.6995
vn -0.5873 -0.0000 -0.8094
vn -0.9985 0.0542 -0.0000
vn 0.2062 -0.9762 0.0673
vn -0.1109 0.5388 -0.8351
vn -0.9690 0.0031 0.2470
vn 0.9327 0.0265 -0.3596
vn -0.9398 0.1204 0.3199
vn -0.4049 0.2111 -0.8897
vn -0.4560 0.0170 -0.8898
vn 0.8406 0.0075 0.5416
vn -0.9510 0.0173 -0.3087
vn -0.9742 0.2050 -0.0942
vn -0.9985 0.0171 -0.0520
vn -0.9780 0.0175 0.2077
vn -0.4119 0.0182 0.9111
vn -0.3622 -0.0519 0.9307
vn -0.0938 0.2304 0.9686
vn -0.0436 0.0169 0.9989
vn 0.2155 0.0175 0.9764
vn 0.4034 0.2278 0.8862
vn 0.4608 0.0172 0.8873
vn 0.0926 0.0174 -0.9956
vn -0.6142 0.4956 -0.6142
vn 0.9527 0.0175 0.3034
vn 0.9704 0.2223 0.0939
vn 0.9988 0.0171 0.0464
vn 0.9770 0.0175 -0.2125
vn 0.8880 0.2194 -0.4042
vn 0.8885 0.0172 -0.4585
vn -0.7396 0.0183 0.6728
vn -0.8139 -0.3416 -0.4699
vn 0.3059 0.0173 -0.9519
vn 0.0941 0.2141 -0.9723
vn 0.0492 0.0168 -0.9987
vn -0.2101 0.0176 -0.9775
vn -0.5786 -0.0615 0.8133
vn -0.8443 -0.4507 0.2898
vn 0.1464 0.0062 0.9892
vn 0.0377 0.6703 0.7411
vn -0.9356 -0.3092 0.1705
vn 0.6489 0.4419 0.6194
vn -0.2284 0.4342 0.8714
vn -0.2992 0.3709 0.8792
vn -0.3950 0.8851 -0.2463
vn -0.1177 -0.4392 -0.8906
vn 0.6326 0.4477 0.6320
vn -0.8138 -0.3419 -0.4699
vn 0.1827 -0.9660 0.1828
vn 0.2599 -0.9656 0.0001
vn -0.2712 0.7795 -0.5647
vn 0.9526 -0.2519 0.1707
vn 0.3526 0.8652 0.3564
vn 0.2591 -0.9659 0.0014
vn -0.3696 0.1691 0.9137
vn 0.6319 0.4481 0.6324
vn 0.6625 0.3547 0.6598
vn -0.5754 0.6082 -0.5468
vn 0.1604 0.5985 0.7849
vn -0.7059 0.0192 -0.7081
vn 0.5152 0.3973 0.7594
vn 0.4614 0.1029 0.8812
vn 0.0715 0.2409 0.9679
vn -0.1353 0.9222 0.3622
vn 0.1044 -0.2789 0.9546
vn 0.0708 0.9034 0.4229
vn 0.5634 -0.1690 0.8087
vn 0.1934 0.7217 0.6646
vn 0.4985 0.8661 -0.0372
vn 0.5211 0.8351 0.1763
vn 0.4005 -0.8942 0.1999
vn 0.7623 0.4208 0.4917
vn 0.2753 0.8932 0.3555
vn 0.0424 0.4479 -0.8931
vn 0.2756 0.8255 -0.4926
vn 0.4833 0.3193 -0.8152
vn 0.4921 0.7084 -0.5060
vn 0.6238 0.6804 -0.3845
vn 0.2323 -0.8669 0.4411
vn 0.0046 0.8351 0.5501
vn 0.5000 0.7071 0.4999
vn 0.2126 0.3307 0.9195
vn 0.8467 -0.0000 -0.5320
vn -0.2238 0.8354 0.5019
vn 0.5001 -0.7070 0.5000
vn 0.0015 0.8352 -0.5499
vn 0.1830 0.9659 -0.1829
vn 0.9278 0.2765 -0.2505
vn -0.5022 0.8404 0.2036
vn -0.9221 0.3867 0.0104
vn -0.9973 0.0203 -0.0709
vn -0.9997 0.0222 0.0113
vn -0.8265 0.0167 0.5626
vn -0.9853 0.1696 -0.0183
vn -0.4308 -0.4891 -0.7584
vn -0.3542 -0.8655 -0.3541
vn -0.6123 -0.5001 -0.6124
vn 0.1520 0.5676 0.8091
vn -0.3753 0.0151 -0.9268
vn -0.5003 -0.7067 -0.5003
vn -0.6830 -0.2588 0.6830
vn 0.2861 -0.9448 0.1596
vn 0.5774 -0.7385 0.3481
vn 0.4628 0.5869 0.6644
vn 0.0269 -0.9966 0.0781
vn 0.3480 -0.7388 0.5771
vn -0.2585 -0.9660 0.0073
vn -0.5007 -0.1022 0.8596
vn -0.1849 0.6899 0.6999
vn 0.8869 0.1319 0.4426
vn 0.9666 0.0175 0.2559
vn 0.9283 0.3636 0.0784
vn 0.9166 0.0173 -0.3994
vn 0.7895 0.0173 -0.6136
vn 0.6132 0.0172 -0.7898
vn 0.4994 0.2017 -0.8425
vn 0.3989 0.0173 -0.9168
vn -0.0665 0.3456 -0.9360
vn 0.1832 -0.9659 0.1831
vn -0.2476 0.9240 0.2913
vn 0.3932 0.8310 0.3935
vn 0.2144 0.8000 0.5604
vn -0.1831 -0.9659 -0.1831
vn -0.8469 -0.0000 0.5318
vn 0.7075 -0.0001 -0.7068
vn 0.8539 -0.0000 0.5204
vn 0.0618 -0.9522 -0.2991
vn 0.2108 0.6838 0.6986
vn -0.1663 0.2858 -0.9437
vn 0.3937 -0.0000 -0.9192
vn -0.6918 0.7059 -0.1522
vn -0.8589 0.5122 -0.0000
vn 0.0001 1.0000 -0.0000
vn -0.5001 -0.7071 -0.4999
vn 0.7939 0.4447 -0.4147
vn -0.6229 0.6946 0.3599
vn 0.9192 -0.0000 -0.3937
vn 0.7188 0.6953 -0.0000
vn -0.1341 0.9780 -0.1597
vn -0.6939 -0.1921 -0.6939
vn -0.8468 -0.0000 0.5320
vn 0.2120 -0.0000 -0.9773
vn 0.6604 0.5917 0.4624
vn -0.0000 -0.8794 -0.4762
vn -0.6123 -0.5000 -0.6124
vn -0.3937 -0.0000 0.9192
vn 0.7083 -0.0000 -0.7059
vn -0.6123 0.5003 -0.6122
vn 0.6122 0.5005 0.6122
vn -0.9999 -0.0000 0.0168
vn -0.2019 -0.0000 -0.9794
vn 0.2925 0.7081 0.6427
vn -0.9587 -0.0000 -0.2844
vn 0.9349 0.2151 0.2822
vn -0.7073 0.7069 0.0010
vn -0.8467 -0.0000 0.5320
vn -0.7071 0.5000 -0.5000
vn -0.1747 -0.0000 0.9846
vn -0.9198 -0.1569 0.3597
vn 0.3162 -0.0000 -0.9487
vn 0.2821 0.2152 0.9349
vn 0.9463 0.0178 -0.3229
vn 0.1783 0.6658 -0.7245
vn 0.6225 0.6952 0.3594
vn 0.7071 0.5000 0.5000
vn 0.6226 0.6951 0.3594
vn -0.1182 0.4409 -0.8897
vn -0.8539 -0.0000 -0.5205
vn 0.2889 -0.0000 -0.9574
vn -0.7063 -0.0000 0.7080
vn 0.2537 -0.9468 -0.1979
vn 0.9349 0.2151 0.2821
vn -0.4998 -0.7074 -0.4997
vn -0.9349 0.2151 -0.2822
vn -0.3556 0.8644 0.3556
vn -0.6124 0.5001 -0.6123
vn 0.3532 -0.8663 0.3532
vn -0.2553 0.9523 0.1674
vn -0.9439 -0.0000 -0.3302
vn -0.9349 0.2152 -0.2821
vn -0.1703 0.9658 0.1957
vn 0.0681 0.9708 -0.2298
vn 0.3927 0.8312 0.3935
vn -0.1829 0.9660 -0.1830
vn 0.5000 0.7072 -0.4999
vn -0.2821 0.2151 -0.9349
vn -0.6126 -0.4994 -0.6127
vn -0.7120 -0.0000 -0.7022
vn -0.6938 0.1951 -0.6932
vn -0.6831 0.2589 0.6829
vn 0.0591 0.2212 0.9734
vn 0.6986 0.6838 0.2108
vn -0.4999 -0.7072 -0.5000
vn 0.6223 0.6954 -0.3593
vn -0.6943 0.1872 -0.6949
vn -0.1164 0.4159 -0.9019
vn -0.0070 0.5302 -0.8479
vn 0.9239 -0.0000 0.3826
vn 0.8659 0.0154 0.5000
vn -0.6124 0.4999 -0.6124
vn -0.0000 0.3429 0.9394
vn -0.0447 -0.1670 0.9849
vn 0.3598 0.6947 -0.6228
vn 0.2122 -0.7917 -0.5728
vn 0.1712 -0.6392 -0.7497
vn -0.1831 -0.9659 -0.1830
vn 0.3930 0.8311 0.3934
vn -0.6063 -0.5144 -0.6065
vn 0.8137 -0.0000 -0.5812
vn -0.7197 0.6943 -0.0000
vn -0.9659 -0.0087 -0.2586
vn 0.6117 0.5016 0.6117
vn -0.5001 -0.0000 0.8659
vn -0.8662 -0.0000 -0.4997
vn -0.6124 -0.4999 -0.6124
vn -0.6949 -0.1862 -0.6946
vn -0.4139 0.0032 -0.9103
vn -0.5002 -0.0087 -0.8659
vn -0.7077 -0.0087 -0.7065
vn -0.8662 -0.0086 -0.4996
vn -0.9654 -0.0087 0.2605
vn -0.8662 -0.0086 0.4996
vn -0.7070 -0.0087 0.7072
vn -0.5811 0.0033 0.8138
vn -0.5005 -0.0087 0.8657
vn -0.2585 -0.0088 0.9660
vn -0.0963 0.0032 0.9954
vn 0.5005 -0.0087 0.8657
vn 0.4143 0.0033 0.9101
vn 0.2585 -0.0088 0.9660
vn 0.6704 -0.0087 0.7420
vn 0.7401 -0.0051 0.6725
vn 0.8142 0.0032 0.5806
vn 0.8653 -0.0086 0.5012
vn 0.9664 -0.0087 0.2571
vn 0.9954 0.0032 0.0962
vn 0.9664 -0.0087 -0.2571
vn 0.8658 -0.0086 -0.5004
vn 0.5807 0.0033 -0.8141
vn 0.5002 -0.0086 -0.8659
vn 0.2589 -0.0088 -0.9659
vn 0.0963 0.0033 -0.9953
vn -0.2594 -0.0087 -0.9657
vn 0.7860 0.5047 0.3572
vn 0.6221 0.6953 0.3599
vn 0.3596 0.6949 -0.6227
vn -0.8303 -0.1124 0.5459
vn 0.4276 0.6132 0.6641
vn 0.3584 0.6965 0.6216
vn 0.1849 0.6994 0.6904
vn 0.0831 0.5065 0.8582
vn -0.0000 0.6957 0.7183
vn -0.1847 0.7001 0.6897
vn -0.3573 0.5056 0.7853
vn -0.3588 0.6965 0.6214
vn -0.5056 0.6984 0.5066
vn -0.7023 0.5058 0.5010
vn -0.6222 0.6949 0.3606
vn -0.6908 0.6992 0.1840
vn -0.8592 0.5049 0.0831
vn -0.7183 0.6958 -0.0000
vn -0.6905 0.6992 -0.1852
vn -0.7860 0.5047 -0.3572
vn -0.6212 0.6961 -0.3600
vn -0.5049 0.7002 -0.5048
vn -0.5018 0.5050 -0.7023
vn -0.3588 0.6961 -0.6219
vn -0.1852 0.6994 -0.6903
vn -0.0831 0.5059 -0.8586
vn -0.0000 0.6956 -0.7184
vn 0.1851 0.6994 -0.6903
vn 0.3575 0.5049 -0.7857
vn 0.3587 0.6963 -0.6217
vn 0.5058 0.6989 -0.5057
vn 0.7027 0.5050 -0.5012
vn 0.6220 0.6955 -0.3597
vn 0.6911 0.6989 -0.1841
vn 0.7184 0.6957 -0.0000
vn 0.6903 0.6994 0.1852
vn -0.3920 -0.8321 -0.3923
vn 0.4998 -0.0000 0.8661
vn 0.9778 -0.0000 0.2094
vn 0.9973 0.0734 -0.0000
vn 0.9989 -0.0000 -0.0477
vn -0.0906 0.9835 0.1565
vn -0.6124 -0.3535 0.7071
vn 0.7187 0.6953 -0.0000
vn -0.5001 -0.7069 -0.5002
vn 0.1831 0.9659 0.1831
vn -0.2527 0.9436 -0.2140
vn -0.4141 0.0033 -0.9102
vn -0.7058 -0.0086 -0.7083
vn -0.8142 0.0033 -0.5806
vn -0.8658 -0.0087 -0.5004
vn -0.9664 -0.0087 0.2571
vn -0.9098 0.0033 0.4149
vn -0.0964 0.0032 0.9953
vn 0.6741 -0.0087 0.7386
vn 0.8667 -0.0086 0.4988
vn 0.9650 -0.0087 0.2623
vn 0.9954 0.0033 0.0962
vn 0.9654 -0.0086 -0.2605
vn 0.8662 -0.0086 -0.4996
vn 0.7068 -0.0087 -0.7074
vn 0.5813 0.0033 -0.8137
vn 0.4997 -0.0086 -0.8661
vn 0.2594 -0.0087 -0.9657
vn 0.0963 0.0033 -0.9954
vn -0.2589 -0.0087 -0.9659
vn 0.7852 0.5058 0.3574
vn 0.6215 0.6961 0.3595
vn 0.5137 0.7003 0.4957
vn 0.4274 0.6130 0.6645
vn 0.3586 0.6969 0.6211
vn 0.1849 0.6981 0.6917
vn 0.0832 0.5062 0.8584
vn -0.0000 0.6950 0.7190
vn -0.1849 0.7007 0.6891
vn -0.3575 0.5049 0.7857
vn -0.3587 0.6961 0.6219
vn -0.7021 0.5057 0.5014
vn -0.6220 0.6958 0.3590
vn -0.6902 0.6999 0.1839
vn -0.7175 0.6965 -0.0000
vn -0.6902 0.6996 -0.1851
vn -0.7852 0.5058 -0.3574
vn -0.6215 0.6965 -0.3587
vn -0.5016 0.5048 -0.7025
vn -0.3590 0.6958 -0.6221
vn -0.1854 0.7000 -0.6896
vn -0.0831 0.5049 -0.8592
vn 0.1852 0.6987 -0.6910
vn 0.3573 0.5056 -0.7853
vn 0.3589 0.6966 -0.6212
vn 0.5055 0.6984 -0.5066
vn 0.7023 0.5058 -0.5010
vn 0.6212 0.6964 -0.3593
vn 0.6903 0.6994 -0.1852
vn -0.3549 0.8650 -0.3547
vn 0.9771 -0.0000 0.2127
vn 0.9988 -0.0000 -0.0484
vn 0.3549 -0.8649 0.3549
vn -0.7071 -0.0000 0.7072
vn 0.2051 -0.7655 -0.6099
vn 0.3593 0.6952 -0.6226
vn -0.4997 -0.0086 -0.8661
vn -0.8135 0.0033 -0.5815
vn -0.9659 -0.0087 0.2588
vn -0.8658 -0.0087 0.5003
vn -0.5810 0.0032 0.8139
vn -0.4997 -0.0085 0.8661
vn -0.0964 0.0033 0.9953
vn 0.4997 -0.0086 0.8661
vn 0.6722 -0.0087 0.7403
vn 0.7415 -0.0053 0.6709
vn 0.8139 0.0032 0.5810
vn 0.9659 -0.0086 0.2588
vn 0.5813 0.0032 -0.8137
vn -0.0000 -0.0087 -1.0000
vn -0.2585 -0.0086 -0.9660
vn 0.7862 0.5036 0.3582
vn 0.6214 0.6966 0.3586
vn 0.5125 0.7014 0.4955
vn 0.4269 0.6151 0.6629
vn 0.3596 0.6951 0.6226
vn 0.0832 0.5041 0.8596
vn -0.0000 0.6965 0.7175
vn -0.1847 0.6988 0.6910
vn -0.3573 0.5057 0.7853
vn -0.3595 0.6954 0.6222
vn -0.5058 0.6989 0.5057
vn -0.7023 0.5049 0.5017
vn -0.6225 0.6957 0.3583
vn -0.6903 0.6991 0.1864
vn -0.8591 0.5050 0.0831
vn -0.7183 0.6957 -0.0000
vn -0.6906 0.6991 -0.1853
vn -0.7860 0.5040 -0.3581
vn -0.6223 0.6960 -0.3583
vn -0.5060 0.6977 -0.5071
vn -0.3594 0.6956 -0.6221
vn -0.1847 0.6988 -0.6910
vn -0.0832 0.5057 -0.8587
vn -0.0000 0.6967 -0.7174
vn 0.1847 0.6988 -0.6910
vn 0.3583 0.5037 -0.7861
vn 0.3589 0.6959 -0.6220
vn 0.7020 0.5057 -0.5015
vn 0.6224 0.6955 -0.3590
vn 0.6905 0.6989 -0.1865
vn 0.8593 0.5047 -0.0831
vn 0.6902 0.6996 0.1851
vn 0.7138 0.6995 -0.0345
vn 0.9771 -0.0000 0.2129
vn -0.5559 -0.8178 -0.1489
vn 0.1365 0.9812 0.1366
vn -0.1391 0.9805 -0.1388
vn 0.1524 -0.5685 0.8085
vn -0.9660 -0.0087 -0.2586
vn -0.6125 0.4996 -0.6126
vn -0.7086 -0.0000 0.7056
vn -0.4995 -0.0086 -0.8662
vn -0.8136 0.0033 -0.5815
vn -0.8663 -0.0086 -0.4995
vn -0.9103 0.0032 0.4139
vn -0.4995 -0.0086 0.8662
vn -0.2589 -0.0086 0.9659
vn 0.2589 -0.0086 0.9659
vn 0.7415 -0.0052 0.6709
vn 0.8658 -0.0085 0.5003
vn 0.9659 -0.0086 0.2589
vn 0.9659 -0.0087 -0.2589
vn 0.9103 0.0033 -0.4139
vn 0.5814 0.0033 -0.8136
vn 0.4995 -0.0087 -0.8662
vn 0.2594 -0.0086 -0.9657
vn 0.0963 0.0032 -0.9953
vn -0.2589 -0.0086 -0.9659
vn 0.7853 0.5052 0.3578
vn 0.0004 1.0000 0.0003
vn 0.4273 0.6143 0.6634
vn 0.3588 0.6966 0.6213
vn 0.1850 0.6988 0.6910
vn -0.0000 0.6965 0.7176
vn -0.1850 0.6988 0.6910
vn -0.5054 0.6995 0.5052
vn -0.6221 0.6963 0.3581
vn -0.6911 0.6982 0.1867
vn -0.7180 0.6960 -0.0000
vn -0.6910 0.6987 -0.1854
vn -0.7855 0.5048 -0.3579
vn -0.5055 0.6984 -0.5066
vn -0.3587 0.6967 -0.6212
vn -0.1849 0.6994 -0.6904
vn -0.0833 0.5041 -0.8596
vn -0.0000 0.6968 -0.7173
vn 0.1852 0.6981 -0.6916
vn 0.3574 0.5069 -0.7844
vn 0.3588 0.6959 -0.6221
vn 0.5049 0.7002 -0.5048
vn 0.7021 0.5057 -0.5014
vn 0.6217 0.6963 -0.3586
vn 0.6908 0.6986 -0.1866
vn 0.8592 0.5049 -0.0831
vn 0.9470 0.1092 0.3020
vn -0.5895 -0.5523 -0.5895
vn 0.5881 0.5553 0.5881
vn -0.6590 0.7442 -0.1093
vn -0.1240 -0.6550 0.7453
vn -0.0680 -0.9723 0.2238
vn -0.7459 -0.6543 0.1245
vn -0.2238 -0.9723 0.0680
vn -0.2832 -0.7042 0.6511
vn -0.4353 -0.7043 0.5608
vn -0.1562 -0.9753 0.1562
vn -0.5606 -0.7041 0.4357
vn -0.6508 -0.7043 0.2836
vn 0.3593 0.6952 0.6226
vn -0.5001 0.7070 -0.5001
vn 0.9778 -0.0000 0.2093
vn 0.9715 0.2371 -0.0000
vn 0.9989 -0.0000 -0.0476
vn -0.3536 -0.8660 -0.3535
vn 0.4998 -0.7073 0.4999
vn 0.8662 -0.0000 0.4997
vn -0.2807 0.3709 -0.8852
vn 0.6831 -0.2581 0.6832
vn -0.0474 0.0230 0.9986
vn 0.9762 -0.0000 0.2168
vn -0.9997 0.0024 0.0223
vn 0.1383 0.9807 0.1384
vn 0.6828 -0.2589 0.6832
vn 0.2004 -0.9782 -0.0539
vn -0.6327 0.4475 -0.6320
vn 0.0967 0.3603 0.9278
vn 0.6594 0.7080 -0.2528
vn 0.7146 0.6987 -0.0347
vn -0.0023 0.5302 0.8479
vn -0.0377 0.6707 -0.7408
vn 0.7411 0.6704 0.0373
vn 0.2341 0.6984 0.6764
vn -0.7060 0.2315 -0.6693
vn -0.1799 0.2273 0.9571
vn -0.3481 0.8711 0.3465
vn -0.3042 -0.0000 0.9526
vn -0.4986 -0.0816 0.8630
vn -0.7409 -0.0000 0.6716
vn -0.8635 -0.0807 0.4978
vn -0.9771 -0.0000 0.2126
vn -0.9967 -0.0817 -0.0000
vn -0.9988 -0.0000 -0.0483
vn -0.9525 -0.0000 -0.3044
vn -0.8630 -0.0816 -0.4985
vn -0.8412 -0.0000 -0.5407
vn -0.6707 -0.0000 -0.7417
vn -0.4988 -0.0807 -0.8629
vn -0.4575 -0.0000 -0.8892
vn -0.2118 -0.0000 -0.9773
vn -0.0000 -0.0816 -0.9967
vn 0.0481 -0.0000 -0.9988
vn 0.3056 -0.0000 -0.9522
vn 0.4987 -0.0816 -0.8629
vn 0.5410 -0.0000 -0.8410
vn 0.7409 -0.0000 -0.6716
vn 0.8631 -0.0807 -0.4986
vn 0.8889 -0.0000 -0.4581
vn 0.2589 -0.9659 -0.0028
vn -0.8311 0.1077 0.5455
vn 0.5052 -0.6997 0.5052
vn 0.9512 -0.0000 0.3084
vn 0.4778 0.7202 0.5030
vn 0.6734 -0.0000 0.7393
vn 0.2123 -0.0000 0.9772
vn -0.3231 -0.6251 -0.7106
vn -0.3271 -0.7000 -0.6348
vn 0.2595 0.9658 -0.0000
vn -0.6744 -0.7062 -0.2155
vn -0.7761 -0.6261 -0.0748
vn -0.7146 -0.6986 -0.0353
vn -0.6916 -0.7057 0.1538
vn -0.7097 -0.6258 0.3237
vn -0.6361 -0.6994 0.3260
vn -0.5250 -0.7034 0.4792
vn -0.4528 -0.6267 0.6342
vn -0.3873 -0.6983 0.6020
vn -0.2163 -0.7097 0.6704
vn -0.0752 -0.6249 0.7771
vn -0.0347 -0.6986 0.7146
vn 0.3230 -0.6261 0.7097
vn 0.3272 -0.6988 0.6360
vn 0.4760 -0.7072 0.5227
vn 0.6346 -0.6263 0.4529
vn 0.6019 -0.6983 0.3875
vn 0.6737 -0.7060 0.2184
vn 0.7767 -0.6253 0.0755
vn 0.7135 -0.6998 0.0337
vn 0.6916 -0.7072 -0.1468
vn 0.7098 -0.6256 -0.3237
vn 0.6356 -0.6992 -0.3274
vn 0.5218 -0.7077 -0.4763
vn 0.4528 -0.6267 -0.6342
vn 0.3872 -0.6994 -0.6008
vn 0.2161 -0.7073 -0.6731
vn 0.0751 -0.6252 -0.7768
vn 0.0344 -0.6992 -0.7141
vn -0.1500 -0.7068 -0.6914
vn 0.3132 -0.5709 0.7589
vn 0.3083 -0.5706 0.7612
vn 0.2702 -0.7001 0.6609
vn 0.6598 -0.7004 0.2724
vn 0.5002 0.7067 0.5003
vn 0.1953 0.7283 -0.6569
vn -0.7081 -0.0000 0.7061
vn -0.2340 -0.8798 0.4137
vn 0.7339 -0.6725 -0.0950
vn 0.3960 -0.9145 -0.0828
vn 0.6435 0.7121 -0.2807
vn -0.1166 0.1152 -0.9865
vn -0.0396 0.9969 -0.0676
vn 0.0041 1.0000 0.0078
vn 0.6832 -0.2580 0.6832
vn 0.1559 0.9835 0.0914
vn -0.5126 0.7013 -0.4954
vn 0.3352 0.4425 -0.8318
vn 0.0429 0.1841 -0.9820
vn -0.0058 -0.7202 -0.6938
vn -0.3538 -0.7144 -0.6037
vn -0.4531 0.1834 -0.8724
vn -0.2117 0.1873 -0.9592
vn -0.6126 -0.7087 -0.3499
vn -0.8281 0.1833 -0.5298
vn -0.6622 0.1871 -0.7256
vn -0.7116 -0.7026 0.0020
vn -0.9820 0.1835 -0.0456
vn -0.9361 0.1870 -0.2978
vn -0.6212 -0.6964 0.3594
vn -0.8738 0.1827 0.4507
vn -0.9599 0.1867 0.2092
vn -0.3625 -0.6899 0.6266
vn -0.5320 0.1830 0.8267
vn -0.7276 0.1868 0.6601
vn -0.0020 -0.6832 0.7303
vn -0.0483 0.1835 0.9818
vn -0.3006 0.1873 0.9352
vn 0.3655 -0.6760 0.6398
vn 0.4483 0.1828 0.8750
vn 0.2064 0.1879 0.9602
vn 0.6410 -0.6694 0.3756
vn 0.8251 0.1840 0.5343
vn 0.6582 0.1870 0.7292
vn 0.9609 0.1872 -0.2039
vn 0.7496 -0.6619 0.0062
vn 0.9818 0.1831 0.0511
vn 0.9344 0.1872 0.3032
vn 0.6912 0.7069 0.1499
vn -0.8184 0.1138 0.5632
vn 0.7820 0.5408 -0.3098
vn 0.3052 0.5402 -0.7842
vn 0.7940 0.1863 0.5787
vn 0.7643 0.1136 0.6347
vn 0.7675 0.4349 0.4709
vn 0.7531 0.3708 0.5435
vn 0.2590 0.9659 0.0068
vn 0.4853 0.5131 -0.7079
vn 0.4993 -0.1042 -0.8601
vn -0.3530 -0.8664 -0.3532
vn -0.9659 0.2588 0.0001
vn -0.5879 -0.5556 -0.5879
vn -0.3600 0.6939 0.6236
vn -0.9971 0.0013 -0.0761
vn 0.7001 -0.4267 -0.5725
vn 0.8899 0.3726 -0.2632
vn 0.6930 0.6707 -0.2643
vn -0.9660 0.2586 -0.0000
vn 0.1690 0.9855 -0.0132
vn 0.6731 0.3044 0.6740
vn 0.6993 0.1653 0.6955
vn -0.0000 1.0000 -0.0055
vn 0.6945 0.1880 0.6945
vn -0.5454 0.6377 -0.5439
vn 0.7307 -0.0000 0.6827
vn 0.9120 0.4081 -0.0401
vn 0.7923 0.6023 -0.0979
vn 0.5275 0.8476 0.0577
vn -0.5289 -0.3968 0.7502
vn -0.2585 -0.9660 0.0066
vn 0.9862 0.1114 0.1227
vn 0.1831 -0.9659 0.1831
vn 0.7098 0.0110 0.7043
vn 0.1624 -0.9728 0.1655
vn 0.3953 0.8849 0.2465
vn 0.9123 0.4059 0.0548
vn 0.9333 0.3471 -0.0921
vn -0.1070 0.9880 -0.1112
vn 0.6189 0.7854 0.0068
vn 0.5121 0.8334 -0.2081
vn 0.9202 0.3914 -0.0003
vn 0.6147 0.7887 -0.0069
vn 0.9973 0.0204 0.0707
vn 0.9997 0.0222 -0.0113
vn 0.8268 0.0167 -0.5623
vn 0.9853 0.1696 0.0185
vn -0.9200 -0.0032 0.3920
vn -0.6476 -0.0000 0.7620
vn 0.2591 -0.9659 -0.0000
vn 0.7071 -0.7071 -0.0000
vn -0.9659 0.2588 -0.0002
vn 0.6829 0.2594 0.6829
vn -0.6829 -0.2589 -0.6831
vn 0.7598 -0.5727 0.3076
vn -0.0000 -0.3762 0.9265
vn 0.6224 0.6953 -0.3594
vn -0.2863 -0.9448 -0.1596
vn -0.5771 -0.7389 -0.3479
vn -0.4630 0.5863 -0.6647
vn -0.0269 -0.9966 -0.0780
vn -0.3478 -0.7391 -0.5768
vn -0.0000 0.9990 -0.0454
vn -0.1447 0.9726 -0.1821
vn 0.1629 0.8956 -0.4139
vn 0.0906 -0.8967 -0.4332
vn 0.0670 -0.6894 -0.7213
vn -0.1606 0.5993 -0.7842
vn -0.4615 0.1011 -0.8814
vn 0.7074 0.0002 -0.7068
vn -0.0705 0.2419 -0.9677
vn -0.0345 0.6992 -0.7141
vn -0.2579 0.9239 -0.2826
vn -0.1955 0.9657 -0.1708
vn -0.0897 0.9895 -0.1136
vn 0.1121 -0.0000 -0.9937
vn 0.6830 0.2587 -0.6831
vn -0.1828 0.9659 -0.1832
vn -0.5845 -0.0626 0.8090
vn 0.2984 -0.8969 0.3264
vn 0.7066 0.7060 -0.0487
vn 0.7549 -0.1931 0.6267
vn 0.6486 -0.4409 0.6205
vn 0.8690 0.4758 0.1359
vn 0.6296 0.6080 0.4837
vn 0.3563 0.8653 0.3525
vn 0.7306 0.4189 -0.5392
vn 0.5121 0.7070 0.4878
vn 0.5233 0.6079 0.5972
vn -0.0223 0.9524 0.3041
vn 0.7066 -0.0005 -0.7076
vn -0.4750 -0.7063 -0.5249
vn 0.6831 0.2581 0.6832
vn 0.1515 0.8649 0.4785
vn 0.7069 -0.0002 -0.7073
vn 0.4912 0.7193 0.4912
vn -0.0000 0.3762 -0.9265
vn 0.9999 0.0124 0.0030
vn 0.9996 0.0268 -0.0000
vn 0.9943 -0.1068 -0.0000
vn 0.7070 0.0175 0.7070
vn -0.6056 0.2568 0.7532
vn 0.5624 0.0168 -0.8267
vn 0.9988 0.0498 -0.0000
vn -0.1904 0.8518 0.4881
vn 0.9884 0.0405 0.1464
vn 0.9521 -0.0169 0.3055
vn 0.1104 0.5396 0.8346
vn 0.9614 0.0090 -0.2749
vn 0.5891 -0.0660 -0.8054
vn 0.9398 0.1204 -0.3199
vn 0.4049 0.2109 0.8897
vn 0.4560 0.0172 0.8898
vn 0.9511 0.0175 0.3084
vn 0.9742 0.2050 0.0943
vn 0.9985 0.0171 0.0520
vn 0.9780 0.0175 -0.2077
vn 0.4119 0.0182 -0.9110
vn 0.3622 -0.0521 -0.9306
vn 0.0938 0.2304 -0.9686
vn 0.0436 0.0169 -0.9989
vn -0.2155 0.0175 -0.9763
vn -0.4034 0.2276 -0.8863
vn -0.4609 0.0172 -0.8873
vn -0.9528 0.0175 -0.3031
vn -0.9705 0.2222 -0.0940
vn -0.9988 0.0170 -0.0464
vn -0.9769 0.0174 0.2128
vn -0.8880 0.2195 0.4041
vn -0.8886 0.0171 0.4584
vn -0.3059 0.0175 0.9519
vn -0.0941 0.2137 0.9724
vn -0.0491 0.0169 0.9986
vn 0.2101 0.0173 0.9775
vn 0.1083 0.9880 -0.1103
vn -0.9990 0.0428 0.0154
vn 0.1054 0.7320 0.6731
vn -0.0839 -0.3131 -0.9460
vn 0.6691 0.7089 0.2229
vn 0.2283 0.4318 -0.8726
vn 0.3001 0.3703 -0.8791
vn 0.8105 0.0999 -0.5771
vn -0.6323 0.6393 -0.4376
vn 0.1519 0.5675 -0.8093
vn 0.5988 0.1626 0.7842
vn -0.6480 0.4442 -0.6187
vn 0.2145 0.4112 -0.8860
vn -0.3526 0.8653 -0.3563
vn 0.3386 0.1358 -0.9311
vn -0.6322 0.4472 -0.6328
vn -0.6623 0.3554 -0.6596
vn 0.6967 0.1627 0.6987
vn 0.5003 0.7066 0.5004
vn 0.0106 0.9999 -0.0104
vn -0.1384 0.9807 -0.1381
vn -0.7219 0.6529 -0.2293
vn 0.1834 -0.9658 0.1833
vn 0.8238 -0.1054 0.5570
vn 0.1352 0.9223 -0.3620
vn -0.1044 -0.2771 -0.9551
vn -0.4985 0.8661 0.0371
vn 0.9991 0.0204 -0.0366
vn -0.4324 0.8809 -0.1924
vn -0.8936 -0.0507 -0.4459
vn -0.3089 0.8766 -0.3689
vn -0.3441 -0.7985 -0.4939
vn -0.3638 0.5503 -0.7515
vn -0.0708 0.9034 -0.4230
vn -0.0424 0.4470 0.8935
vn -0.2755 0.8256 0.4924
vn -0.4832 0.3199 0.8150
vn -0.4927 0.7080 0.5060
vn -0.6239 0.6803 0.3847
vn 0.0665 0.3458 0.9359
vn -0.9283 0.3636 -0.0785
vn -0.9666 0.0174 -0.2558
vn -0.8870 0.1319 -0.4426
vn 0.1166 0.1152 0.9865
vn -0.3584 -0.0071 0.9335
vn -0.9166 0.0173 0.3994
vn -0.7895 0.0174 0.6135
vn -0.6131 0.0173 0.7898
vn -0.4995 0.2016 0.8426
vn -0.3989 0.0173 0.9168
vn -0.3595 0.6952 0.6225
vn 0.6124 -0.3535 -0.7071
vn -0.7580 -0.1939 -0.6227
vn -0.0000 0.7314 0.6820
vn 0.2517 -0.9391 0.2340
vn -0.0105 -0.9999 0.0105
vn -0.1227 -0.9848 -0.1228
vn -0.5587 -0.0000 0.8294
vn -0.5000 0.8660 -0.0000
vn -0.0276 0.1028 0.9943
vn -0.7195 0.6945 -0.0000
vn -0.6129 0.4987 -0.6129
vn 0.9785 -0.0000 -0.2065
vn 0.7072 0.0001 -0.7071
vn 0.1952 -0.7286 -0.6566
vn 0.5404 0.0135 -0.8413
vn 0.6955 0.6950 -0.1825
vn -0.7244 0.2584 -0.6391
vn -0.3781 0.8450 -0.3782
vn -0.5031 -0.7202 -0.4776
vn -0.6597 0.3592 -0.6601
vn 0.3710 0.8513 0.3709
vn -0.4882 -0.7144 -0.5014
vn 0.6037 -0.5210 0.6034
vn -0.7030 0.1060 -0.7033
vn -0.5766 -0.5787 -0.5767
vn -0.5396 -0.7063 -0.4581
vn -0.4516 -0.7692 -0.4522
vn -0.8968 0.1572 0.4136
vn 0.7035 -0.0000 -0.7107
vn -0.4996 -0.1089 0.8594
vn 0.4052 -0.2393 -0.8824
vn 0.4816 -0.2932 -0.8259
vn 0.6857 -0.4105 -0.6011
vn 0.7786 -0.4756 -0.4093
vn 0.7097 -0.0020 -0.7045
vn 0.5387 -0.4195 -0.7306
vn 0.8934 0.0489 0.4467
vn 0.9330 0.0711 -0.3527
vn 0.9274 0.2482 -0.2799
vn 0.7074 -0.0010 -0.7068
vn -0.9763 0.2104 -0.0504
vn 0.4900 0.3490 -0.7988
vn 0.4446 0.2662 -0.8553
vn 0.4298 0.3909 -0.8140
vn -0.9134 -0.4014 -0.0679
vn -0.2144 0.4129 0.8852
vn 0.7567 -0.2582 -0.6006
vn 0.7272 -0.0781 -0.6819
vn 0.6046 0.2548 -0.7546
vn 0.0228 0.4181 -0.9081
vn -0.3263 -0.8973 -0.2974
vn 0.8008 0.3670 -0.4733
vn 0.8730 0.2866 -0.3946
vn 0.8023 0.1479 -0.5783
vn 0.8308 0.0267 -0.5560
vn -0.4881 0.8518 0.1904
vn 0.7464 -0.1569 -0.6468
vn 0.7813 -0.3313 0.5290
vn 0.8508 -0.3163 -0.4197
vn 0.7917 -0.1686 -0.5872
vn 0.7187 -0.2069 -0.6638
vn -0.6519 0.1540 0.7425
vn 0.3600 -0.2811 -0.8896
vn 0.6321 0.6399 0.4370
vn -0.1606 0.5992 -0.7843
vn 0.7814 0.3311 0.5290
vn 0.5336 -0.0185 -0.8456
vn -0.3768 -0.7435 -0.5526
vn -0.6331 0.0855 -0.7693
vn 0.0024 0.5302 -0.8479
vn 0.6226 0.6949 0.3598
vn -0.7108 -0.0000 0.7034
vn -0.7041 -0.0916 0.7042
vn 0.7218 0.6532 0.2288
vn 0.3595 0.6949 -0.6228
vn 0.7078 -0.0000 -0.7064
vn -0.0000 0.6937 0.7202
vn 0.5109 0.6913 0.5110
vn 0.6829 -0.2590 0.6830
vn 0.9952 0.0169 0.0963
vn -0.0000 -1.0000 0.0002
vn -0.2428 0.9701 0.0030
vn 0.2586 0.9660 -0.0000
vn 0.5073 0.7073 -0.4924
vn -0.0000 0.2588 -0.9659
vn 0.9136 -0.4012 0.0658
vn -0.0000 -0.0011 1.0000
vn -0.4585 0.7032 0.5434
vn 0.1035 -0.3861 -0.9166
vn -0.1708 -0.6382 0.7507
vn 0.5427 0.7038 -0.4584
vn -0.9952 0.0169 -0.0963
vn -0.0000 0.2588 0.9659
vn -0.7551 0.5662 -0.3305
vn -0.7549 0.5711 -0.3224
vn -0.6465 0.7098 -0.2797
vn -0.2825 0.7097 -0.6454
vn 0.5901 0.5503 0.5907
vn -0.9199 0.0146 -0.3919
vn -0.3919 0.0146 -0.9199
vn 0.6889 0.6954 0.2046
vn 0.3317 -0.0000 -0.9434
vn 0.2500 -0.9326 0.2604
vn 0.2537 -0.0000 -0.9673
vn 0.3538 -0.8658 0.3538
vn 0.2727 0.8353 0.4775
vn -0.6125 -0.4996 -0.6126
vn 0.6235 0.6941 -0.3599
vn 0.7145 0.6988 -0.0348
vn 0.9203 -0.0000 0.3913
vn -0.5080 0.7060 0.4934
vn -0.5003 -0.7067 -0.5004
vn -0.1808 0.9835 0.0005
vn 0.1828 0.9660 0.1827
vn 0.6932 0.1953 0.6938
vn 0.4583 0.7038 -0.5427
vn -0.5432 0.7033 0.4587
vn 0.6477 -0.0000 -0.7619
vn -0.7010 0.1309 -0.7010
vn 0.7546 0.5670 0.3303
vn -0.0174 0.7955 0.6057
vn 0.7547 0.5715 0.3223
vn 0.6470 0.7093 0.2798
vn -0.0000 0.8648 -0.5022
vn 0.2825 0.7097 0.6454
vn 0.9199 0.0146 0.3919
vn -0.6803 0.6975 -0.2250
vn 0.3919 0.0145 0.9199
vn -0.4998 0.7073 -0.4999
vn 0.6830 0.2589 -0.6830
vn -0.2930 0.7070 -0.6436
vn 0.1565 0.9835 -0.0906
vn 0.2476 -0.9240 -0.2913
vn 0.1555 0.9848 -0.0774
vn 0.6946 -0.1919 0.6934
vn 0.2223 -0.8297 -0.5120
vn -0.5736 0.8191 -0.0000
vn 0.5356 -0.6366 -0.5549
vn -0.0000 0.0925 0.9957
vn 0.8279 -0.0000 0.5609
vn -0.0000 -0.0907 -0.9959
vn -0.8125 -0.0000 -0.5829
vn 0.7069 -0.0000 0.7073
vn 0.8238 0.1045 0.5572
vn -0.2108 0.6838 -0.6986
vn -0.4997 0.7074 -0.4998
vn 0.9265 -0.3762 -0.0000
vn -0.0085 0.0307 -0.9995
vn -0.6915 0.7065 -0.1506
vn -0.0000 0.9897 -0.1431
vn 0.2075 0.7237 -0.6582
vn 0.6724 -0.3091 0.6725
vn 0.1829 -0.9660 0.1830
vn -0.6436 0.7071 0.2929
vn -0.0000 0.6786 0.7345
vn 0.6829 -0.2588 -0.6831
vn -0.0000 0.9659 -0.2588
vn -0.6832 -0.2587 -0.6829
vn -0.3350 -0.0882 0.9381
vn 0.9494 -0.0000 0.3140
vn 0.3595 0.6954 0.6223
vn 0.3940 0.8303 0.3940
vn 0.9174 -0.0000 -0.3981
vn 0.4206 0.5302 0.7362
vn -0.0107 0.3712 0.9285
vn -0.4899 -0.7070 -0.5100
vn -0.6829 0.2597 -0.6828
vn -0.4760 0.7395 -0.4760
vn -0.0000 0.9397 0.3420
vn -0.6832 -0.2584 -0.6830
vn -0.6738 0.0170 -0.7388
vn 0.2962 0.9397 -0.1710
vn 0.4108 0.7072 -0.5754
vn -0.8192 -0.5736 -0.0000
vn 0.1718 0.6411 -0.7480
vn -0.6129 -0.4989 -0.6128
vn -0.8138 -0.3419 0.4699
vn -0.0000 -0.3416 0.9399
vn -0.6128 -0.4988 -0.6129
vn -0.5000 0.7071 -0.4999
vn 0.7028 -0.0017 -0.7114
vn 0.6642 -0.3427 0.6644
vn -0.0000 0.6398 -0.7685
vn -0.0000 0.3422 -0.9396
vn 0.3540 0.8656 0.3540
vn 0.8660 -0.0003 0.5000
vn 0.1830 -0.9659 -0.1829
vn 0.6829 0.2596 0.6829
vn 0.4999 -0.7073 0.4999
vn -0.0000 0.6945 0.7195
vn -0.0446 0.1666 0.9850
vn -0.1823 0.6957 0.6948
vn -0.9825 0.1862 -0.0000
vn -0.0000 -0.0006 -1.0000
vn 0.9961 0.0886 -0.0000
vn -0.9939 0.1104 -0.0000
vn -0.3935 0.8304 -0.3944
vn -0.6725 -0.3091 -0.6725
vn -0.0019 0.0070 1.0000
vn 0.4998 0.7073 0.5000
vn -0.0000 0.0942 -0.9956
vn -0.8195 -0.0000 -0.5731
vn -0.0000 -0.0925 0.9957
vn 0.8202 -0.0000 0.5721
vn -0.8238 0.1045 -0.5572
vn -0.6233 0.6942 -0.3599
vn 0.3930 0.8314 0.3927
vn -0.5101 0.6975 -0.5032
vn 0.4245 0.5305 -0.7337
vn 0.1559 0.9878 -0.0000
vn -0.6596 0.3604 0.6596
vn -0.4840 -0.7290 -0.4841
vn 0.0236 0.0882 -0.9958
vn 0.9939 0.1104 -0.0000
vn -0.0000 -0.6773 -0.7357
vn 0.1828 0.9660 0.1829
vn -0.8724 0.4887 -0.0000
vn 0.5002 -0.0000 -0.8659
vn -0.5879 0.5557 -0.5879
vn 0.5528 0.6234 -0.5530
vn 0.6829 0.2589 -0.6831
vn 0.9825 0.1862 -0.0000
vn 0.4999 -0.7073 0.4998
vn -0.0863 -0.3221 0.9428
vn 0.1831 0.9659 0.1829
vn -0.4830 0.2588 -0.8365
vn -0.1979 0.9802 -0.0000
vn -0.1713 0.6390 0.7499
vn 0.2589 -0.9659 -0.0000
vn -0.2848 -0.0000 -0.9586
vn 0.4625 0.4905 0.7386
vn 0.0106 -0.9999 -0.0104
vn -0.2392 -0.0000 -0.9710
vn -0.0000 -0.9827 0.1851
vn -0.3534 -0.8663 -0.3531
vn -0.5002 0.7067 -0.5003
vn -0.6232 0.6943 0.3599
vn 0.1378 -0.9808 0.1379
vn -0.0000 -0.3416 -0.9399
vn -0.6123 0.5002 -0.6123
vn -0.0000 -1.0000 0.0004
vn -0.8420 0.0192 -0.5392
vn -0.5648 0.7031 -0.4321
vn 0.3536 0.8661 0.3534
vn -0.0950 0.3541 0.9304
vn 0.7071 0.7071 -0.0000
vn -0.0000 0.7247 -0.6891
vn -0.0963 0.0168 0.9952
vn -0.6124 0.3536 -0.7071
vn 0.2046 0.6955 0.6888
vn 0.7769 -0.6296 -0.0000
vn 0.2847 -0.0000 0.9586
vn 0.2612 -0.0000 0.9653
vn -0.7620 -0.0000 0.6476
vn -0.7360 0.5305 -0.4205
vn 0.5000 -0.7070 0.5001
vn -0.0000 -0.8977 -0.4406
vn -0.0000 0.4472 -0.8944
vn -0.7126 -0.0000 0.7016
vn 0.6924 0.2048 0.6918
vn -0.6124 0.3536 0.7071
vn 0.6124 -0.3536 0.7071
vn -0.2613 -0.0000 -0.9653
vn -0.0000 -0.2589 0.9659
vn 0.2962 -0.9397 -0.1710
vn -0.2355 0.8786 0.4154
vn 0.7071 0.5000 -0.5000
vn -0.0000 -0.2588 -0.9659
vn -0.0000 -0.0007 -1.0000
vn -0.0000 0.9752 0.2212
vn -0.0000 -0.7071 -0.7071
vn -0.0000 -0.9659 0.2588
vn 0.3598 0.6944 -0.6232
vn -0.6935 -0.1957 -0.6934
vn 0.1787 -0.6663 -0.7239
vn -0.2590 0.9659 -0.0000
vn -0.3594 0.6952 0.6225
vn 0.5835 0.4672 -0.6643
vn 0.7504 -0.1529 -0.6430
vn 0.1848 -0.6898 0.7000
vn -0.2534 0.9456 0.2038
vn -0.0447 0.1667 0.9850
vn -0.2392 0.8923 -0.3828
vn 0.1382 -0.5160 -0.8453
vn 0.0221 -0.0825 -0.9963
vn -0.6827 -0.2595 -0.6830
vn 0.0445 -0.1660 -0.9851
vn 0.6796 0.6983 0.2248
vn -0.3926 0.8314 -0.3932
vn -0.2401 0.8960 -0.3735
vn -0.2589 -0.0000 0.9659
vn 0.2450 -0.9145 0.3219
vn -0.0338 0.1263 -0.9914
vn 0.7075 -0.0029 -0.7067
vn 0.6227 0.6950 0.3595
vn -0.2263 0.8448 -0.4848
vn -0.5000 -0.7072 -0.4999
vn -0.6832 0.2588 0.6829
vn 0.2822 0.2152 0.9349
vn -0.7314 0.4941 -0.4700
vn -0.0342 0.1288 0.9911
vn -0.1804 0.6732 -0.7171
vn -0.7047 0.0001 0.7095
vn 0.2536 0.9477 -0.1937
vn -0.3543 -0.8653 -0.3545
vn 0.1489 0.9888 -0.0067
vn -0.2538 0.9476 0.1941
vn 0.6226 0.6952 -0.3594
vn 0.1831 0.9659 0.1833
vn -0.2321 0.8657 -0.4434
vn -0.0713 -0.0000 -0.9975
vn -0.2962 -0.9397 -0.1710
vn 0.2553 -0.9528 0.1640
vn 0.7057 0.0006 -0.7086
vn -0.7110 -0.0000 0.7031
vn -0.1781 0.6644 0.7259
vn 0.6565 -0.0000 -0.7543
vn 0.2005 -0.7484 -0.6322
vn -0.1745 0.6514 -0.7384
vn -0.0105 0.9999 0.0105
vn -0.3520 0.8673 -0.3520
vn 0.4233 -0.0000 0.9060
vn -0.4997 -0.7075 -0.4997
vn -0.6830 0.2586 -0.6831
vn 0.2012 -0.0000 0.9795
vn -0.0243 0.0918 0.9955
vn -0.0000 0.7247 0.6891
vn 0.0916 -0.3418 -0.9353
vn 0.2321 -0.8659 0.4431
vn 0.8660 -0.0003 -0.5000
vn -0.9659 0.2590 -0.0000
vn -0.5001 0.7072 0.4999
vn -0.6960 0.6945 0.1824
vn 0.6224 0.6951 -0.3597
vn 0.6596 0.3604 -0.6596
vn -0.2476 0.9239 0.2919
vn -0.2256 0.8378 -0.4973
vn -0.0861 0.3213 0.9431
vn 0.9831 -0.1831 -0.0000
vn 0.9268 0.0141 0.3753
vn 0.0906 0.9835 -0.1566
vn -0.0591 0.2205 -0.9736
vn -0.0000 0.9878 -0.1560
vn 0.2225 -0.8301 0.5112
vn -0.6931 -0.1960 -0.6937
vn -0.3542 -0.8655 -0.3540
vn 0.5000 0.8660 -0.0000
vn 0.2588 0.9659 -0.0023
vn -0.6833 0.2580 -0.6831
vn -0.4472 0.8944 -0.0000
vn -0.2515 0.9383 -0.2374
vn 0.3523 -0.8671 0.3522
vn 0.4309 -0.7917 -0.4330
vn -0.3516 -0.8676 -0.3516
vn 0.1782 -0.6649 -0.7253
vn -0.4998 -0.0000 -0.8661
vn 0.2554 0.9522 -0.1675
vn 0.1383 -0.9806 0.1386
vn -0.1723 0.9699 -0.1723
vn -0.9562 0.2927 -0.0000
vn -0.7041 -0.0012 0.7101
vn -0.9494 -0.0000 -0.3141
vn 0.6722 -0.0000 -0.7404
vn 0.8410 -0.0000 -0.5411
vn -0.8477 0.5304 -0.0071
vn -0.0000 0.6955 -0.7185
vn 0.9999 0.0123 0.0019
vn -0.6724 -0.3092 -0.6726
vn 0.0713 -0.0000 0.9975
vn 0.6924 -0.2048 0.6918
vn -0.8134 0.3432 -0.4696
vn -0.2265 -0.8454 -0.4838
vn 0.6829 0.2588 0.6832
vn 0.1832 0.9659 0.1832
vn 0.3935 -0.8305 0.3941
vn -0.5000 -0.7072 0.4998
vn 0.5002 -0.7069 0.5001
vn 0.5003 0.7067 0.5003
vn -0.0005 0.9835 0.1808
vn 0.0905 0.3383 0.9367
vn 0.0863 0.3220 -0.9428
vn 0.6893 0.2225 -0.6895
vn 0.1828 -0.9660 0.1829
vn -0.6912 0.7067 -0.1507
vn -0.3915 -0.8328 -0.3915
vn 0.6127 0.4991 0.6127
vn 0.1828 -0.9660 0.1827
vn 0.9657 -0.0087 0.2595
vn 0.8137 0.0169 0.5810
vn -0.7071 0.5000 0.5000
vn -0.1871 0.6986 0.6906
vn 0.1830 -0.9659 -0.1830
vn 0.2063 -0.0000 -0.9785
vn -0.2842 -0.0000 0.9588
vn -0.2779 0.8354 -0.4743
vn -0.3600 0.6940 -0.6235
vn 0.2571 0.9585 0.1233
vn 0.9200 -0.0032 -0.3920
vn 0.0248 -0.0924 -0.9954
vn -0.9975 -0.0000 -0.0713
vn -0.8660 -0.0003 0.5000
vn -0.3255 0.0174 -0.9454
vn 0.2572 0.9594 -0.1156
vn 0.2299 -0.8584 -0.4586
vn 0.1755 0.6558 0.7343
vn -0.7073 -0.0000 0.7070
vn 0.3592 0.6955 -0.6223
vn 0.5897 0.5525 0.5891
vn -0.6829 0.2588 -0.6831
vn -0.6436 -0.0000 -0.7654
vn -0.9975 -0.0000 -0.0714
vn 0.3964 -0.8281 0.3964
vn -0.1731 -0.0000 0.9849
vn 0.6830 -0.2591 0.6829
vn 0.0236 0.0886 0.9958
vn -0.0654 -0.2440 0.9676
vn 0.6123 -0.5001 0.6123
vn 0.0450 0.1679 -0.9848
vn 0.1785 0.6659 0.7243
vn -0.9659 -0.0087 -0.2587
vn -0.1114 -0.4159 0.9026
vn 0.2261 0.8451 0.4845
vn 0.1662 0.2842 0.9443
vn -0.2962 0.9397 -0.1710
vn -0.2530 -0.9451 0.2068
vn 0.6228 0.6946 -0.3600
vn 0.1482 0.6959 -0.7027
vn 0.7073 0.0002 -0.7069
vn 0.6124 -0.5001 0.6123
vn 0.6120 0.5008 0.6121
vn 0.2273 -0.8459 0.4825
vn 0.7017 -0.0000 -0.7125
vn -0.9937 -0.0000 0.1119
vn -0.3931 0.8309 -0.3937
vn -0.0512 -0.1913 -0.9802
vn 0.1803 0.6724 0.7179
vn -0.6122 0.5004 -0.6122
vn 0.2021 0.7542 -0.6248
vn -0.2570 -0.9600 -0.1114
vn -0.4829 0.2588 0.8365
vn -0.4999 -0.0000 -0.8661
vn 0.7047 0.0023 -0.7095
vn -0.3592 0.6955 -0.6223
vn 0.6829 -0.2592 0.6830
vn 0.1364 0.9812 0.1367
vn -0.0917 0.3420 0.9352
vn 0.0017 -0.0064 -1.0000
vn -0.6122 -0.5004 -0.6122
vn 0.0964 0.3595 0.9281
vn 0.2570 0.9585 0.1232
vn -0.3598 0.6945 0.6231
vn -0.2323 -0.8671 -0.4406
vn -0.2143 0.8000 -0.5605
vn 0.7361 0.5304 0.4205
vn 0.3256 0.0175 0.9454
vn -0.2822 0.2152 -0.9349
vn -0.1389 0.9805 -0.1389
vn -0.3592 0.6956 -0.6222
vn 0.0244 0.0917 -0.9955
vn 0.1299 -0.4848 0.8649
vn 0.7071 -0.0000 0.7072
vn 0.4302 0.4901 0.7581
vn 0.2573 0.9601 0.1100
vn -0.3543 -0.8655 -0.3541
vn -0.7073 -0.0000 -0.7070
vn 0.1525 0.9721 -0.1780
vn -0.0867 -0.3232 -0.9423
vn 0.6933 -0.1964 0.6933
vn -0.0244 -0.0887 0.9958
vn -0.5019 0.7142 -0.4879
vn -0.2327 -0.8696 -0.4356
vn 0.6063 -0.5145 0.6064
vn -0.4995 -0.0000 0.8663
vn -0.1616 -0.9728 0.1659
vn -0.5000 0.7071 0.5001
vn 0.9587 -0.0000 0.2843
vn -0.6129 -0.4987 -0.6129
vn 0.1830 -0.9660 0.1829
vn -0.4999 0.7072 -0.5000
vn -0.1953 -0.7289 0.6561
vn -0.0918 -0.3426 0.9350
vn -0.7583 0.1925 -0.6228
vn -0.6230 0.6946 0.3598
vn 0.0914 0.3413 -0.9355
vn 0.9439 -0.0000 0.3304
vn -0.6830 0.2592 -0.6829
vn 0.0070 0.5299 0.8480
vn 0.4752 -0.7073 0.5234
vn 0.3596 0.6949 0.6227
vn -0.9549 0.0219 0.2961
vn 0.3538 -0.8659 0.3536
vn 0.1777 -0.6628 -0.7274
vn 0.6829 0.2592 0.6830
vn 0.6125 -0.4998 0.6124
vn 0.3947 -0.8297 0.3947
vn 0.7059 -0.0000 -0.7083
vn -0.1830 -0.9659 0.1830
vn 0.1228 -0.9848 0.1228
vn 0.6830 -0.2585 0.6831
vn 0.6369 0.4350 -0.6365
vn 0.6124 0.5000 0.6124
vn -0.1298 -0.4850 -0.8648
vn 0.7074 -0.0001 -0.7068
vn -0.4913 0.7192 -0.4914
vn 0.4999 0.7073 0.4999
vn 0.7079 0.0002 -0.7063
vn 0.1781 0.6648 -0.7254
vn -0.6728 -0.2588 -0.6931
vn -0.6828 0.2594 -0.6830
vn -0.0000 -0.9397 -0.3420
vn -0.5321 -0.0000 0.8467
vn 0.8139 -0.3416 0.4699
vn -0.1934 0.7216 -0.6648
vn -0.1380 -0.9808 -0.1379
vn 0.0398 -0.1485 -0.9881
vn -0.1832 0.9658 -0.1832
vn -0.6918 0.7064 -0.1493
vn -0.3523 0.8670 -0.3523
vn -0.0288 -0.1072 0.9938
vn -0.6722 -0.0000 -0.7403
vn 0.5001 0.7068 0.5002
vn -0.6946 0.1875 -0.6946
vn -0.6722 -0.0000 0.7403
vn -0.8410 -0.0000 -0.5411
vn -0.0203 -0.0762 0.9969
vn 0.3539 0.8657 0.3539
vn -0.2517 0.9391 -0.2341
vn 0.3541 0.8656 0.3540
vn 0.7044 -0.0000 -0.7098
vn -0.7568 0.6535 0.0089
vn 0.0292 -0.1086 -0.9937
vn 0.4840 -0.7290 0.4841
vn -0.1380 0.9807 -0.1381
vn -0.6227 0.6950 -0.3594
vn -0.2535 -0.0000 0.9673
vn 0.3544 0.8653 0.3546
vn -0.2500 -0.9329 -0.2594
vn -0.0000 0.6945 -0.7195
vn 0.7080 -0.0000 -0.7062
vn 0.6144 0.4950 0.6144
vn 0.3598 0.6946 0.6230
vn 0.5204 -0.0000 0.8539
vn -0.0086 0.6527 0.7576
vn 0.2573 0.9611 0.1008
vn -0.6830 0.2586 -0.6830
vn 0.0336 0.1276 -0.9913
vn -0.6120 0.5007 -0.6122
vn 0.0019 0.0069 -1.0000
vn 0.2516 0.9378 -0.2392
vn 0.2440 -0.6168 -0.7483
vn 0.6128 -0.4990 0.6128
vn -0.6124 -0.3536 -0.7071
vn -0.9673 -0.0000 0.2538
vn 0.6120 -0.5009 0.6120
vn 0.4121 0.0174 -0.9110
vn 0.0445 0.1663 -0.9851
vn -0.9268 0.0147 -0.3753
vn 0.8141 -0.3412 -0.4700
vn -0.2541 -0.9483 -0.1901
vn 0.7072 -0.0001 -0.7071
vn -0.1489 -0.8178 -0.5558
vn -0.2727 0.8352 -0.4775
vn 0.7142 0.6991 -0.0343
vn -0.5003 0.7069 -0.5001
vn 0.2393 -0.0000 0.9710
vn 0.4997 -0.0000 -0.8662
vn -0.4840 -0.7290 -0.4840
vn -0.6229 0.6946 -0.3599
vn 0.7543 -0.0000 0.6565
vn -0.6833 -0.2585 -0.6828
vn 0.3595 0.6949 0.6228
vn 0.9814 -0.0000 0.1920
vn -0.7017 -0.0000 0.7125
vn 0.1520 -0.5670 0.8096
vn 0.0448 -0.1671 -0.9849
vn 0.3547 -0.8651 0.3546
vn -0.2573 -0.9601 -0.1098
vn 0.5320 -0.0000 -0.8467
vn -0.9203 -0.0000 -0.3913
vn 0.6832 0.2577 0.6832
vn -0.4999 0.7071 -0.5002
vn -0.0398 -0.1487 0.9881
vn -0.0000 -0.0009 -1.0000
vn -0.1832 0.9659 -0.1832
vn 0.0896 0.9835 0.1569
vn -0.6834 -0.2584 -0.6828
vn -0.3435 -0.6218 -0.7038
vn -0.2588 0.9659 -0.0005
vn -0.9591 0.2830 -0.0000
vn -0.6228 0.6949 0.3595
vn 0.3515 0.8676 0.3517
vn -0.2753 0.8354 0.4758
vn 0.5887 -0.5540 0.5887
vn -0.8663 -0.0000 0.4995
vn -0.7040 0.0917 -0.7042
vn 0.3596 0.6949 -0.6228
vn 0.0901 0.6974 -0.7110
vn 0.4998 0.7073 -0.4999
vn -0.3068 -0.9010 0.3067
vn -0.5159 0.3351 -0.7884
vn 0.0003 0.0124 -0.9999
vn 0.2594 0.7072 -0.6577
vn 0.1099 0.4103 -0.9053
vn 0.8139 -0.3416 -0.4699
vn 0.4999 0.7073 0.4998
vn 0.6894 0.2225 -0.6894
vn -0.6827 0.2595 -0.6830
vn 0.5645 0.7038 0.4313
vn -0.6434 0.7073 0.2928
vn 0.5000 0.7070 0.5001
vn 0.9652 -0.0000 0.2613
vn 0.0001 0.0123 -0.9999
vn 0.5616 0.0133 0.8273
vn 0.5866 0.5589 0.5860
vn 0.6126 0.4996 0.6125
vn -0.5076 0.6963 -0.5075
vn -0.0544 -0.2025 -0.9778
vn -0.7027 0.6959 0.1483
vn -0.8139 -0.3416 0.4699
vn 0.6642 0.3427 0.6644
vn -0.5404 0.0134 0.8413
vn 0.6830 0.2591 0.6829
vn -0.4999 0.7072 -0.4999
vn -0.9785 -0.0000 0.2062
vn -0.0000 0.9205 0.3907
vn -0.3068 -0.9009 0.3069
vn -0.0000 0.0002 1.0000
vn -0.2889 -0.0000 -0.9574
vn 0.2781 0.8351 0.4746
vn -0.9916 0.0173 0.1284
vn -0.1268 -0.4729 0.8719
vn 0.4999 -0.7071 0.5001
vn 0.2336 -0.8720 -0.4302
vn 0.2307 0.8620 -0.4513
vn -0.6830 -0.2584 -0.6832
vn -0.5715 0.0169 -0.8204
vn -0.7806 -0.3299 -0.5308
vn 0.1833 0.9658 0.1832
vn 0.2236 0.8349 -0.5029
vn 0.3201 0.9205 0.2241
vn -0.6116 0.5018 -0.6117
vn 0.6935 -0.1998 0.6922
vn -0.2573 0.9600 -0.1103
vn -0.7063 0.0006 0.7079
vn -0.5384 0.6527 -0.5330
vn 0.6831 -0.2591 0.6828
vn -0.6736 0.2558 -0.6934
vn 0.3432 -0.6217 0.7040
vn 0.6829 -0.2593 0.6830
vn 0.2125 0.3307 0.9195
vn 0.6126 0.4994 0.6127
vn 0.4759 0.8353 -0.2753
vn -0.6940 -0.1919 -0.6940
vn -0.4997 -0.7073 -0.4999
vn 0.3601 0.6939 0.6235
vn 0.3865 -0.8931 0.2301
vn 0.2513 0.9384 0.2371
vn -0.1873 -0.6994 0.6897
vn -0.8660 0.0006 -0.5000
vn 0.0446 0.1665 -0.9850
vn 0.5498 0.8353 -0.0015
vn 0.1371 0.9810 0.1376
vn 0.6118 -0.5015 0.6117
vn 0.7071 -0.0001 -0.7072
vn -0.2845 -0.0000 0.9587
vn -0.0000 -0.0001 1.0000
vn -0.4204 0.5305 -0.7361
vn 0.1833 0.9658 0.1834
vn 0.4142 0.0169 0.9100
vn 0.7175 -0.0006 0.6966
vn 0.3594 0.6955 0.6222
vn 0.4999 -0.0000 0.8661
vn 0.8321 -0.0000 0.5547
vn 0.2433 -0.9081 -0.3409
vn -0.0000 -0.9827 -0.1851
vn 0.1265 -0.4724 -0.8723
vn -0.3925 -0.8319 -0.3922
vn -0.2436 0.9699 0.0023
vn -0.0445 -0.1660 0.9851
vn 0.2076 0.9761 0.0645
vn -0.6226 0.6951 0.3594
vn -0.7175 -0.0006 -0.6966
vn 0.3592 0.6955 0.6224
vn 0.3534 0.8661 0.3535
vn 0.4759 0.7395 0.4761
vn -0.2513 0.9379 0.2391
vn -0.5905 0.5501 -0.5905
vn 0.9285 0.3711 -0.0108
vn 0.7338 0.5303 -0.4246
vn -0.7058 -0.0000 0.7084
vn -0.1304 -0.4868 -0.8638
vn -0.5867 0.8006 0.1218
vn -0.0000 0.6725 0.7401
vn -0.8851 0.3712 -0.2808
vn 0.2322 0.8668 0.4413
vn -0.5004 0.7066 -0.5002
vn -0.3068 -0.9010 0.3068
vn -0.2122 0.3298 -0.9199
vn 0.3528 0.8667 0.3527
vn 0.1524 0.5682 0.8087
vn 0.6830 0.2597 0.6827
vn -0.0964 0.3597 -0.9281
vn -0.6234 0.6941 0.3601
vn -0.2475 -0.9241 0.2912
vn 0.8421 0.2015 -0.5004
vn 0.1846 0.6889 -0.7009
vn -0.6830 -0.2592 -0.6829
vn -0.5001 0.7069 -0.5002
vn -0.0000 -0.2588 0.9659
vn -0.2476 -0.9243 0.2905
vn 0.9659 -0.0087 0.2586
vn -0.6227 0.6950 0.3595
vn -0.6124 0.5002 -0.6122
vn -0.2078 -0.9760 -0.0653
vn -0.1779 -0.6642 0.7261
vn -0.6939 0.1953 -0.6931
vn -0.6879 0.6964 -0.2045
vn -0.3550 -0.8647 -0.3553
vn 0.4999 0.7072 0.5000
vn -0.6230 0.6948 -0.3594
vn -0.2515 0.9383 -0.2373
vn -0.3928 -0.8317 -0.3925
vn 0.1782 0.6644 -0.7258
vn -0.1786 -0.6654 0.7248
vn -0.3523 0.8671 -0.3523
vn 0.6232 0.6944 0.3598
vn 0.6228 0.6949 0.3595
vn 0.5001 0.7069 0.5001
vn 0.6936 -0.1965 0.6930
vn 0.3600 0.6940 0.6235
vn -0.0292 -0.1084 0.9937
vn -0.1723 0.9698 -0.1723
vn 0.7109 -0.0029 -0.7033
vn 0.1181 0.4406 0.8899
vn 0.6892 -0.2226 -0.6895
vn 0.1738 0.6487 -0.7410
vn -0.3598 0.6943 0.6232
vn -0.5002 -0.0000 -0.8659
vn 0.4998 0.7075 0.4997
vn 0.3069 0.9009 -0.3069
vn 0.7070 0.0171 0.7070
vn 0.3753 0.0145 0.9268
vn -0.1248 0.9844 -0.1241
vn -0.0289 0.1080 -0.9937
vn -0.2119 -0.1928 0.9581
vn 0.1832 -0.9658 0.1832
vn -0.1931 -0.7217 -0.6647
vn -0.7145 0.6988 0.0343
vn -0.4119 0.0174 0.9110
vn 0.2475 0.9241 -0.2913
vn 0.1712 0.6387 -0.7502
vn 0.2590 0.9659 -0.0000
vn -0.1833 0.9658 -0.1833
vn -0.7073 -0.0000 0.7069
vn -0.2446 -0.6152 0.7495
vn -0.1299 -0.4841 -0.8653
vn -0.9285 0.3712 0.0108
vn 0.6829 -0.2596 0.6828
vn -0.0513 0.1919 0.9801
vn 0.1950 0.7287 -0.6564
vn -0.0000 0.9205 -0.3907
vn 0.2754 0.8352 -0.4760
vn 0.4285 0.5308 0.7312
vn 0.6019 -0.6985 0.3870
vn 0.1800 -0.6725 0.7179
vn 0.2321 0.8657 0.4435
vn -0.5878 0.8001 0.1197
vn 0.2575 0.9599 0.1107
vn 0.5002 -0.7068 0.5002
vn 0.6831 0.2588 -0.6829
vn 0.2514 0.9384 0.2372
vn -0.2571 -0.9603 -0.1086
vn -0.0587 -0.2198 -0.9738
vn 0.2516 0.9391 0.2342
vn 0.1934 0.7218 0.6646
vn -0.3599 0.6944 0.6231
vn -0.0354 -0.1318 -0.9906
vn 0.0511 0.1901 -0.9804
vn -0.1932 -0.7216 -0.6649
vn 0.6645 0.3422 0.6644
vn -0.6947 0.1873 -0.6945
vn 0.6724 -0.3092 0.6726
vn 0.0862 0.3216 -0.9429
vn 0.1874 0.6984 -0.6907
vn -0.2034 -0.7599 0.6173
vn 0.0448 0.1674 -0.9849
vn -0.6226 0.6950 -0.3597
vn 0.7569 0.6535 -0.0089
vn -0.1804 -0.6729 -0.7174
vn -0.7083 -0.0000 0.7059
vn -0.8108 0.0191 -0.5850
vn 0.6436 0.7072 -0.2928
vn 0.2532 0.9460 -0.2025
vn 0.6946 0.1871 0.6946
vn 0.6827 0.2598 0.6830
vn 0.3538 -0.8659 0.3537
vn -0.2121 0.3301 -0.9198
vn 0.0432 0.1611 -0.9860
vn 0.0919 0.3426 -0.9350
vn 0.1701 -0.6346 0.7539
vn -0.7266 -0.6844 -0.0600
vn -0.8311 -0.0000 -0.5561
vn 0.0351 0.1307 0.9908
vn -0.1520 -0.5671 -0.8095
vn -0.2511 -0.9379 0.2393
vn -0.1951 -0.7281 0.6572
vn -0.0916 -0.3419 0.9353
vn 0.2588 -0.9659 -0.0065
vn 0.2541 -0.9483 0.1902
vn 0.6829 0.2591 0.6830
vn -0.1831 -0.9659 0.1830
vn -0.1378 0.9808 -0.1382
vn -0.0926 0.0174 0.9956
vn -0.7062 -0.0000 0.7080
vn -0.0000 0.6944 0.7196
vn 0.0786 0.9655 0.2484
vn 0.0914 0.9835 0.1560
vn 0.0564 0.2108 -0.9759
vn -0.9961 0.0886 -0.0000
vn 0.3162 -0.0000 0.9487
vn 0.6233 0.6942 -0.3599
vn -0.1379 -0.5154 0.8458
vn -0.1846 -0.6893 -0.7005
vn -0.1716 0.6406 0.7485
vn 0.3531 0.8664 0.3530
vn 0.6829 -0.2588 0.6832
vn -0.6895 0.2226 0.6893
vn 0.3514 -0.8678 0.3513
vn -0.2516 -0.9391 -0.2341
vn 0.2382 0.8893 0.3904
vn 0.2478 0.9239 -0.2915
vn -0.0648 -0.2422 -0.9681
vn -0.2005 -0.7483 0.6324
vn -0.2432 -0.9079 0.3415
vn -0.0866 -0.3235 -0.9423
vn -0.6829 -0.2590 -0.6830
vn -0.5153 -0.6978 -0.4976
vn 0.0134 0.9852 -0.1709
vn -0.6230 0.6947 0.3596
vn -0.5738 0.4267 0.6991
vn -0.5087 0.6946 -0.5086
vn -0.5159 -0.3354 -0.7883
vn -0.4781 0.8652 -0.1512
vn 0.5218 0.6935 0.4967
vn 0.3536 0.8659 0.3538
vn -0.2591 -0.9659 -0.0000
vn 0.9193 -0.3309 0.2128
vn -0.1664 -0.2859 -0.9437
vn 0.6430 -0.0000 0.7659
vn -0.1565 0.9835 0.0905
vn -0.6941 0.6949 -0.1882
vn -0.8539 -0.0000 -0.5204
vn -0.0550 -0.2057 -0.9771
vn -0.1151 0.4295 -0.8957
vn 0.0209 0.0787 -0.9967
vn -0.1701 -0.6357 -0.7530
vn -0.9463 0.0178 0.3229
vn -0.2246 -0.8392 -0.4953
vn -0.3543 -0.8654 -0.3545
vn -0.2551 -0.9529 -0.1638
vn -0.7069 0.0002 0.7073
vn -0.1583 -0.5916 -0.7906
vn -0.6116 0.5016 -0.6118
vn -0.9278 0.2765 0.2506
vn 0.0737 0.2751 -0.9586
vn 0.6123 0.5001 0.6124
vn 0.1435 -0.5357 0.8321
vn -0.2510 -0.9378 0.2397
vn -0.6894 -0.2226 0.6894
vn 0.7120 -0.0000 0.7021
vn -0.7142 0.6991 0.0340
vn 0.2242 0.8392 0.4955
vn 0.2575 0.9611 0.0999
vn 0.2392 0.8922 0.3832
vn 0.8138 0.3419 0.4699
vn -0.5000 0.7069 -0.5002
vn -0.2554 -0.9533 0.1613
vn -0.5204 -0.0000 -0.8539
vn 0.9194 -0.3308 0.2128
vn -0.0701 -0.2616 0.9626
vn 0.0663 0.9752 0.2110
vn -0.1501 -0.5607 0.8143
vn -0.6828 0.2601 -0.6827
vn -0.2577 -0.9612 -0.0982
vn 0.6829 0.2590 0.6830
vn 0.2513 0.9379 -0.2392
vn -0.0000 0.6950 -0.7190
vn 0.0083 0.0307 0.9995
vn -0.6832 0.2587 -0.6829
vn -0.6832 0.2584 -0.6830
vn 0.0984 0.3677 -0.9247
vn -0.5110 0.6912 -0.5110
vn -0.2889 -0.0000 0.9574
vn 0.0059 0.8652 -0.5013
vn -0.2333 -0.8718 0.4307
vn 0.0339 0.1266 0.9914
vn -0.6914 0.7067 -0.1499
vn 0.6830 0.2585 0.6831
vn -0.3542 0.8654 -0.3544
vn -0.1694 -0.6328 0.7555
vn -0.2388 -0.8911 0.3858
vn -0.6717 0.0195 -0.7406
vn 0.2402 0.8964 -0.3725
vn 0.7265 -0.6846 0.0600
vn -0.5001 0.7070 -0.5000
vn 0.8663 -0.0000 0.4995
vn 0.7026 0.6960 -0.1480
vn 0.2528 0.9435 0.2140
vn -0.0000 0.6943 -0.7197
vn -0.6122 0.5002 -0.6123
vn -0.2453 -0.9144 -0.3221
vn -0.7069 0.0001 0.7074
vn -0.0203 -0.0757 0.9969
vn 0.2588 -0.9659 -0.0073
vn 0.0453 -0.1689 -0.9846
vn 0.6226 0.6951 0.3595
vn -0.1778 -0.6640 0.7263
vn 0.7070 0.0001 -0.7072
vn -0.0046 0.8354 -0.5497
vn -0.3523 -0.8670 -0.3524
vn -0.3596 0.6950 -0.6227
vn 0.2401 0.8957 0.3742
vn 0.2120 0.3312 0.9194
vn 0.1151 0.4297 0.8956
vn 0.2574 0.9606 -0.1052
vn 0.7174 0.0002 0.6966
vn -0.2123 0.3307 -0.9196
vn -0.2499 -0.9327 -0.2602
vn -0.7074 0.0015 0.7068
vn -0.9862 0.0173 0.1648
vn -0.0222 -0.0828 0.9963
vn -0.0236 0.0881 -0.9958
vn -0.4997 -0.7074 -0.4999
vn 0.5086 0.6947 0.5086
vn 0.7496 0.3968 -0.5297
vn -0.1685 -0.6290 -0.7589
vn 0.1642 0.0173 -0.9863
vn 0.1663 -0.2844 0.9442
vn -0.2222 -0.8303 0.5111
vn -0.2289 0.6535 -0.7214
vn 0.2317 0.6968 -0.6788
vn -0.8660 0.0003 -0.5000
vn -0.5529 0.6236 0.5527
vn -0.7067 0.0001 0.7075
vn -0.6829 0.2591 -0.6830
vn 0.1830 0.9659 0.1831
vn -0.1848 -0.6894 -0.7004
vn -0.6226 0.6950 0.3595
vn -0.3588 0.1566 0.9202
vn 0.6123 0.5001 0.6123
vn -0.2254 -0.8361 -0.5002
vn -0.4287 0.5302 -0.7315
vn 0.2383 0.8895 0.3899
vn -0.7070 0.0171 -0.7070
vn -0.1710 0.6381 0.7507
vn 0.1746 0.6516 0.7382
vn 0.1934 -0.7217 0.6646
vn 0.5878 -0.5558 0.5878
vn 0.6123 -0.5000 0.6124
vn 0.9193 -0.3308 0.2130
vn -0.5001 -0.7070 -0.5000
vn -0.6123 -0.5004 -0.6122
vn -0.2075 0.7237 0.6582
vn -0.7769 -0.6296 -0.0000
vn 0.4997 0.7076 0.4997
vn 0.3532 0.8663 0.3532
vn -0.1540 0.9717 0.1790
vn 0.5282 -0.3965 -0.7509
vn -0.7939 0.4447 0.4147
vn 0.1187 0.5576 -0.8216
vn -0.3068 0.9010 0.3067
vn -0.3529 -0.8667 -0.3526
vn 0.1389 -0.9806 0.1384
vn -0.2019 0.9794 -0.0036
vn -0.6830 0.2590 -0.6829
vn 0.6830 0.2588 0.6830
vn 0.9440 -0.0000 0.3300
vn -0.1745 0.6512 -0.7385
vn -0.6827 0.2597 -0.6830
vn -0.1832 -0.9659 -0.1832
vn 0.5003 -0.7067 0.5002
vn 0.1758 -0.9686 0.1759
vn -0.2121 -0.7915 0.5731
vn -0.0563 0.2101 0.9761
vn -0.0647 -0.2420 -0.9681
vn -0.6832 -0.2588 0.6829
vn -0.2048 -0.7647 0.6109
vn -0.6832 -0.2582 -0.6830
vn -0.1378 -0.9808 -0.1377
vn 0.6828 0.2600 0.6828
vn 0.4744 0.8353 0.2780
vn -0.1434 -0.5350 -0.8326
vn -0.0000 0.9752 -0.2212
vn 0.5002 0.7068 0.5002
vn -0.6215 0.7834 -0.0076
vn 0.3928 0.8317 0.3925
vn -0.0000 -0.3408 -0.9401
vn 0.3542 -0.8655 0.3542
vn -0.5528 -0.6237 0.5526
vn 0.6832 0.2587 0.6829
vn 0.5413 -0.6433 0.5413
vn -0.3926 0.8317 -0.3926
vn 0.7040 0.7069 0.0682
vn -0.9657 -0.0086 -0.2594
vn 0.7072 -0.0000 0.7071
vn -0.0287 -0.1046 0.9941
vn -0.3536 -0.8660 -0.3536
vn -0.6015 -0.6988 -0.3871
vn -0.1614 -0.8371 -0.5227
vn -0.3516 0.8677 -0.3514
vn -0.0616 -0.9521 0.2996
vn 0.1118 -0.4170 -0.9020
vn -0.8662 -0.0000 0.4997
vn 0.8410 -0.0000 0.5411
vn 0.7041 -0.0917 -0.7041
vn -0.6643 0.3426 -0.6643
vn 0.6124 -0.4998 0.6125
vn -0.4999 -0.7072 -0.4999
vn -0.7061 -0.0000 0.7081
vn 0.6722 -0.0000 0.7404
vn 0.7041 0.0917 0.7041
vn 0.4998 -0.7075 0.4997
vn 0.1703 0.9658 -0.1957
vn 0.9352 -0.3090 -0.1731
vn -0.0000 0.6952 -0.7188
vn -0.1100 0.4106 0.9052
vn 0.7078 0.0003 -0.7064
vn 0.6831 0.2587 0.6830
vn 0.4774 0.8353 0.2727
vn -0.6895 -0.2224 0.6893
vn -0.0743 0.2777 -0.9578
vn 0.1864 0.6949 0.6945
vn -0.9651 -0.0000 -0.2618
vn -0.0900 0.6978 0.7107
vn -0.7077 -0.0012 0.7065
vn 0.1711 0.6379 -0.7509
vn 0.3219 0.5733 0.7534
vn 0.6894 -0.2225 -0.6894
vn 0.6224 0.6953 0.3594
vn 0.1380 -0.9808 0.1379
vn -0.0000 0.8650 0.5018
vn -0.5002 -0.7068 -0.5003
vn 0.9100 0.0169 -0.4142
vn -0.0000 0.8649 0.5020
vn -0.5000 0.7070 0.5001
vn -0.1618 0.6042 0.7802
vn 0.1302 -0.4859 0.8643
vn -0.1526 -0.5691 -0.8080
vn -0.2309 0.8620 0.4513
vn -0.1739 0.6488 0.7409
vn 0.6934 0.1950 0.6936
vn 0.8272 0.0133 0.5618
vn 0.5098 0.6979 0.5030
vn 0.0864 -0.3222 -0.9427
vn 0.6934 -0.1950 0.6936
vn 0.6965 -0.0005 0.7176
vn 0.5017 0.7142 0.4880
vn 0.0869 -0.3241 0.9420
vn 0.5001 0.7069 -0.5001
vn 0.7145 0.6987 -0.0347
vn -0.0862 0.3217 0.9429
vn 0.2476 -0.9243 -0.2906
vn -0.0348 -0.1302 -0.9909
vn -0.2518 0.9390 -0.2341
vn -0.3549 -0.8649 -0.3549
vn 0.0017 -0.0062 -1.0000
vn 0.6829 -0.2594 0.6829
vn 0.2123 0.1941 -0.9577
vn -0.6832 0.2582 -0.6830
vn -0.1951 0.7285 0.6567
vn 0.1873 -0.6991 -0.6900
vn -0.0348 0.1299 -0.9909
vn -0.1519 0.5669 -0.8097
vn -0.7596 -0.5730 -0.3077
vn 0.0917 -0.3423 -0.9351
vn 0.3597 0.6946 0.6230
vn -0.6945 0.1870 -0.6948
vn -0.0869 0.3245 -0.9419
vn 0.3597 0.6945 0.6231
vn 0.0863 -0.3218 -0.9429
vn 0.1872 -0.6987 -0.6905
vn -0.5528 -0.6234 0.5530
vn -0.2587 -0.9659 0.0029
vn -0.0984 0.3673 0.9249
vn -0.0268 0.0998 0.9946
vn -0.6832 -0.2581 -0.6831
vn -0.1872 0.6982 0.6910
vn -0.8659 -0.0000 -0.5003
vn -0.6929 -0.1996 -0.6929
vn -0.7070 0.0183 -0.7070
vn -0.2384 0.8895 -0.3898
vn 0.1378 -0.9808 0.1377
vn -0.0351 0.1307 -0.9908
vn -0.1521 0.5677 -0.8091
vn -0.2572 0.9601 -0.1097
vn 0.1951 -0.7283 -0.6568
vn 0.0348 -0.1298 0.9909
vn 0.5000 0.7072 0.4998
vn 0.1215 0.9850 0.1224
vn -0.2536 -0.9468 0.1981
vn -0.1877 -0.0000 0.9822
vn -0.6895 -0.2225 0.6893
vn 0.2500 -0.9326 0.2603
vn -0.3535 0.8662 -0.3532
vn 0.0869 -0.3240 0.9421
vn -0.0001 1.0000 -0.0000
vn -0.2604 0.7099 0.6544
vn 0.6230 0.6946 0.3596
vn 0.0202 -0.0755 -0.9969
vn -0.1787 0.6667 0.7236
vn 0.3528 0.8666 0.3530
vn 0.2808 0.3714 0.8850
vn -0.8733 0.0171 -0.4869
vn 0.6831 -0.2586 0.6830
vn 0.0512 -0.1912 0.9802
vn -0.9808 -0.0000 -0.1949
vn -0.1008 -0.3763 0.9210
vn -0.1788 0.6667 0.7236
vn 0.1828 -0.9660 0.1828
vn 0.7054 -0.0000 -0.7088
vn 0.6119 -0.5012 0.6119
vn 0.1353 0.9777 0.1609
vn -0.2340 0.6983 -0.6765
vn 0.2572 -0.9599 0.1112
vn 0.6909 0.7072 0.1498
vn 0.1790 -0.6667 -0.7235
vn -0.1543 0.5761 0.8027
vn -0.2569 0.9586 -0.1231
vn -0.6121 0.5007 -0.6121
vn -0.7144 0.6989 0.0347
vn -0.2575 0.9611 -0.0997
vn 0.6226 0.6950 -0.3597
vn 0.6231 0.6946 -0.3595
vn 0.0700 -0.2614 -0.9627
vn -0.0436 0.1625 0.9857
vn 0.2509 -0.9364 -0.2455
vn 0.1694 -0.6323 -0.7560
vn -0.8603 0.1043 0.4990
vn 0.2390 -0.8909 -0.3861
vn -0.2403 0.8964 0.3725
vn -0.7071 -0.0001 -0.7071
vn 0.1298 -0.4842 0.8653
vn 0.5164 0.3351 0.7880
vn 0.6621 -0.6751 -0.3253
vn 0.2576 -0.9612 0.0985
vn -0.0433 0.1617 0.9859
vn 0.7010 0.1309 0.7010
vn -0.2575 0.9610 -0.1006
vn -0.1862 0.6949 -0.6946
vn 0.0203 -0.0755 -0.9969
vn -0.0964 0.3598 -0.9280
vn -0.0015 0.8352 0.5499
vn -0.2572 0.9595 0.1154
vn -0.0000 0.9397 -0.3420
vn 0.0655 -0.2444 -0.9675
vn 0.1445 -0.5393 -0.8296
vn 0.6965 0.0002 0.7175
vn 0.1781 -0.6650 -0.7253
vn 0.5527 -0.6235 -0.5529
vn 0.9439 -0.0000 0.3303
vn 0.5000 -0.7072 0.4998
vn -0.5879 0.5556 -0.5879
vn 0.3692 0.1715 -0.9134
vn -0.0000 -0.0085 1.0000
vn -0.0226 -0.0846 0.9962
vn -0.0000 0.6947 -0.7193
vn -0.9562 -0.2928 -0.0000
vn 0.7084 -0.0000 -0.7059
vn 0.4998 -0.7074 0.4999
vn 0.2356 0.8788 -0.4151
vn -0.2575 0.9605 0.1052
vn -0.6124 -0.5001 -0.6123
vn -0.2590 -0.9659 -0.0001
vn 0.0543 -0.2035 0.9776
vn -0.7142 0.6991 0.0345
vn -0.0786 0.9654 -0.2488
vn 0.0108 0.3714 -0.9284
vn -0.3596 0.6946 0.6230
vn -0.0000 0.6958 0.7183
vn -0.1785 0.6662 -0.7241
vn -0.4774 0.8353 -0.2727
vn -0.2589 -0.0000 -0.9659
vn -0.5644 0.0217 -0.8252
vn -0.7339 0.5302 0.4246
vn -0.6126 -0.4995 -0.6126
vn -0.3599 0.6945 0.6230
vn -0.2244 0.8374 0.4983
vn -0.9657 0.0119 -0.2592
vn 0.2246 -0.8369 0.4991
vn 0.6123 -0.4999 0.6125
vn 0.5001 -0.0000 0.8659
vn -0.2569 0.9586 -0.1232
vn -0.2383 0.8898 -0.3891
vn 0.2962 -0.9397 0.1710
vn 0.3068 -0.9010 -0.3067
vn -0.1517 0.8650 -0.4783
vn -0.0000 0.9990 0.0454
vn 0.5587 -0.0000 -0.8294
vn -0.0000 0.6398 0.7685
vn 0.7126 -0.0000 -0.7016
vn -0.2043 0.6962 -0.6882
vn 0.5456 0.6375 0.5440
vn 0.7315 0.5303 0.4286
vn 0.8477 0.5305 0.0071
vn -0.6797 -0.2759 -0.6797
vn -0.6797 -0.2759 0.6797
vn -0.0000 -0.3762 -0.9265
vn -0.7543 -0.0000 -0.6565
vn -0.5498 0.8353 0.0015
vn -0.3531 -0.8664 -0.3531
vn -0.0000 0.3762 0.9265
vn 0.7619 -0.0000 -0.6476
vn -0.4758 0.8353 0.2753
vn 0.6829 0.2588 -0.6831
vn -0.0046 0.9996 -0.0262
vn -0.0000 0.9848 0.1736
vn -0.0000 -1.0000 -0.0002
vn -0.9265 -0.3762 -0.0000
vn -0.4883 0.7092 -0.5085
vn -0.9831 -0.1831 -0.0000
vn 0.1380 0.9808 0.1380
vn 0.5883 -0.5542 0.5889
vn 0.6797 -0.2759 0.6797
vn 0.6797 -0.2759 -0.6797
vn 0.2845 -0.0000 -0.9587
s 0
f 7371//1 7369//1 7368//1 7370//1
f 3855//2 3842//2 3841//2 3854//2
f 5349//3 5373//3 5371//3 5369//3 5367//3 5848//3 5846//3 5845//3 5847//3 5051//3 5063//3 5062//3 5061//3 5060//3 5059//3 5351//3
f 5748//4 5749//4 5741//4 5740//4
f 21//3 24//3 23//3 18//3 16//3 20//3
f 32//5 30//5 31//5 26//5 25//5 29//5
f 6035//4 6042//4 6064//4 6036//4
f 5054//6 5055//6 5045//6 5044//6
f 3050//4 3052//4 4439//4 4421//4 4419//4 4416//4 3084//4 3086//4 3088//4 3090//4 3092//4 3094//4 3096//4 3098//4 3100//4 3102//4 3104//4 3082//4 4210//4 4211//4 4226//4 4240//4 4257//4 4258//4 4304//4 4303//4 3799//4 3796//4 3794//4 4332//4 4330//4 4319//4 4320//4 4321//4 4322//4 4323//4 3060//4 3062//4 3064//4 3066//4 3068//4 3070//4 3072//4 3074//4 3076//4 4325//4 4326//4 4327//4 4328//4 3040//4 3042//4 3044//4 3046//4 3048//4
f 2050//7 2053//7 2052//7 2051//7
f 4720//8 4722//8 4706//8 4708//8
f 840//9 842//9 841//9 839//9
f 205//10 207//10 206//10 204//10
f 2283//11 2345//11 2344//11 2282//11
f 48//3 49//3 1//3 3//3 33//3 35//3 41//3 43//3
f 49//12 50//12 5//12 2//12 1//12
f 3990//13 3992//13 3991//13 3989//13
f 506//14 503//14 261//14 260//14
f 50//4 52//4 51//4 55//4 31//4 30//4 6//4 5//4
f 5405//15 5406//15 5420//15 5419//15
f 6449//3 6451//3 6450//3 6448//3
f 5025//3 5037//3 5036//3 5024//3
f 27//16 56//16 55//16 51//16 53//16 28//16
f 6382//17 6381//17 6390//17 6385//17
f 6898//4 7006//4 6965//4 6964//4 6962//4 6960//4
f 5147//18 5148//18 5138//18 5137//18
f 1374//19 1376//19 1375//19 1373//19
f 4614//20 4616//20 4619//20 4618//20
f 72//21 65//21 67//21 69//21 71//21
f 6879//3 6881//3 6887//3 6889//3 6894//3 6895//3 6849//3 6850//3
f 726//22 728//22 727//22 725//22
f 6149//12 6147//12 6151//12 6150//12
f 5367//23 5369//23 5368//23 5366//23
f 1661//24 1667//24 1666//24 1662//24
f 1070//25 1072//25 1071//25 1069//25
f 96//5 94//5 86//5 84//5 91//5 95//5
f 5254//3 5250//3 5251//3 5252//3 5247//3 5248//3 5249//3 5244//3 5245//3 5246//3 5242//3 5243//3 5253//3
f 1242//21 1244//21 1243//21 1241//21
f 3283//26 3284//26 3267//26 3268//26
f 3384//27 3385//27 3375//27 3374//27
f 96//3 95//3 99//3 81//3 80//3 98//3
f 89//28 83//28 100//28 102//28 101//28
f 3458//12 3459//12 3448//12 3449//12
f 1422//29 1421//29 5893//29 5900//29
f 6086//30 6085//30 6098//30 6097//30
f 1168//31 1146//31 1145//31 1167//31
f 8582//20 8564//20 8561//20 8580//20
f 3613//3 3785//3 3787//3 3612//3
f 5932//32 5949//32 5957//32 5927//32
f 1038//33 1036//33 1089//33 1092//33
f 5309//34 5310//34 5301//34 5302//34
f 5578//35 5575//35 5598//35 5597//35
f 3039//36 3041//36 3040//36 3038//36
f 5050//37 5038//37 5026//37 5027//37
f 3083//38 3085//38 3084//38 3082//38
f 5407//12 5408//12 5422//12 5421//12
f 153//39 152//39 154//39
f 157//40 158//40 159//40
f 152//41 153//41 150//41 151//41
f 6702//3 6719//3 6720//3 6700//3
f 129//4 127//4 52//4 175//4 132//4 131//4
f 608//42 610//42 609//42 607//42
f 2201//43 2203//43 2219//43 2218//43
f 8219//21 8225//21 8224//21 8221//21
f 4192//44 4193//44 4025//44 4023//44
f 142//20 144//20 121//20 177//20 175//20 52//20 128//20 122//20 148//20 150//20 153//20 155//20 157//20 159//20 160//20 137//20 138//20 140//20
f 149//45 151//45 150//45 148//45
f 173//3 123//3 124//3 178//3 179//3 164//3 163//3 172//3
f 5991//46 5992//46 5984//46 5983//46
f 1272//47 1274//47 1273//47 1271//47
f 6805//48 6807//48 6808//48 6801//48 6803//48
f 5207//3 5206//3 5205//3 5204//3 5193//3 5194//3 5195//3 5196//3 5197//3 5198//3 5199//3 5200//3 5201//3 5202//3 5203//3 5215//3 5214//3 5213//3 5212//3 5211//3 5210//3 5209//3 5208//3
f 189//3 188//3 186//3 187//3 191//3 190//3
f 1170//33 1121//33 1123//33 1125//33 1127//33 1129//33 1131//33 1133//33 1135//33 1137//33 1139//33 1141//33 1172//33 1173//33 1175//33 1176//33 1177//33 1171//33 1169//33
f 197//4 192//4 193//4 194//4 195//4 196//4
f 7139//49 7124//49 7166//49 7167//49
f 1588//50 1805//50 1804//50 1599//50
f 185//12 191//12 187//12 180//12
f 6475//51 6437//51 6435//51 6457//51 6465//51
f 476//52 478//52 477//52 475//52
f 5908//4 5909//4 5906//4 5907//4
f 5746//53 5747//53 5745//53 5744//53
f 5622//54 5623//54 5618//54 5617//54
f 7866//55 7910//55 7911//55 7847//55
f 2895//56 2896//56 2883//56 2882//56
f 2207//57 2208//57 2213//57 2212//57
f 1931//58 1933//58 1928//58 1927//58
f 220//59 222//59 224//59 226//59 262//59 260//59 261//59 238//59 240//59 242//59 244//59 246//59 248//59 268//59 264//59 265//59 269//59 270//59 271//59 266//59 267//59 272//59 273//59 234//59 212//59 214//59 216//59 218//59
f 8414//26 8461//26 8460//26 8458//26 8411//26
f 2210//60 2209//60 2215//60 2214//60
f 1196//61 1185//61 1180//61 1177//61
f 8453//62 8463//62 8466//62 8465//62 8459//62 8460//62 8461//62 8462//62 8454//62
f 1781//63 1782//63 1613//63 1612//63
f 4901//64 4840//64 4912//64 4900//64
f 6574//12 6576//12 6585//12 6584//12
f 7364//65 7365//65 7359//65 7358//65
f 103//26 104//26 88//26 87//26
f 2900//66 2901//66 2888//66 2887//66
f 1050//67 1052//67 1051//67 1049//67
f 7351//68 7348//68 7349//68 7350//68
f 2909//69 2926//69 2925//69 2910//69
f 6813//70 6807//70 6812//70 6811//70
f 319//71 321//71 320//71 318//71
f 291//20 293//20 292//20 290//20
f 4003//72 4002//72 4005//72 4004//72
f 1665//73 1654//73 1655//73 1656//73
f 4789//74 4790//74 4786//74 4787//74
f 2835//75 2836//75 2856//75 2855//75
f 2033//76 2032//76 2043//76 2048//76
f 6173//4 6175//4 6174//4 6172//4
f 351//77 353//77 352//77 350//77
f 6580//3 6581//3 6583//3 6582//3
f 3295//78 3296//78 3286//78 3285//78
f 2434//20 2436//20 2435//20 2433//20
f 6658//79 6657//79 6661//79 6664//79
f 5486//80 5487//80 5464//80 5462//80
f 1883//81 1992//81 1991//81 1885//81 1884//81
f 389//82 388//82 390//82
f 3848//83 3847//83 3845//83 3865//83 3803//83 3850//83 3849//83
f 392//84 391//84 393//84
f 393//85 391//85 394//85
f 393//86 394//86 395//86
f 4350//87 4352//87 4355//87 4357//87
f 396//88 397//88 398//88
f 386//89 387//89 384//89 385//89
f 341//90 343//90 342//90 340//90
f 379//74 404//74 402//74 363//74 361//74 359//74 383//74 381//74
f 7653//91 7654//91 7646//91 7644//91 7649//91 7650//91
f 1495//92 1496//92 1494//92 1493//92
f 2458//20 2460//20 2459//20 2457//20
f 6302//3 6303//3 6294//3 6293//3
f 2171//93 2163//93 2164//93 2172//93
f 7939//94 7938//94 7931//94 7930//94
f 2899//95 2900//95 2887//95 2886//95
f 1941//96 1942//96 1922//96 1920//96
f 3067//20 3069//20 3068//20 3066//20
f 3001//97 3002//97 2838//97 2837//97 2836//97 2835//97 2839//97 2841//97 2844//97 2847//97 2865//97 2975//97 2974//97 2973//97
f 1753//4 1754//4 1640//4 1639//4
f 444//98 446//98 445//98 443//98
f 754//99 756//99 755//99 753//99
f 2633//100 2634//100 2463//100 2468//100
f 1346//101 1348//101 1347//101 1345//101
f 7257//102 7258//102 7191//102 7212//102
f 438//103 440//103 439//103 437//103
f 2241//104 2242//104 2234//104 2233//104
f 478//105 476//105 440//105 438//105 462//105 484//105 482//105 480//105
f 5323//3 5322//3 5321//3 5542//3 5541//3 5833//3 5724//3 5325//3 5324//3
f 420//106 422//106 421//106 419//106
f 6220//107 6219//107 6214//107 6213//107 6215//107
f 7108//108 7080//108 7082//108 7084//108 7086//108 7088//108 7090//108 7102//108 7135//108 7136//108 7133//108 7132//108 7131//108
f 7892//109 7883//109 7882//109 7891//109
f 4344//110 4345//110 4340//110 4339//110
f 2423//4 2425//4 2427//4 5699//4 5698//4 2421//4
f 2580//111 2582//111 2581//111 2579//111
f 7659//3 7657//3 7660//3 7661//3
f 7247//112 7248//112 7185//112 7183//112
f 5191//3 5192//3 5193//3 5204//3 5215//3 5203//3
f 315//4 313//4 311//4 309//4 307//4 305//4 301//4 299//4 500//4 501//4 323//4 322//4 337//4 335//4 333//4 331//4 329//4 327//4 320//4 321//4 496//4 497//4 498//4 499//4 410//4 494//4 495//4 412//4 293//4 291//4 289//4 303//4 317//4
f 6205//3 6207//3 6206//3 6204//3
f 6205//26 6211//26 6209//26 6207//26
f 6255//113 6252//113 6253//113 6254//113
f 501//114 500//114 511//114 510//114
f 4690//115 4642//115 4691//115 4633//115 4635//115
f 5426//116 5425//116 5444//116 5443//116
f 8415//12 8416//12 8417//12 8418//12
f 2019//117 2013//117 2018//117 2017//117
f 3490//118 3492//118 4323//118 4322//118
f 323//119 325//119 324//119 322//119
f 227//120 505//120 504//120 279//120 278//120 277//120 276//120 215//120 213//120 235//120 233//120 231//120 229//120
f 7717//121 7700//121 7702//121 7716//121
f 2906//122 2929//122 2928//122 2907//122
f 889//123 890//123 877//123 885//123
f 5904//32 5909//32 5908//32 5902//32
f 90//124 93//124 92//124 91//124 84//124
f 6251//20 6249//20 6239//20 6238//20 6258//20 6257//20 6256//20 6254//20 6253//20
f 6151//26 6153//26 6152//26 6150//26
f 8608//4 8610//4 8612//4 8614//4 8613//4 8611//4 8609//4 8607//4
f 370//125 487//125 488//125 408//125 393//125 395//125 396//125 398//125 400//125
f 7497//126 7508//126 7509//126 7498//126
f 5664//74 5681//74 5682//74 5663//74
f 4188//127 4189//127 4021//127 4019//127
f 6322//26 6323//26 6324//26 6316//26 6315//26 6317//26 6318//26 6319//26 6320//26 6321//26
f 6267//128 6268//128 6246//128 6248//128
f 207//3 300//3 304//3 306//3 308//3 310//3 312//3 314//3 316//3 302//3 288//3 290//3 292//3 294//3 296//3 298//3 208//3 210//3 507//3 508//3 509//3 512//3 319//3 490//3 491//3 409//3 411//3 506//3 260//3 262//3 505//3 502//3 493//3 486//3 485//3 206//3
f 6934//129 6935//129 6945//129 6943//129
f 4238//130 4231//130 4230//130 4237//130
f 325//3 510//3 511//3 507//3 210//3 206//3 485//3 490//3 319//3 318//3 326//3 328//3 330//3 332//3 334//3 336//3 324//3
f 5749//131 5748//131 5755//131 5754//131
f 518//132 520//132 519//132 517//132
f 568//133 546//133 545//133 567//133
f 8261//3 8263//3 8262//3 8260//3
f 8557//21 8558//21 8559//21 8560//21
f 2219//134 2220//134 2216//134 2211//134 2212//134 2213//134 2214//134 2215//134 2358//134 2377//134 2365//134 2363//134 2361//134 2360//134 2367//134 2373//134 2371//134 2370//134 2375//134 2221//134 2217//134 2218//134
f 496//135 321//135 319//135 512//135
f 227//136 229//136 228//136 226//136
f 4117//137 4128//137 4127//137 4101//137
f 300//3 207//3 208//3 298//3
f 8149//138 8150//138 8126//138 8125//138
f 132//33 134//33 133//33 131//33
f 6678//79 6680//79 6679//79 6677//79
f 2477//32 2479//32 2606//32 2607//32
f 6516//139 6520//139 6518//139 6515//139
f 6370//4 6372//4 6371//4 6369//4
f 3476//140 3477//140 3454//140 3453//140
f 8360//26 8464//26 8463//26 8453//26 8366//26 8364//26
f 424//141 426//141 425//141 423//141
f 823//134 824//134 817//134 819//134
f 2659//142 2658//142 2661//142 2663//142 2664//142 2665//142
f 590//143 591//143 578//143 571//143
f 611//71 612//71 598//71 597//71
f 6164//144 6166//144 6160//144 6162//144
f 654//145 656//145 655//145 653//145
f 6293//146 6292//146 6301//146 6302//146
f 558//147 560//147 559//147 557//147
f 2986//148 2919//148 2920//148 2985//148
f 664//149 666//149 665//149 663//149
f 4719//150 4866//150 4722//150 4720//150
f 7169//151 7137//151 7140//151 7168//151
f 648//152 650//152 649//152 647//152
f 718//153 720//153 719//153 717//153
f 6421//74 6424//74 6425//74 6420//74
f 221//154 223//154 222//154 220//154
f 689//33 690//33 692//33 691//33
f 6363//128 6364//128 6383//128 6375//128 6377//128
f 682//3 684//3 683//3 681//3
f 842//155 844//155 843//155 841//155
f 636//156 638//156 637//156 635//156
f 674//157 678//157 677//157 676//157
f 4949//158 4930//158 4947//158 4948//158
f 732//159 734//159 733//159 731//159
f 5322//160 5323//160 5313//160 5312//160
f 688//32 686//32 664//32 662//32 658//32 656//32 654//32 710//32 708//32 682//32 680//32 678//32 674//32 673//32 704//32 702//32 700//32 698//32 696//32 694//32 692//32 690//32
f 6535//161 6542//161 6527//161 6529//161
f 3140//162 3141//162 3124//162 3123//162
f 2244//163 2245//163 2232//163 2231//163
f 730//164 732//164 731//164 729//164
f 1561//165 1562//165 1560//165 1559//165
f 4625//166 4635//166 4636//166 4626//166
f 1042//167 1040//167 1066//167 1064//167 1086//167 1084//167 1082//167 1080//167 1078//167
f 3081//168 3059//168 3058//168 3080//168
f 416//169 418//169 417//169 415//169
f 770//170 772//170 771//170 769//170
f 422//171 424//171 423//171 421//171
f 788//172 766//172 765//172 787//172
f 3005//3 3004//3 3013//3 3012//3
f 413//134 415//134 441//134 443//134 445//134 447//134 449//134 451//134 461//134 463//134 465//134 467//134 469//134 494//134 410//134 409//134 491//134 492//134 403//134 404//134 406//134 408//134 488//134 486//134 473//134 475//134 477//134 459//134 437//134 439//134 419//134 421//134 423//134 425//134 427//134 429//134 431//134 433//134 435//134
f 4360//173 4373//173 4430//173
f 774//174 776//174 775//174 773//174
f 760//175 762//175 761//175 759//175
f 786//176 788//176 787//176 785//176
f 7377//177 7378//177 7344//177 7346//177
f 1410//134 1313//134 1311//134 1308//134 1307//134 1408//134 1411//134 1193//134 1192//134 1191//134 1190//134 1189//134 1188//134 1187//134 1160//134 1158//134 1156//134 1154//134 1152//134 1150//134 1148//134 1146//134 1168//134 1166//134 1164//134 1162//134
f 694//178 696//178 695//178 693//178
f 2998//179 2999//179 3000//179 2971//179 2964//179
f 8613//33 8614//33 8601//33 8600//33
f 7566//12 7565//12 7562//12 7560//12
f 5704//180 5508//180 5507//180 5703//180
f 377//181 379//181 378//181 376//181
f 6354//182 6355//182 6333//182 6335//182
f 6736//3 6737//3 6739//3 6738//3
f 6001//183 6002//183 5994//183 5993//183
f 5233//184 5234//184 5224//184 5223//184
f 382//185 383//185 385//185 384//185
f 2902//186 2903//186 2890//186 2889//186
f 4470//4 4464//4 4465//4 4466//4 4467//4 4472//4 4927//4 4928//4
f 7983//187 7967//187 7953//187 7982//187
f 717//33 719//33 751//33 753//33 755//33 796//33 707//33 708//33 710//33 712//33 792//33 790//33 777//33 779//33 763//33 741//33 743//33 745//33 747//33 721//33 723//33 725//33 727//33 729//33 731//33 733//33 735//33 737//33 739//33
f 3464//21 3465//21 3442//21 3443//21
f 8//21 10//21 9//21 7//21
f 8122//188 8136//188 8115//188
f 6319//4 6318//4 6307//4 6306//4
f 2911//189 2924//189 2923//189 2912//189
f 892//190 893//190 874//190 876//190
f 6935//3 6936//3 6947//3 6946//3 6944//3 6945//3
f 4481//191 4922//191 4923//191 4479//191
f 6744//4 6778//4 6776//4 6774//4 6771//4 6757//4 6752//4 6754//4 6785//4 6784//4 6782//4 6780//4 6742//4
f 7519//192 7512//192 7511//192 7518//192
f 1504//193 1464//193 1463//193 1514//193 1513//193 1505//193
f 3387//194 3388//194 3365//194 3364//194
f 6678//195 6683//195 6684//195 6680//195
f 5732//196 5731//196 5824//196 5823//196
f 4359//197 4360//197 4358//197
f 560//198 558//198 591//198 590//198 589//198
f 424//199 452//199 450//199 448//199 426//199
f 544//134 542//134 540//134 538//134 536//134 534//134 809//134 808//134 711//134 709//134 706//134 705//134 807//134 810//134 593//134 592//134 591//134 558//134 556//134 554//134 552//134 550//134 548//134 546//134 568//134 566//134 564//134 562//134 560//134 589//134 588//134 587//134 586//134 585//134 522//134
f 4843//200 4841//200 4559//200 4554//200 4556//200 4771//200 4788//200 4785//200 4784//200 4834//200
f 697//74 712//74 711//74 808//74 577//74 659//74 645//74 647//74 649//74 651//74 653//74 655//74 657//74 661//74 518//74 514//74 513//74 689//74 691//74 693//74 695//74
f 2082//201 2066//201 2065//201 2083//201
f 520//74 518//74 661//74 663//74 665//74 667//74 669//74 671//74 659//74 577//74 569//74 807//74 705//74 707//74 796//74 794//74 791//74 792//74 712//74 697//74 699//74 701//74 703//74 675//74 676//74 677//74 679//74 681//74 683//74 685//74 687//74 689//74 513//74
f 598//202 600//202 599//202 597//202
f 2242//203 2243//203 2230//203 2234//203
f 7660//204 7655//204 7654//204 7653//204 7651//204 7652//204 7675//204 7633//204 7632//204 7636//204 7637//204 7667//204 7662//204 7664//204 7671//204 7674//204 7661//204
f 678//205 680//205 679//205 677//205
f 623//3 576//3 809//3 806//3 621//3
f 7870//206 7871//206 7873//206 7867//206 7868//206 7884//206 7880//206 7878//206 7876//206 7855//206 7856//206 7860//206 7858//206 7843//206 7844//206 7845//206 7857//206 7859//206 7861//206 7862//206 7854//206 7881//206 7882//206 7883//206 7877//206 7879//206 7885//206 7869//206 7875//206 7874//206 7872//206 7850//206 7848//206 7846//206 7864//206 7851//206 7852//206 7853//206 7863//206 7865//206 7866//206 7847//206 7849//206
f 5572//207 5569//207 5600//207 5599//207
f 922//208 924//208 923//208 921//208
f 631//3 632//3 815//3 813//3 814//3 811//3 519//3 515//3
f 6040//32 6035//32 6041//32 6039//32
f 904//20 906//20 905//20 903//20
f 7618//209 7619//209 7604//209 7602//209
f 5132//21 5133//21 5122//21 5123//21
f 1264//134 1263//134 1259//134 1260//134
f 3905//210 3906//210 3904//210 3901//210
f 8249//211 8230//211 8229//211 8251//211
f 6430//4 6432//4 6427//4 6426//4
f 818//33 822//33 821//33 820//33
f 526//212 528//212 527//212 525//212
f 954//213 956//213 955//213 953//213
f 2999//3 2998//3 2997//3 2996//3 2987//3 2446//3 2444//3 2442//3 2440//3
f 12//4 14//4 10//4 8//4
f 426//214 428//214 427//214 425//214
f 6769//215 6771//215 6774//215 6773//215 6772//215 6770//215
f 2925//216 2992//216 2991//216 2924//216
f 790//217 792//217 791//217 789//217
f 858//218 860//218 859//218 857//218
f 6865//12 6857//12 6859//12 6866//12
f 832//106 834//106 833//106 831//106
f 4542//219 4543//219 4547//219 4861//219 4550//219 4551//219 4862//219 4544//219
f 888//134 885//134 877//134 879//134 851//134 853//134 855//134 857//134 859//134 861//134 863//134 865//134 867//134 869//134 871//134 849//134 873//134 881//134 880//134 878//134 829//134 831//134 833//134 835//134 837//134 839//134 841//134 843//134 845//134 847//134 883//134 884//134 886//134 887//134
f 71//20 97//20 59//20 60//20
f 5585//220 5589//220 5808//220 5807//220
f 6655//79 6653//79 6650//79 6669//79 6685//79 6672//79 6673//79 6676//79 6681//79 6682//79 6684//79 6683//79 6662//79 6656//79
f 748//221 750//221 749//221 747//221
f 2150//222 2177//222 2169//222 2151//222
f 5920//74 5941//74 5940//74 5936//74
f 1270//223 1272//223 1271//223 1269//223
f 2154//224 2178//224 2177//224 2150//224
f 915//59 916//59 902//59 901//59
f 924//37 926//37 925//37 923//37
f 862//225 864//225 863//225 861//225
f 6507//139 6509//139 6508//139 6506//139
f 3737//226 3736//226 3756//226 3755//226
f 3069//227 3071//227 3070//227 3068//227
f 6805//4 6806//4 6812//4 6807//4
f 176//228 123//228 173//228 134//228
f 894//229 895//229 882//229 875//229
f 966//230 968//230 967//230 965//230
f 3376//231 3364//231 3352//231 3353//231
f 245//232 247//232 246//232 244//232
f 7094//233 7093//233 7095//233 7096//233
f 818//234 820//234 819//234 817//234
f 900//235 889//235 885//235 888//235
f 950//236 952//236 951//236 949//236
f 7525//237 7526//237 7520//237 7522//237
f 1134//238 1136//238 1135//238 1133//238
f 4652//239 4653//239 4649//239 4647//239
f 3707//240 3709//240 3729//240 3728//240
f 852//241 854//241 853//241 851//241
f 3345//3 3346//3 3347//3 3348//3 3349//3 3350//3 3351//3 3339//3 3340//3 3352//3 3363//3 3362//3 3361//3 3360//3 3359//3 3358//3 3357//3 3356//3 3355//3 3344//3
f 4253//242 4251//242 4250//242 4247//242 4245//242 4243//242 4242//242 4260//242 4305//242 4286//242 4288//242 4290//242 4292//242 4285//242 4274//242 4276//242 4278//242 4280//242 4282//242 4304//242 4258//242 4255//242
f 1198//202 1200//202 1199//202 1197//202
f 7277//243 7278//243 7273//243 7268//243
f 1060//244 1062//244 1061//244 1059//244
f 4383//3 4385//3 4384//3 4382//3
f 1964//32 1965//32 1844//32 1842//32
f 3910//245 3909//245 3920//245 3925//245
f 1046//246 1048//246 1047//246 1045//246
f 7252//247 7203//247 7209//247 7251//247
f 5056//248 5057//248 5047//248 5046//248
f 4340//249 4341//249 4337//249 4336//249
f 23//250 24//250 27//250 25//250
f 8151//251 8127//251 8126//251 8150//251
f 1054//252 1056//252 1055//252 1053//252
f 3284//253 3285//253 3266//253 3267//253
f 1948//32 1949//32 1828//32 1826//32
f 4814//254 4815//254 4813//254 4812//254
f 6710//255 6718//255 6714//255 6709//255
f 4436//256 4434//256 4365//256 4437//256
f 3499//257 3501//257 4327//257 4326//257
f 5833//258 5837//258 5726//258 5724//258
f 2612//74 2613//74 2484//74 2482//74
f 454//259 456//259 455//259 453//259
f 90//260 84//260 83//260 89//260 87//260 88//260
f 363//261 365//261 364//261 362//261
f 470//262 472//262 471//262 469//262
f 4033//263 4039//263 4038//263 4036//263
f 2430//231 2432//231 2431//231 2429//231
f 4707//264 4705//264 4865//264 4721//264
f 538//265 540//265 539//265 537//265
f 528//266 530//266 529//266 527//266
f 2753//267 2752//267 2794//267 2785//267
f 2590//268 2591//268 2581//268 2586//268
f 4391//134 4393//134 4392//134 4390//134
f 4132//269 4133//269 4082//269 4080//269
f 7420//270 7418//270 7428//270 7427//270
f 3472//271 3473//271 3463//271 3462//271
f 6753//272 6755//272 6754//272 6752//272
f 940//4 938//4 931//4 932//4 1097//4 1101//4 1102//4 1100//4 914//4 912//4 910//4 908//4 906//4 904//4 902//4 1014//4 1012//4 1096//4 942//4
f 3497//273 3494//273 3547//273 3546//273
f 1100//4 1098//4 934//4 933//4 946//4 944//4 942//4 1096//4 1099//4 1014//4 902//4 916//4 928//4 926//4 924//4 922//4 920//4 918//4 914//4
f 1150//274 1152//274 1151//274 1149//274
f 4155//4 4156//4 4042//4 4041//4
f 1000//275 1002//275 1001//275 999//275
f 7526//276 7525//276 7527//276 7528//276
f 1747//4 1748//4 1637//4 1634//4
f 1799//277 1796//277 1797//277 1798//277
f 3720//278 3696//278 3695//278 3719//278
f 1422//279 1424//279 1423//279 1418//279 1417//279 1420//279
f 7200//280 7182//280 7238//280 7239//280
f 634//281 636//281 635//281 633//281
f 3289//282 3290//282 3280//282 3279//282
f 7607//3 7605//3 7606//3 7608//3
f 8224//3 8223//3 8357//3 8254//3 8288//3 8294//3 8249//3 8251//3 8250//3 8239//3 8240//3 8241//3 8242//3 8243//3 8354//3
f 997//32 999//32 1001//32 977//32 1089//32 1090//32 1010//32 1009//32 1105//32 881//32 947//32 949//32 951//32 953//32 955//32 957//32 959//32 963//32 822//32 818//32 817//32 824//32 1005//32 1094//32 1092//32 978//32 979//32 981//32 983//32 985//32 987//32 989//32 991//32 993//32 995//32
f 3702//283 3704//283 3703//283 3701//283
f 451//284 453//284 455//284 457//284 459//284 477//284 479//284 481//284 483//284 461//284
f 6051//74 6053//74 6052//74 6047//74
f 4650//285 4648//285 4649//285 4653//285 4684//285 4658//285 4659//285 4685//285
f 4691//286 4692//286 4634//286 4633//286
f 1755//4 1756//4 1645//4 1642//4
f 1789//287 1792//287 1573//287 1584//287
f 3101//288 3103//288 3102//288 3100//288
f 3569//289 3570//289 3565//289 3564//289
f 4626//26 4636//26 4637//26 4627//26
f 1224//290 1226//290 1225//290 1223//290
f 4736//291 4737//291 4732//291 4734//291
f 2416//12 2418//12 2417//12 2415//12
f 2544//292 2552//292 2553//292 2546//292
f 925//3 927//3 915//3 901//3 903//3 905//3 907//3 878//3 880//3 1106//3 1103//3 1095//3 1088//3 1087//3 939//3 941//3 943//3 945//3 935//3 936//3 1110//3 1111//3 823//3 819//3 820//3 821//3 909//3 911//3 913//3 917//3 919//3 921//3 923//3
f 3367//293 3368//293 3361//293 3362//293
f 4597//26 4605//26 4604//26 4596//26
f 2402//38 2404//38 2403//38 2401//38
f 1026//294 1028//294 1027//294 1025//294
f 3703//295 3705//295 3727//295 3726//295
f 5752//296 5753//296 5750//296 5751//296
f 2028//297 2029//297 2026//297 2025//297
f 1118//298 1120//298 1119//298 1117//298
f 3751//26 3752//26 3766//26 3765//26
f 961//134 962//134 948//134 947//134
f 3378//299 3379//299 3369//299 3368//299
f 3286//21 3287//21 3264//21 3265//21
f 169//21 168//21 165//21 161//21 164//21 179//21 174//21
f 172//300 171//300 133//300 134//300 173//300
f 6644//12 6649//12 6648//12 6647//12 6646//12 6645//12
f 3460//288 3461//288 3446//288 3447//288
f 1222//301 1224//301 1223//301 1221//301
f 588//221 589//221 570//221 575//221
f 3204//302 3205//302 3195//302 3194//302
f 1206//12 1208//12 1207//12 1205//12
f 5343//4 5342//4 5347//4 5346//4
f 58//3 60//3 59//3 57//3
f 6814//303 6809//303 6808//303 6820//303
f 2369//304 2376//304 2375//304 2370//304
f 6792//3 6795//3 6794//3 6793//3
f 801//305 800//305 816//305 812//305
f 7490//306 7471//306 7467//306 7457//306
f 1538//307 1545//307 1544//307 1535//307
f 2138//308 2130//308 2127//308 2137//308
f 1187//309 1188//309 1183//309 1182//309
f 5593//310 5594//310 5540//310 5538//310
f 1232//202 1401//202 1412//202 1234//202
f 1188//131 1189//131 1174//131 1183//131
f 1034//311 1036//311 1035//311 1033//311
f 1211//71 1212//71 1198//71 1197//71
f 2159//190 2176//190 2175//190 2155//190
f 1164//312 1166//312 1165//312 1163//312
f 6022//134 6024//134 6023//134 6021//134
f 1142//313 1144//313 1143//313 1141//313
f 1248//314 1250//314 1249//314 1247//314
f 3939//315 3931//315 3930//315 3938//315
f 1002//316 975//316 977//316 1001//316
f 1246//317 1248//317 1247//317 1245//317
f 3297//318 3298//318 3275//318 3287//318
f 542//319 544//319 543//319 541//319
f 1324//274 1326//274 1325//274 1323//274
f 1268//181 1270//181 1269//181 1267//181
f 1286//320 1288//320 1287//320 1285//320
f 4204//321 4205//321 3984//321 3982//321
f 1229//4 1316//4 1399//4 1236//4
f 5429//322 5430//322 5440//322 5439//322
f 7711//323 7735//323 7736//323 7704//323
f 1290//32 1288//32 1286//32 1266//32 1264//32 1294//32 1292//32
f 1308//32 1311//32 1254//32 1252//32 1250//32 1248//32 1246//32 1262//32
f 1261//33 1262//33 1246//33 1245//33
f 1358//171 1360//171 1359//171 1357//171
f 6291//20 6300//20 6299//20 6301//20 6292//20
f 1162//324 1164//324 1163//324 1161//324
f 259//325 237//325 236//325 258//325
f 6055//33 6060//33 6074//33 6052//33
f 1334//326 1336//326 1335//326 1333//326
f 2202//327 2201//327 2218//327 2217//327
f 1042//319 1044//319 1043//319 1041//319
f 4004//328 3992//328 4197//328 4198//328
f 8134//329 8120//329 8128//329 8133//329
f 7943//330 7944//330 7935//330 7936//330
f 1612//331 1614//331 1780//331 1781//331
f 3202//332 3203//332 3193//332 3192//332
f 1354//333 1356//333 1355//333 1353//333
f 4054//284 4056//284 4055//284 4053//284
f 3278//293 3279//293 3272//293 3273//293
f 3431//3 3432//3 3443//3 3442//3 3441//3 3452//3 3451//3 3440//3 3428//3 3429//3 3430//3
f 2741//246 2716//246 2715//246 2742//246
f 89//21 101//21 103//21 87//21
f 2838//334 3002//334 3003//334 2858//334
f 4895//335 4897//335 4896//335 4894//335
f 6689//26 6690//26 6688//26 6686//26 6687//26
f 3379//336 3380//336 3370//336 3369//336
f 5617//337 5618//337 5612//337 5611//337
f 8193//338 8195//338 8194//338 8192//338
f 1306//339 1275//339 1277//339 1305//339
f 2604//74 2605//74 2476//74 2474//74
f 3735//340 3734//340 3758//340 3757//340
f 7715//341 7703//341 7687//341 7744//341
f 6646//342 6651//342 6650//342 6643//342 6645//342
f 1390//343 1368//343 1367//343 1389//343
f 2585//344 2651//344 2654//344 2588//344
f 5744//345 5745//345 5743//345 5742//345
f 7933//346 7931//346 7938//346 7940//346
f 562//190 564//190 563//190 561//190
f 4073//347 4078//347 4077//347 4071//347
f 1351//239 1331//239 1333//239 1349//239
f 7724//206 7723//206 7722//206 7721//206 8291//206 8289//206 8301//206 7831//206 7830//206 7829//206 7828//206 7827//206 7826//206 7825//206 7824//206 7823//206 7822//206 7821//206 7820//206 7819//206 7818//206 7817//206 8302//206 8078//206 8077//206 8076//206 8075//206 8074//206 8073//206 8072//206 8071//206 8070//206 8069//206 8068//206 8067//206 8066//206 8065//206 8064//206 8063//206 8062//206 7720//206 7719//206 7718//206 7717//206 7716//206 7715//206 7744//206 7743//206 7742//206 7741//206 7740//206 7739//206 7738//206 7737//206 7736//206 7735//206 7734//206 7733//206 7732//206 7731//206 7730//206 7729//206 7728//206 7727//206 7726//206 7725//206
f 4240//348 4226//348 4229//348 4239//348
f 3868//224 3890//224 3879//224 3867//224
f 7482//349 7466//349 7465//349 7481//349
f 4400//33 4404//33 4405//33 4401//33
f 2927//350 2994//350 2993//350 2926//350
f 1282//351 1284//351 1283//351 1281//351
f 4050//134 4052//134 4051//134 4049//134
f 3835//352 3830//352 3834//352 3833//352
f 1393//74 1394//74 1314//74 1313//74 1410//74 1179//74 1245//74 1247//74 1249//74 1251//74 1114//74 1113//74 1120//74 1287//74 1289//74 1291//74 1293//74 1295//74 1297//74 1299//74 1301//74 1303//74 1305//74 1277//74 1278//74 1396//74
f 3369//12 3370//12 3359//12 3360//12
f 1905//353 1943//353 1944//353 1903//353
f 1307//74 1309//74 1398//74 1396//74 1278//74 1279//74 1281//74 1283//74 1285//74 1287//74 1120//74 1118//74 1114//74 1251//74 1253//74 1255//74 1257//74 1259//74 1263//74 1265//74 1267//74 1269//74 1271//74 1273//74 1261//74 1245//74 1179//74 1170//74 1408//74
f 6601//354 6599//354 6598//354 6600//354
f 6469//4 6472//4 6471//4 6470//4
f 4688//3 4643//3 4612//3 4613//3 4617//3 4689//3
f 3190//355 3191//355 3182//355 3183//355
f 1317//3 1411//3 1169//3 1171//3 1409//3 1407//3 1219//3 1221//3 1223//3 1225//3 1211//3 1197//3 1199//3 1201//3 1203//3 1205//3 1117//3 1119//3 1115//3 1239//3 1241//3 1243//3 1233//3 1234//3 1412//3 1413//3 1414//3 1415//3 1416//3 1228//3 1227//3 1235//3 1391//3 1395//3 1397//3 1315//3
f 2288//356 2350//356 2349//356 2287//356
f 4079//357 4081//357 4130//357 4131//357
f 1417//358 1418//358 1419//358
f 1420//359 1421//359 1422//359
f 6768//360 6765//360 6764//360 6767//360
f 1425//361 1426//361 1427//361
f 1428//362 1429//362 1430//362
f 1431//363 1432//363 1433//363
f 1435//364 1436//364 1430//364
f 2689//365 2688//365 2699//365 2704//365
f 1441//366 1431//366 1440//366
f 1442//367 1443//367 1444//367 1432//367 1431//367 1441//367
f 6447//368 6461//368 6460//368 6452//368
f 1442//369 1445//369 1443//369
f 1426//370 1446//370 1447//370
f 1449//371 1444//371 1443//371
f 440//372 476//372 474//372 472//372 470//372 468//372 466//372 464//372 462//372 438//372 460//372 458//372 456//372 454//372 452//372 424//372 422//372 420//372 490//372 485//372 428//372 426//372 448//372 446//372 444//372 442//372
f 1453//373 1456//373 1454//373
f 1418//374 1423//374 1457//374
f 2265//375 2286//375 2285//375 2266//375
f 1459//376 1455//376 1454//376
f 1463//377 1464//377 1465//377
f 1466//378 1467//378 1468//378
f 1469//379 1470//379 1471//379
f 1470//380 1472//380 1473//380
f 1474//381 1475//381 1468//381
f 7689//382 7727//382 7728//382 7691//382
f 1480//383 1481//383 1482//383
f 1483//362 1484//362 1485//362
f 3199//384 3200//384 3190//384 3189//384
f 7087//385 7088//385 7086//385 7085//385
f 1486//373 1490//373 1487//373
f 1481//386 1491//386 1492//386
f 5852//387 5723//387 5718//387 5719//387
f 1494//388 1489//388 1487//388
f 1466//389 1468//389 1475//389 1491//389 1481//389 1480//389
f 436//390 414//390 413//390 435//390
f 1378//93 1380//93 1379//93 1377//93
f 2032//391 2031//391 2021//391 2023//391 2027//391 2042//391
f 1712//392 1714//392 1709//392 1708//392
f 1473//393 1476//393 1471//393 1470//393
f 1486//394 1487//394 1489//394 1488//394 1484//394 1483//394
f 2907//395 2928//395 2927//395 2908//395
f 1508//362 1509//362 1507//362
f 1464//396 1504//396 1506//396
f 5136//104 5137//104 5118//104 5119//104
f 1502//397 1501//397 1507//397
f 6018//3 6010//3 5924//3 5925//3 5954//3 5957//3 6014//3 6017//3
f 3850//398 3840//398 3843//398 3849//398
f 1514//399 1515//399 1513//399
f 1484//400 1488//400 1500//400
f 5858//401 5336//401 5335//401 5707//401
f 1498//402 1505//402 1513//402
f 2675//403 2669//403 2674//403 2673//403
f 3678//404 3679//404 3656//404 3654//404
f 1520//405 1483//405 1521//405
f 1453//406 1425//406 5871//406 5875//406
f 1514//407 1523//407 1524//407
f 1524//408 1523//408 1525//408
f 1524//409 1525//409 1526//409
f 1527//410 1528//410 1529//410
f 1530//411 1531//411 1532//411
f 1532//412 1533//412 1530//412
f 1530//413 1533//413 1466//413
f 5879//414 1420//414 1417//414 5872//414
f 5883//415 5882//415 1428//415 5890//415 5876//415
f 1480//416 1536//416 1535//416
f 1535//417 1536//417 1537//417
f 1535//239 1537//239 1538//239
f 1518//418 1517//418 1516//418 1515//418 1485//418
f 5621//419 5535//419 5536//419 5534//419
f 2720//420 2725//420 2721//420 2690//420
f 1524//421 1483//421 1514//421
f 1485//422 1515//422 1514//422 1483//422
f 2313//423 2318//423 2304//423 2303//423
f 2532//424 2648//424 2647//424 2534//424 2533//424
f 5710//425 5855//425 5845//425 5856//425
f 1486//426 1537//426 1536//426
f 1486//427 1536//427 1490//427
f 1490//428 1536//428 1480//428
f 2158//429 2160//429 2173//429 2176//429
f 2198//430 2196//430 2199//430 2197//430
f 1877//431 1871//431 1870//431 1876//431
f 1528//432 1527//432 1539//432
f 1539//433 1527//433 1508//433
f 2320//434 2319//434 2325//434 2324//434
f 1532//435 1469//435 1533//435
f 1533//436 1469//436 1467//436
f 1533//437 1467//437 1466//437
f 4264//438 4266//438 4265//438 4263//438
f 1508//439 1463//439 1465//439 1509//439
f 1463//440 1508//440 1527//440
f 1508//441 1469//441 1532//441 1539//441
f 1522//442 1529//442 1540//442
f 2845//443 2852//443 2849//443 2844//443
f 1542//444 1537//444 1519//444
f 1542//445 1519//445 1520//445
f 5484//446 5450//446 5452//446 5483//446
f 1543//447 1530//447 1534//447
f 3622//448 3624//448 3633//448 3632//448
f 1550//449 1529//449 1528//449
f 1550//450 1528//450 1546//450
f 1546//451 1528//451 1539//451
f 1551//452 1522//452 1549//452
f 1549//453 1522//453 1540//453
f 1552//454 1526//454 1525//454
f 1551//455 1523//455 1522//455
f 1044//456 1046//456 1045//456 1043//456
f 4004//457 4198//457 4201//457 4003//457
f 1682//458 1684//458 1683//458 1681//458
f 3778//459 3775//459 3776//459 3773//459
f 7485//460 7458//460 7459//460 7484//460
f 4694//461 4693//461 4847//461 4848//461
f 1714//462 1715//462 1711//462 1709//462
f 1589//463 1598//463 1590//463
f 1878//464 1880//464 1874//464 1873//464
f 2466//465 2468//465 2467//465 2465//465
f 1709//466 1711//466 1710//466 1708//466
f 1601//467 1603//467 1602//467 1600//467
f 2527//468 2529//468 2523//468 2522//468
f 1627//469 1619//469 1597//469 1590//469 1598//469 1620//469
f 2650//470 2568//470 2570//470 2571//470 2653//470
f 2536//471 2524//471 2523//471 2529//471 2537//471
f 1621//472 1622//472 1623//472
f 7990//473 7961//473 7959//473 7989//473
f 3605//4 3606//4 3601//4 3602//4 3603//4 3604//4
f 1626//474 1616//474 1618//474
f 1618//475 1627//475 1626//475
f 4049//476 4051//476 4162//476 4163//476
f 1623//477 1625//477 1624//477
f 1623//478 1624//478 1621//478
f 1627//479 1620//479 1625//479
f 1618//480 1619//480 1627//480
f 3517//481 3519//481 3518//481 3516//481 3560//481 3559//481 3565//481 3570//481
f 3512//482 3509//482 3542//482 3541//482
f 5877//483 5870//483 5865//483 5876//483
f 6647//3 6668//3 6651//3 6646//3
f 2773//484 2770//484 2769//484 2775//484 2774//484 2772//484
f 1439//485 1433//485 1438//485 1437//485
f 5966//486 5974//486 5975//486 5967//486
f 1647//487 1622//487 1649//487
f 7243//488 7244//488 7199//488 7189//488 7242//488
f 1650//489 1621//489 1651//489
f 4007//490 4029//490 4028//490 4006//490
f 7532//491 7531//491 7530//491 7529//491
f 2337//492 2338//492 2299//492 2298//492
f 2340//493 2341//493 2278//493 2280//493
f 1657//494 1658//494 1659//494
f 3904//495 3906//495 3907//495 3895//495 3899//495
f 4070//496 4150//496 4153//496 4073//496 4071//496
f 2678//497 2657//497 2686//497 2684//497 2681//497
f 1653//498 1664//498 1665//498
f 1650//499 1651//499 1665//499
f 1665//500 1652//500 1653//500
f 5393//501 5392//501 5404//501 5403//501
f 1655//502 1657//502 1656//502
f 1656//503 1657//503 1659//503
f 1664//504 1654//504 1665//504
f 1650//505 1666//505 1649//505
f 1649//506 1666//506 1667//506
f 1649//507 1667//507 1647//507
f 4078//508 4058//508 4057//508 4077//508
f 2470//509 2472//509 2471//509 2469//509
f 1373//33 1375//33 1377//33 1379//33 1381//33 1392//33 1400//33 1399//33 1316//33 1315//33 1397//33 1369//33 1371//33
f 1671//510 1689//510 1690//510
f 1671//511 1690//511 1691//511
f 1657//512 1688//512 1658//512
f 1680//513 1683//513 1684//513 1687//513 1688//513 1657//513 1689//513 1671//513 1672//513 1675//513 1676//513 1679//513
f 1887//514 1888//514 1917//514 1902//514
f 3240//515 3239//515 3236//515 3252//515 3251//515
f 1664//516 1693//516 1654//516
f 8163//517 8162//517 8171//517 8170//517 8169//517 8168//517 8167//517 8195//517 8193//517 8191//517 8188//517 8217//517 8216//517 8215//517 8214//517 8213//517 8212//517 8211//517 8137//517 8136//517 8135//517 8134//517 8133//517 8151//517 8150//517 8149//517 8148//517 8353//517 8297//517 8303//517 7684//517 7683//517 7680//517 8345//517 8347//517 8350//517 8187//517 8186//517 8183//517 8181//517 8351//517 8349//517 8298//517 7989//517 7988//517 8175//517 8173//517 8179//517 8176//517 7939//517 7945//517 7944//517 7943//517 7942//517 7941//517 7940//517 7938//517 7906//517 7905//517 7904//517 7903//517 7902//517 7901//517 7900//517 7899//517 7898//517 7897//517 7896//517 7895//517 7894//517 7893//517 7892//517 7891//517 7890//517 7889//517 7888//517 7887//517 7886//517 7929//517 7928//517 7927//517 7926//517 7925//517 7924//517 7923//517 7922//517 7921//517 7920//517 7919//517 7918//517 7917//517 7916//517 7915//517 7914//517 7913//517 7912//517 7911//517 7910//517 7909//517 7908//517 8346//517 8166//517 8165//517 8164//517
f 1694//518 1698//518 1699//518
f 1699//519 1698//519 1700//519
f 1699//520 1700//520 1701//520
f 1701//521 1700//521 1702//521
f 1701//522 1702//522 1697//522
f 1697//523 1702//523 1703//523
f 1694//524 1704//524 1693//524
f 3531//525 3532//525 3522//525 3523//525 3530//525
f 7540//526 7541//526 7542//526 7539//526
f 1689//527 1706//527 1690//527
f 1694//528 1699//528 1704//528
f 112//21 109//21 115//21 116//21 6//21
f 1774//529 1775//529 1607//529 1605//529
f 1778//530 1779//530 1611//530 1609//530
f 1976//531 1977//531 1820//531 1818//531
f 3799//532 3800//532 3798//532 3797//532 3796//532
f 7801//533 7829//533 7830//533 7802//533
f 1058//534 1060//534 1059//534 1057//534
f 1796//535 1802//535 1806//535 1586//535 1584//535 1573//535 1574//535
f 4738//536 4739//536 4735//536 4733//536
f 7588//537 7578//537 7568//537 7589//537
f 7250//538 7251//538 7209//538 7207//538
f 7025//539 7023//539 7062//539 7063//539
f 3593//540 4378//540 3594//540 3587//540
f 2847//541 2844//541 2848//541 2846//541
f 1769//542 1770//542 1601//542 1600//542
f 1717//328 1720//328 1671//328 1691//328
f 4848//3 4849//3 4696//3 4694//3
f 1757//4 1758//4 1644//4 1643//4
f 1631//543 1633//543 1744//543 1745//543
f 6694//544 6692//544 6686//544 6688//544
f 5369//545 5371//545 5370//545 5368//545
f 1639//546 1641//546 1752//546 1753//546
f 6655//342 6654//342 6652//342 6653//342
f 6165//4 6167//4 6166//4 6164//4
f 146//20 148//20 122//20 121//20 144//20
f 1726//547 1727//547 1676//547 1674//547
f 7340//548 7286//548 7284//548 7339//548
f 1786//549 1787//549 1582//549 1580//549
f 1575//543 1577//543 1760//543 1761//543
f 4726//4 4868//4 4869//4 4630//4 4632//4 4634//4 4692//4 4727//4
f 4513//3 4511//3 4519//3 4518//3 4517//3 4516//3 4489//3 4501//3 4499//3 4497//3 4495//3 4524//3 4525//3 4526//3 4527//3 4522//3 4521//3 4520//3 4507//3 4505//3 4503//3 4515//3
f 446//550 448//550 447//550 445//550
f 183//26 189//26 190//26 184//26
f 1628//551 1766//551 1765//551 1617//551
f 315//305 317//305 316//305 314//305
f 7330//552 7331//552 7291//552 7302//552
f 1703//553 1702//553 1808//553
f 3329//554 3328//554 3325//554 3341//554 3340//554
f 4108//555 4221//555 4220//555 4110//555
f 7853//556 7852//556 7905//556 7906//556
f 2090//557 2089//557 2140//557 2139//557 2129//557 2128//557
f 4706//146 4701//146 4704//146 4705//146
f 1674//558 1676//558 1675//558 1673//558
f 1743//185 1740//185 1739//185 1738//185 1737//185 1736//185 1735//185 1734//185 1733//185 1732//185 1731//185 1730//185 1729//185 1728//185 1727//185 1726//185 1725//185 1724//185 1723//185 1722//185 1721//185 1720//185 1717//185 1718//185 1719//185 1716//185 1715//185 1714//185 1712//185 1713//185 1812//185 1553//185 1556//185 1558//185 1560//185 1562//185 1564//185 1566//185 1568//185 1570//185 1801//185 1798//185 1797//185 1795//185 1794//185 1793//185 1792//185 1789//185 1790//185 1791//185 1788//185 1787//185 1786//185 1785//185 1784//185 1783//185 1782//185 1781//185 1780//185 1779//185 1778//185 1777//185 1776//185 1775//185 1774//185 1773//185 1772//185 1771//185 1770//185 1769//185 1768//185 1765//185 1766//185 1767//185 1764//185 1763//185 1762//185 1761//185 1760//185 1759//185 1758//185 1757//185 1756//185 1755//185 1754//185 1753//185 1752//185 1751//185 1750//185 1749//185 1748//185 1747//185 1746//185 1745//185 1744//185 1741//185 1742//185
f 1686//559 1688//559 1687//559 1685//559
f 3599//3 3580//3 3577//3
f 6650//21 6651//21 6668//21 6666//21 6667//21 6669//21
f 1685//560 1687//560 1736//560 1737//560
f 1979//561 1980//561 1814//561 1813//561
f 7145//562 7113//562 7130//562 7144//562
f 4015//563 4017//563 4016//563 4014//563
f 7123//564 7165//564 7166//564 7124//564
f 7721//565 7722//565 7693//565 7692//565
f 5228//37 5216//37 5204//37 5205//37
f 1775//566 1776//566 1610//566 1607//566
f 7248//567 7249//567 7206//567 7185//567
f 8230//568 8249//568 8226//568
f 5392//569 5391//569 5405//569 5404//569
f 5763//167 5762//167 5798//167 5799//167 5659//167 5531//167 5526//167 5525//167 5718//167 5735//167 5734//167 5793//167 5791//167 5790//167 5792//167 5758//167 5760//167 5765//167
f 7730//570 7731//570 7712//570 7713//570
f 1419//571 1418//571 1457//571 1462//571
f 4096//572 4098//572 4097//572 4095//572
f 7363//573 7362//573 7357//573 7356//573
f 7573//574 7572//574 7583//574 7582//574
f 4156//546 4157//546 4044//546 4042//546
f 1851//575 1850//575 1852//575
f 1854//576 1855//576 1856//576
f 1857//577 1858//577 1850//577 1849//577 1854//577 1856//577
f 1855//578 1853//578 1846//578 1845//578 1861//578 1862//578
f 1576//33 1578//33 1577//33 1575//33
f 1865//33 1866//33 1867//33 1868//33 1869//33 1870//33 1871//33 1857//33 1856//33 1855//33 1862//33 1863//33 1864//33
f 8092//579 8084//579 8083//579 8091//579
f 5042//34 5043//34 5034//34 5035//34
f 3374//580 3375//580 3354//580 3355//580
f 1146//581 1148//581 1147//581 1145//581
f 347//582 349//582 348//582 346//582
f 4780//74 4782//74 4779//74 4777//74
f 1873//583 1874//583 1875//583
f 2757//584 2750//584 2765//584 2763//584 2760//584
f 1876//585 1870//585 1869//585
f 5648//586 5639//586 5646//586 5647//586
f 1867//587 1881//587 1868//587
f 5782//588 5764//588 5766//588 5783//588 5777//588
f 7313//589 7314//589 7309//589 7312//589
f 2289//590 2307//590 2294//590 2290//590
f 1871//591 1883//591 1884//591
f 1884//592 1885//592 1886//592
f 2309//593 2306//593 2310//593 2308//593 2307//593
f 6083//594 6091//594 6092//594 6084//594
f 3806//595 3817//595 3815//595 3812//595 3808//595
f 1896//596 1891//596 1890//596 1894//596 1895//596
f 1903//597 1904//597 1905//597
f 4261//598 4302//598 4294//598 4262//598
f 5785//599 5792//599 5789//599 5772//599
f 1909//600 1910//600 1903//600
f 1903//601 1910//601 1906//601
f 797//33 714//33 713//33 795//33 796//33 755//33 757//33 759//33 761//33 763//33 779//33 781//33 783//33 785//33 787//33 765//33 767//33 769//33 771//33 773//33 775//33 777//33 790//33 798//33
f 1904//602 1911//602 1905//602
f 5731//603 5729//603 5728//603 5838//603
f 3918//604 3910//604 3925//604 3923//604 3921//604
f 1916//605 1917//605 1918//605
f 1918//606 1917//606 1888//606
f 1918//607 1888//607 1889//607
f 1911//608 1913//608 1912//608 1905//608
f 1911//609 1863//609 1913//609
f 1913//610 1863//610 1901//610
f 1914//611 1901//611 1902//611
f 1914//612 1902//612 1917//612
f 1909//613 1907//613 1910//613
f 5133//614 5134//614 5121//614 5122//614
f 7568//3 7578//3 7579//3 7575//3 7576//3 7577//3 7572//3 7573//3 7574//3 7569//3 7570//3 7571//3 7567//3
f 1635//546 1637//546 1748//546 1749//546
f 6615//615 6614//615 6616//615 6617//615 6618//615 6619//615
f 1580//509 1582//509 1581//509 1579//509
f 1907//616 1945//616 1908//616
f 2155//617 2109//617 2157//617 2159//617
f 1909//618 1903//618 1944//618
f 379//619 381//619 380//619 378//619
f 1754//32 1755//32 1642//32 1640//32
f 1750//32 1751//32 1638//32 1636//32
f 7561//26 7559//26 7560//26 7562//26
f 2465//620 2467//620 2630//620 2631//620
f 1517//621 1499//621 1498//621 1516//621
f 1951//3 1952//3 1830//3 1829//3
f 6184//26 6185//26 6186//26 6189//26 6187//26 6188//26 6190//26 6191//26 6192//26 6193//26
f 5224//20 5225//20 5208//20 5209//20
f 1711//622 1695//622 1703//622 1808//622 1809//622 1710//622
f 2530//623 2625//623 2624//623 2531//623
f 2521//624 2622//624 2625//624 2530//624
f 3209//625 3210//625 3187//625 3186//625
f 7992//626 7965//626 7963//626 7991//626
f 7416//627 7397//627 7396//627 7415//627
f 1821//628 1823//628 1970//628 1971//628
f 5400//38 5401//38 5415//38 5414//38
f 1852//629 1859//629 1848//629 1851//629
f 3856//630 3836//630 3842//630 3855//630
f 5061//631 5062//631 5039//631 5038//631
f 7186//632 7236//632 7237//632 7184//632
f 1823//633 1824//633 1819//633 1820//633 1815//633 1816//633 1982//633 1988//633 1992//633 1883//633 1871//633 1877//633
f 6666//79 6668//79 6647//79 6648//79
f 666//181 668//181 667//181 665//181
f 2958//634 2959//634 2963//634 2961//634
f 1918//635 1996//635 1916//635
f 2653//636 2571//636 2572//636 2652//636
f 4037//637 4029//637 4007//637 4000//637 4008//637 4030//637
f 1122//638 1186//638 1185//638 1124//638
f 7735//639 7711//639 7709//639 7734//639
f 1999//640 2000//640 2001//640
f 2002//641 2003//641 2004//641
f 2005//642 2006//642 2007//642
f 4300//643 4303//643 4304//643 4282//643 4283//643 4296//643
f 2005//644 2007//644 2009//644 2008//644 2003//644 2002//644
f 8119//645 8142//645 8143//645 8129//645
f 2010//646 2011//646 2012//646
f 2003//647 2008//647 2013//647
f 2015//648 2016//648 2012//648
f 7945//649 7939//649 7930//649 7934//649
f 3823//650 3822//650 3836//650 3856//650
f 2021//651 2022//651 2023//651
f 2000//652 2020//652 2024//652
f 2026//653 2027//653 2023//653
f 3803//654 3802//654 3840//654 3850//654
f 2031//655 2032//655 2033//655
f 2034//656 2035//656 2036//656
f 2037//657 2041//657 2038//657
f 2032//658 2042//658 2043//658
f 2045//659 2040//659 2038//659
f 1604//660 1606//660 1772//660 1773//660
f 4319//661 4330//661 4329//661 3550//661
f 2009//662 2049//662 2050//662 2051//662 2039//662 2040//662 2045//662 2047//662 2043//662 2042//662 2027//662 2026//662 2029//662 2024//662 2020//662 2016//662 2015//662 2018//662 2013//662 2008//662
f 532//663 534//663 533//663 531//663
f 4926//74 4927//74 4472//74 4473//74
f 4437//664 4365//664 4363//664 4438//664
f 5518//134 5521//134 5514//134 5513//134 5714//134 5715//134 5520//134
f 2035//665 2039//665 2051//665
f 2049//666 2009//666 2007//666
f 2528//667 2538//667 2537//667 2529//667
f 2055//668 2056//668 2057//668
f 2057//669 2056//669 2058//669
f 3377//670 3389//670 3388//670 3387//670 3386//670 3531//670 3529//670 3527//670 3203//670 3202//670 3201//670 3200//670 3199//670 3211//670 3210//670 3209//670 3208//670 3207//670 3206//670 3525//670 3539//670 3524//670 3538//670 3536//670 3534//670 4342//670 4351//670 4361//670 4364//670 3466//670 3478//670 3477//670 3476//670 3475//670 3474//670 3473//670 3472//670 3471//670 3470//670 3469//670 3468//670 3467//670 3706//670 3704//670 3702//670 3700//670 3698//670 4371//670 4369//670 4367//670 4375//670 4374//670 4359//670 3379//670 3378//670
f 2031//671 2061//671 2059//671
f 2059//672 2061//672 2062//672
f 2059//673 2062//673 2063//673
f 4294//674 4302//674 4295//674 4277//674
f 5839//675 5840//675 5836//675 5835//675
f 2067//676 2068//676 2064//676
f 2064//677 2068//677 2069//677
f 5625//678 5633//678 5645//678 5644//678
f 2055//679 2057//679 1999//679
f 1999//680 2057//680 2071//680
f 2010//681 2072//681 2073//681
f 2073//682 2072//682 2074//682
f 2073//683 2074//683 2075//683
f 2005//684 2067//684 2064//684
f 4111//685 4115//685 4103//685 4114//685 4109//685
f 368//686 370//686 400//686 399//686
f 2036//687 2064//687 2034//687
f 4078//688 4152//688 4151//688 4058//688
f 8190//689 8189//689 8188//689 8191//689
f 7896//690 7869//690 7885//690 7895//690
f 2066//691 2062//691 2037//691
f 2037//692 2062//692 2061//692
f 2037//693 2061//693 2041//693
f 2041//694 2061//694 2031//694
f 2998//695 2964//695 2965//695 2997//695
f 1993//696 1996//696 1918//696 1889//696
f 2060//697 2056//697 2021//697
f 2021//698 2056//698 2055//698
f 2021//699 2055//699 2022//699
f 2022//700 2055//700 1999//700
f 3955//701 3957//701 3950//701 3891//701
f 2600//702 2601//702 2563//702 2565//702
f 1476//703 1478//703 1479//703 1467//703 1471//703
f 2649//704 2652//704 2574//704 2538//704
f 2019//705 2017//705 2014//705 2011//705 2004//705
f 2010//706 2002//706 2004//706 2011//706
f 2002//707 2010//707 2073//707
f 2250//708 2251//708 2237//708 2236//708
f 2070//709 2075//709 2076//709
f 3948//710 3949//710 3969//710 3970//710
f 2080//711 2075//711 2074//711
f 2080//712 2074//712 2078//712
f 2078//713 2074//713 2072//713
f 2078//714 2072//714 2071//714
f 2081//715 2070//715 2079//715
f 2079//716 2070//716 2076//716
f 854//717 856//717 855//717 853//717
f 2084//718 2069//718 2068//718
f 5593//719 5538//719 5623//719 5622//719
f 2081//720 2067//720 2070//720
f 5878//721 5869//721 5870//721 5877//721
f 2082//722 2062//722 2066//722
f 1530//723 1543//723 1548//723 1531//723
f 2085//724 2056//724 2060//724
f 2089//725 2090//725 2091//725
f 2092//726 2093//726 2094//726
f 2095//727 2096//727 2097//727
f 2093//728 2098//728 2099//728
f 3921//729 3922//729 3915//729 3918//729
f 2101//730 2102//730 2097//730
f 307//731 309//731 308//731 306//731
f 2106//657 2107//657 2108//657
f 2109//732 2110//732 2111//732
f 6191//733 6190//733 6203//733 6202//733
f 2115//734 2116//734 2114//734
f 2107//735 2117//735 2118//735
f 2120//736 2112//736 2114//736
f 1427//737 1426//737 1447//737 1452//737
f 2095//738 2097//738 2102//738 2117//738 2107//738 2106//738
f 2112//739 2120//739 2122//739 2118//739 2117//739 2102//739 2101//739 2104//739 2099//739 2098//739 2124//739 2126//739 2127//739 2130//739 2128//739 2129//739 2131//739 2132//739 2125//739 2113//739
f 7544//237 7541//237 7540//237 7537//237 7536//237 7638//237 7475//237 7474//237 7473//237 7472//237 7471//237 7553//237 7552//237
f 5748//740 5740//740 5743//740 5745//740 5747//740 5736//740 5738//740 5861//740 5860//740 5859//740 5868//740 5863//740 5864//740 5865//740 1561//740 1544//740 1545//740 1542//740 1541//740 1552//740 1551//740 1549//740 1550//740 1546//740 1547//740 5757//740 5750//740 5753//740 5755//740
f 5903//74 5907//74 5906//74 5905//74
f 8369//113 8368//113 8365//113 8366//113
f 2093//741 2092//741 2134//741 2133//741 2124//741 2098//741
f 2134//742 2135//742 2133//742
f 2090//743 2128//743 2130//743
f 2126//744 2124//744 2133//744
f 7041//126 7040//126 7072//126 7073//126
f 5389//745 5388//745 5408//745 5407//745
f 7210//746 7234//746 7235//746 7208//746
f 2140//657 2141//657 2139//657
f 2110//747 2113//747 2125//747
f 2131//748 2129//748 2139//748
f 3893//749 3892//749 3934//749 3940//749
f 2145//750 2146//750 2092//750
f 8152//751 8153//751 8160//751 8154//751 8155//751 8156//751 8158//751 8159//751 8157//751 8161//751
f 2092//752 2147//752 2145//752
f 2145//753 2147//753 2148//753
f 2145//754 2148//754 2149//754
f 2066//755 2037//755 2034//755 2065//755
f 2106//756 2152//756 2150//756
f 2150//757 2152//757 2153//757
f 2150//758 2153//758 2154//758
f 3875//755 3807//755 3818//755 3874//755
f 2157//759 2158//759 2159//759
f 2158//760 2157//760 2160//760
f 2160//761 2157//761 2140//761
f 3866//762 3870//762 3845//762 3804//762
f 2163//763 2161//763 2164//763
f 2164//764 2162//764 2165//764
f 2165//765 2162//765 2166//765
f 2144//766 2143//766 2142//766 2141//766 2111//766
f 2601//767 2602//767 2475//767 2520//767 2564//767
f 2157//768 2109//768 2140//768
f 2111//769 2141//769 2140//769 2109//769
f 3589//770 3593//770 3587//770 3588//770
f 5890//771 5896//771 1421//771
f 2156//772 2153//772 2115//772
f 2115//773 2153//773 2152//773
f 2115//774 2152//774 2116//774
f 2116//775 2152//775 2106//775
f 1480//776 1482//776 1490//776
f 3586//777 3577//777 3576//777 3595//777
f 1879//778 1889//778 1888//778 1880//778
f 2151//779 2148//779 2095//779
f 2095//780 2148//780 2147//780
f 2095//781 2147//781 2096//781
f 2096//782 2147//782 2092//782
f 2194//783 2203//783 2195//783 2192//783
f 2134//784 2166//784 2162//784
f 8005//785 7976//785 7975//785 7952//785
f 5636//786 5651//786 5640//786 5635//786
f 5872//787 1417//787 5892//787 5873//787
f 3958//788 3971//788 3976//788 3959//788
f 2091//789 2162//789 2089//789
f 3858//790 3859//790 3881//790 3883//790
f 2172//791 2164//791 2165//791
f 2172//792 2165//792 2170//792
f 2170//793 2165//793 2166//793
f 2170//794 2166//794 2146//794
f 2173//795 2161//795 2171//795
f 2171//796 2161//796 2163//796
f 5994//797 5995//797 5987//797 5986//797
f 2176//798 2159//798 2158//798
f 2814//799 2816//799 2829//799 2832//799
f 2173//800 2160//800 2161//800
f 2148//801 2151//801 2169//801
f 1091//802 1092//802 1094//802 1093//802
f 2381//803 2386//803 2385//803 2380//803
f 2174//804 2153//804 2156//804
f 4296//805 4297//805 4301//805 4300//805
f 2201//806 2199//806 2196//806 2200//806
f 2195//807 2203//807 2200//807 2196//807
f 2181//808 2184//808 2185//808
f 5758//809 5792//809 5784//809 5759//809
f 2567//810 2569//810 2568//810 2561//810
f 5731//811 5838//811 5834//811 5824//811
f 209//14 211//14 210//14 208//14
f 2180//812 2182//812 2181//812 2179//812
f 3515//813 3481//813 3480//813 3567//813 3566//813
f 4295//814 4302//814 4299//814 4279//814
f 2192//815 2195//815 2196//815
f 2534//816 2527//816 2522//816 2535//816
f 5838//817 5839//817 5835//817 5834//817
f 2201//818 2200//818 2203//818
f 7049//819 7037//819 7021//819 7079//819
f 2194//820 2205//820 2203//820
f 5969//821 5968//821 5981//821 5980//821
f 2207//822 2189//822 2208//822
f 2183//823 2210//823 2208//823
f 3878//93 3886//93 3885//93 3874//93
f 2918//824 2915//824 2914//824 2919//824
f 6243//825 6245//825 6244//825 6242//825
f 7240//826 7187//826 7200//826 7239//826
f 1434//827 1435//827 1430//827 1429//827
f 110//146 107//146 108//146 109//146
f 2223//828 2236//828 2237//828
f 2223//829 2237//829 2224//829
f 2224//830 2237//830 2238//830
f 7336//831 7311//831 7310//831 7335//831
f 8354//832 8243//832 8236//832 8235//832 8244//832
f 4208//833 4211//833 4210//833 4209//833
f 5971//834 5972//834 5958//834 5962//834
f 6677//835 6681//835 6683//835 6678//835
f 5386//836 5398//836 5411//836 5410//836
f 6981//837 6983//837 6982//837 6980//837
f 1302//838 1304//838 1303//838 1301//838
f 2164//839 2161//839 2089//839 2162//839
f 8223//26 8224//26 8225//26 8222//26
f 2245//288 2246//288 2227//288 2232//288
f 778//840 780//840 779//840 777//840
f 2246//841 2260//841 2247//841
f 3806//842 3805//842 3811//842 3817//842
f 2392//12 2394//12 2393//12 2391//12
f 2273//3 2274//3 2249//3 2248//3 2261//3
f 2264//843 2287//843 2286//843 2265//843
f 2277//844 2271//844 2278//844
f 2279//845 2274//845 2276//845
f 2276//846 2274//846 2273//846
f 2278//847 2271//847 2280//847
f 2280//848 2270//848 2281//848
f 6194//849 6195//849 6188//849 6187//849
f 4179//850 4180//850 4011//850 4010//850
f 2670//851 2671//851 2668//851 2667//851
f 2288//852 2262//852 2279//852
f 2279//853 2262//853 2275//853
f 2279//854 2275//854 2274//854
f 7261//855 7194//855 7196//855 7260//855
f 6868//12 6867//12 6866//12 6859//12 6860//12 6858//12 6857//12 6865//12
f 2292//3 2290//3 2294//3 2295//3 2296//3 2297//3
f 2298//856 2299//856 2300//856
f 2301//857 2302//857 2300//857
f 8300//206 7816//206 7815//206 7814//206 7813//206 7812//206 7811//206 7810//206 7809//206 7808//206 7807//206 7806//206 7805//206 7842//206 7841//206 7840//206 7839//206 7838//206 7837//206 7836//206 7835//206 7834//206 7833//206 7832//206 7831//206 8301//206 8297//206 8353//206 8147//206 8146//206 8145//206 8144//206 8143//206 8142//206 8141//206 8140//206 8139//206 8138//206 8348//206 8299//206 8344//206 8137//206 8211//206 8203//206 8200//206 8199//206 8196//206 8195//206 8167//206 8166//206 8346//206 7907//206 7906//206 7938//206 7939//206 8176//206 8175//206 7988//206 7987//206 7986//206 7985//206 7984//206 7983//206 7982//206 7981//206 7980//206 7979//206 7978//206 7977//206 7976//206 8005//206 8004//206 8003//206 8002//206 8001//206 8000//206 7999//206 7998//206 7997//206 7996//206 7995//206 7994//206 7993//206 7992//206 7991//206 7990//206 7989//206 8298//206 8349//206 8351//206 8187//206 8350//206 8347//206 8345//206 7678//206 7684//206 8303//206 8296//206 8295//206 8294//206 8288//206 8290//206 8291//206 7721//206 7720//206 8062//206 8060//206 8061//206 8078//206 8302//206
f 5630//858 5632//858 5631//858 5606//858 5627//858 5624//858 5628//858 5629//858
f 2294//859 2307//859 2308//859
f 2960//860 2955//860 2956//860 2963//860 2959//860
f 2306//861 2309//861 2300//861
f 2300//862 2309//862 2311//862
f 2300//863 2311//863 2298//863
f 2302//864 2301//864 2312//864
f 2313//865 2312//865 2314//865
f 2314//866 2312//866 2315//866
f 2306//867 2305//867 2316//867
f 2316//868 2305//868 2304//868
f 2316//869 2304//869 2317//869
f 2302//870 2312//870 2303//870
f 2303//871 2312//871 2313//871
f 5608//872 5610//872 5634//872 5633//872
f 2304//873 2318//873 2317//873
f 5411//874 5399//874 5413//874 5412//874
f 2310//875 2319//875 2308//875
f 2308//876 2319//876 2294//876
f 2294//877 2319//877 2320//877
f 2294//878 2320//878 2295//878
f 2526//879 2519//879 2518//879 2525//879
f 3908//880 3910//880 3918//880
f 1638//881 1641//881 1642//881 1645//881 1646//881 1577//881 1578//881 1630//881 1622//881 1647//881 1648//881 1633//881 1634//881 1637//881
f 2321//882 2314//882 2315//882
f 2073//883 2075//883 2070//883 2002//883
f 2325//884 2319//884 2321//884
f 2325//885 2321//885 2326//885
f 2326//886 2321//886 2327//886
f 2326//887 2327//887 2328//887
f 2293//888 2292//888 2297//888 2330//888 2331//888 2332//888
f 2307//889 2336//889 2309//889
f 2309//890 2336//890 2337//890
f 2309//891 2337//891 2311//891
f 2311//892 2337//892 2298//892
f 4062//893 4034//893 4035//893 4030//893 4063//893
f 2276//894 2312//894 2279//894
f 2279//895 2312//895 2301//895
f 3936//896 3897//896 3960//896 3967//896
f 7192//897 7191//897 7258//897 7259//897
f 2276//898 2315//898 2312//898
f 2984//899 2985//899 2920//899 2922//899
f 2280//900 2281//900 2340//900
f 3796//179 3797//179 3795//179 3793//179 3794//179
f 2339//901 2343//901 2328//901
f 5639//902 5640//902 5649//902 5646//902
f 2326//903 2352//903 2325//903
f 2325//904 2352//904 2353//904
f 2325//905 2353//905 2324//905
f 2324//906 2353//906 2323//906
f 3482//907 4335//907 4336//907 3483//907
f 6217//908 6218//908 6216//908
f 7062//909 7023//909 7035//909 7061//909
f 7945//910 7934//910 7935//910 7944//910
f 2190//911 2192//911 2196//911 2198//911 2222//911 2333//911 2332//911 2331//911 2356//911 2357//911 2179//911 2181//911 2185//911 2187//911
f 2823//19 2801//19 2805//19 2824//19
f 6531//4 6528//4 6527//4 6542//4 6485//4 6501//4 6541//4 6525//4 6523//4 6543//4 6534//4
f 5613//912 5636//912 5635//912 5612//912
f 2186//913 2188//913 2207//913 2206//913
f 6047//33 6052//33 6072//33 6046//33
f 2252//914 2253//914 2239//914 2238//914
f 4105//915 4126//915 4129//915 4106//915
f 554//916 556//916 555//916 553//916
f 2359//917 2362//917 2364//917 2172//917 2170//917 2167//917 2168//917 2169//917 2084//917 2081//917 2079//917
f 6197//849 6196//849 6189//849 6186//849
f 3293//302 3294//302 3284//302 3283//302
f 5371//918 5373//918 5372//918 5370//918
f 7977//919 7972//919 7975//919 7976//919
f 7960//920 7987//920 7988//920 7958//920
f 2584//921 2586//921 2585//921 2583//921
f 8250//292 8251//292 8229//292 8228//292
f 7329//922 7330//922 7302//922 7300//922
f 5399//240 5400//240 5414//240 5413//240
f 7887//923 7861//923 7859//923 7886//923
f 5430//924 5432//924 5441//924 5440//924
f 2390//203 2392//203 2391//203 2389//203
f 6772//12 6787//12 6766//12 6765//12 6768//12 6770//12
f 1298//925 1300//925 1299//925 1297//925
f 5062//926 5063//926 5040//926 5039//926
f 6698//20 6721//20 6718//20 6699//20
f 2905//927 2930//927 2929//927 2906//927
f 2406//231 2408//231 2407//231 2405//231
f 6351//928 6353//928 6352//928 6350//928
f 2398//26 2400//26 2399//26 2397//26
f 4171//4 4172//4 3986//4 3985//4
f 335//929 337//929 336//929 334//929
f 2436//104 2414//104 2413//104 2435//104
f 4070//930 4098//930 4149//930 4150//930
f 5952//32 5955//32 5948//32 5938//32 5939//32 5937//32 5947//32
f 2493//931 2494//931 2495//931
f 2499//4 2496//4 2497//4
f 2501//932 2503//932 2504//932
f 2450//38 2452//38 2451//38 2449//38
f 2505//292 2506//292 2498//292 2497//292 2501//292 2504//292
f 2440//12 2442//12 2441//12 2439//12
f 2507//33 2508//33 2495//33 2496//33 2499//33 2500//33
f 223//933 225//933 224//933 222//933
f 1405//288 1404//288 1414//288 1413//288
f 6257//3 6258//3 6275//3 6276//3 6290//3 6295//3 6261//3 6263//3 6265//3 6260//3
f 2518//134 2519//134 2505//134 2504//134 2503//134 2510//134 2511//134 2512//134 2513//134 2514//134 2515//134 2516//134 2517//134
f 514//934 516//934 515//934 513//934
f 4253//935 4254//935 4252//935 4251//935
f 2522//936 2523//936 2524//936
f 2525//937 2518//937 2517//937
f 2354//938 2322//938 2323//938 2353//938
f 2514//939 2521//939 2515//939
f 2515//940 2530//940 2516//940
f 2996//941 2968//941 2970//941 2987//941
f 3804//942 3806//942 3808//942
f 4630//943 4629//943 4631//943 4632//943
f 3555//944 3557//944 3583//944 3582//944
f 2519//945 2532//945 2533//945
f 388//946 389//946 387//946 386//946
f 2533//947 2534//947 2535//947
f 1887//948 1875//948 1874//948 1880//948 1888//948
f 1490//949 1482//949 1497//949 1495//949 1493//949
f 2137//950 2127//950 2126//950 2136//950
f 1336//951 1338//951 1337//951 1335//951
f 2554//134 2541//134 2542//134 2545//134 2546//134 2553//134
f 589//952 590//952 571//952 570//952
f 624//38 612//38 611//38 623//38
f 2509//4 2508//4 2507//4 2506//4 2555//4 2554//4 2553//4 2552//4 2551//4 2510//4
f 2903//953 2891//953 2878//953 2890//953
f 6356//20 6357//20 6329//20 6331//20
f 2559//954 2560//954 2561//954
f 1469//955 1471//955 1467//955
f 7409//956 7381//956 7380//956 7408//956
f 1835//957 1836//957 1839//957 1840//957 1843//957 1844//957 1872//957 1866//957 1865//957 1908//957 1827//957 1828//957 1831//957 1832//957
f 2565//958 2566//958 2559//958
f 2559//959 2566//959 2562//959
f 2640//960 2643//960 2642//960 2641//960
f 2560//961 2567//961 2561//961
f 5590//962 5536//962 5535//962 5620//962 5619//962
f 2727//963 2713//963 2733//963 2734//963
f 2060//964 2021//964 2031//964 2059//964
f 2572//965 2573//965 2574//965
f 2574//966 2573//966 2537//966
f 2574//967 2537//967 2538//967
f 1911//968 1904//968 1903//968 1906//968 1864//968 1863//968
f 2567//969 2511//969 2569//969
f 2569//970 2511//970 2557//970
f 2570//971 2557//971 2558//971
f 2570//972 2558//972 2573//972
f 1599//973 1804//973 1803//973 1598//973 1589//973
f 2565//974 2563//974 2566//974
f 6444//975 6445//975 6442//975 6443//975 6440//975 6441//975
f 1330//976 1332//976 1331//976 1329//976
f 627//977 634//977 633//977 625//977
f 7225//978 7226//978 7217//978 7190//978
f 8217//979 8188//979 8189//979 8210//979
f 2563//980 2601//980 2564//980
f 5823//981 5824//981 5822//981 5821//981
f 2565//982 2559//982 2600//982
f 6313//983 6312//983 6323//983 6322//983
f 6775//984 6776//984 6778//984 6777//984
f 5999//985 6000//985 5992//985 5991//985
f 2686//986 2680//986 2685//986 2684//986
f 3974//987 3967//987 3960//987 3975//987
f 114//26 113//26 116//26 115//26 106//26 105//26
f 5626//988 5625//988 5644//988 5643//988
f 1421//989 5896//989 5895//989 5894//989 5893//989
f 3051//163 3053//163 3052//163 3050//163
f 7519//990 7518//990 7516//990 7515//990
f 6015//991 6006//991 6011//991
f 5855//992 5341//992 5854//992 5847//992
f 2608//993 2609//993 2480//993 2478//993
f 750//994 752//994 751//994 749//994
f 4071//995 4077//995 4076//995 4072//995
f 2463//996 2464//996 2638//996 2644//996 2648//996 2532//996 2519//996 2526//996 2471//996 2472//996 2467//996 2468//996
f 4080//997 4082//997 4081//997 4079//997
f 7681//998 7683//998 7684//998 7682//998
f 2641//999 2638//999 2639//999 2640//999
f 1590//1000 1591//1000 1587//1000 1589//1000
f 5314//104 5315//104 5296//104 5297//104
f 3229//162 3230//162 3213//162 3212//162
f 2041//1001 2033//1001 2048//1001 2046//1001 2044//1001
f 2146//1002 2166//1002 2134//1002 2092//1002
f 2574//1003 2652//1003 2572//1003
f 5181//1004 5180//1004 5177//1004 5193//1004 5192//1004
f 1652//1005 1624//1005 1625//1005 1620//1005 1653//1005
f 2335//1006 2336//1006 2307//1006 2289//1006
f 2655//361 2656//361 2657//361
f 2658//358 2659//358 2660//358
f 2661//359 2662//359 2663//359
f 2666//379 2667//379 2668//379
f 2659//1007 2665//1007 2669//1007
f 2671//376 2672//376 2668//376
f 1462//1008 1457//1008 1461//1008 1460//1008
f 2783//986 2778//986 2782//986 2781//986
f 2677//1009 2678//1009 2679//1009
f 2656//1010 2676//1010 2680//1010
f 2682//1011 2683//1011 2679//1011
f 5900//1012 5893//1012 5894//1012 5901//1012
f 3946//1013 3928//1013 3927//1013 3945//1013
f 834//33 832//33 830//33 828//33 1107//33 1013//33 1014//33 1099//33 1103//33 1106//33 838//33 836//33
f 2687//1014 2688//1014 2689//1014
f 2690//379 2691//379 2692//379
f 2696//1015 2697//1015 2695//1015
f 2688//1016 2698//1016 2699//1016
f 2701//1017 2693//1017 2695//1017
f 1437//1018 1438//1018 1435//1018 1434//1018
f 2677//1019 2679//1019 2683//1019 2698//1019 2688//1019 2687//1019
f 2365//1020 2366//1020 2364//1020 2363//1020
f 5776//1021 5774//1021 5787//1021 5786//1021
f 2693//1022 2701//1022 2703//1022 2699//1022 2698//1022 2683//1022 2682//1022 2685//1022 2680//1022 2676//1022 2672//1022 2671//1022 2674//1022 2669//1022 2665//1022 2664//1022 2707//1022 2706//1022 2705//1022 2694//1022
f 926//12 928//12 927//12 925//12
f 2100//1023 2101//1023 2097//1023 2096//1023
f 1814//1024 1816//1024 1815//1024 1813//1024
f 7256//1025 7214//1025 7216//1025 7255//1025
f 2691//1026 2694//1026 2705//1026
f 2707//1027 2664//1027 2663//1027
f 4262//1028 4294//1028 4277//1028 4275//1028
f 2684//1029 2685//1029 2682//1029 2681//1029
f 2711//1030 2712//1030 2713//1030
f 2713//1031 2712//1031 2714//1031
f 2952//1032 2950//1032 2949//1032 2951//1032 2948//1032
f 2766//1033 2768//1033 2776//1033
f 2687//1034 2717//1034 2715//1034
f 2715//1035 2717//1035 2718//1035
f 2715//1036 2718//1036 2719//1036
f 5546//1037 5548//1037 5547//1037 5545//1037 5544//1037
f 1878//1038 1990//1038 1989//1038 1879//1038 1880//1038
f 3908//1039 3963//1039 3962//1039 3894//1039
f 2723//1040 2724//1040 2720//1040
f 2720//1041 2724//1041 2725//1041
f 8053//1042 8054//1042 8343//1042 8006//1042 8040//1042 8041//1042 8036//1042 8051//1042 8052//1042
f 2711//1043 2713//1043 2655//1043
f 2655//1044 2713//1044 2727//1044
f 2666//1045 2728//1045 2729//1045
f 2729//1046 2728//1046 2730//1046
f 2729//1047 2730//1047 2731//1047
f 2661//1048 2723//1048 2720//1048
f 4006//1049 4028//1049 4026//1049 4005//1049
f 2972//1050 2973//1050 2974//1050 2935//1050 2934//1050 2939//1050
f 2692//1051 2720//1051 2690//1051
f 7545//1052 7556//1052 7557//1052 7550//1052
f 2697//1053 2689//1053 2704//1053 2702//1053 2700//1053
f 7482//237 7481//237 7480//237 7479//237 7478//237 7640//237 7152//237 7151//237 7150//237 7149//237 7148//237 7147//237 7146//237 7145//237 7144//237 7143//237 7142//237 7141//237 7178//237 7177//237 7176//237 7175//237 7174//237 7173//237 7172//237 7171//237 7170//237 7169//237 7168//237 7167//237 7166//237 7165//237 7164//237 7163//237 7162//237 7161//237 7160//237 7159//237 7158//237 7157//237 7156//237 7155//237 7154//237 7153//237 7641//237 7416//237 7415//237 7414//237 7413//237 7412//237 7411//237 7410//237 7409//237 7408//237 7407//237 7406//237 7405//237 7404//237 7403//237 7402//237 7401//237 7400//237 7055//237 7054//237 7053//237 7052//237 7051//237 7050//237 7049//237 7079//237 7078//237 7077//237 7076//237 7075//237 7074//237 7073//237 7072//237 7071//237 7070//237 7069//237 7068//237 7067//237 7066//237 7065//237 7064//237 7063//237 7062//237 7061//237 7060//237 7059//237 7058//237 7057//237 7056//237 7631//237 7630//237 7642//237 8339//237 7017//237 7014//237 7012//237 8340//237 8342//237 7528//237 7527//237 7524//237 7523//237 7282//237 7281//237 7280//237 7279//237 7278//237 7277//237 7276//237 7274//237 7242//237 7241//237 7240//237 7239//237 7238//237 7237//237 7236//237 7235//237 7234//237 7233//237 7232//237 7231//237 7230//237 7229//237 7228//237 7227//237 7226//237 7225//237 7224//237 7223//237 7222//237 7265//237 7264//237 7263//237 7262//237 7261//237 7260//237 7259//237 7258//237 7257//237 7256//237 7255//237 7254//237 7253//237 7252//237 7251//237 7250//237 7249//237 7248//237 7247//237 7246//237 7245//237 7244//237 7243//237 7639//237 7505//237 7504//237 7503//237 7502//237 7501//237 7510//237 7509//237 7508//237 7507//237 7506//237 7476//237 7475//237 7638//237 7536//237 7534//237 7532//237 7529//237 7558//237 7557//237 7556//237 7555//237 7554//237 7553//237 7471//237 7490//237 7489//237 7488//237 7487//237 7486//237 7485//237 7484//237 7483//237
f 2696//1054 2718//1054 2717//1054
f 2696//1055 2717//1055 2697//1055
f 2697//1056 2717//1056 2687//1056
f 2946//1057 2947//1057 2948//1057 2942//1057 2945//1057
f 4009//1058 4214//1058 4213//1058 4008//1058 3999//1058
f 4107//1059 4113//1059 4105//1059 4106//1059
f 2677//1060 2712//1060 2711//1060
f 2677//1061 2711//1061 2678//1061
f 2678//1062 2711//1062 2655//1062
f 3583//1063 3557//1063 3558//1063 3559//1063 3584//1063
f 2981//1064 2921//1064 2943//1064 2942//1064 2941//1064
f 1660//1065 1740//1065 1743//1065 1663//1065 1661//1065
f 2666//1066 2658//1066 2660//1066 2667//1066
f 2658//1067 2666//1067 2729//1067
f 3868//1068 3864//1068 3801//1068 3865//1068
f 2726//442 2731//442 2732//442
f 2071//1069 2057//1069 2077//1069 2078//1069
f 1171//1070 1179//1070 1410//1070 1409//1070
f 2736//1071 2731//1071 2730//1071
f 2736//1072 2730//1072 2734//1072
f 2734//1073 2730//1073 2728//1073
f 2734//1074 2728//1074 2727//1074
f 2737//1075 2726//1075 2735//1075
f 2735//1076 2726//1076 2732//1076
f 3291//3 3290//3 3619//3 4377//3 4376//3 3585//3 3560//3 3516//3 3518//3 3520//3 3522//3 3532//3 3531//3 3386//3 3385//3 3384//3 3383//3 3382//3 3381//3 3380//3 3379//3 4359//3 4358//3 3630//3 3629//3 3628//3 3627//3 3289//3 3288//3 3300//3 3299//3 3298//3 3297//3 3296//3 3295//3 3294//3 3293//3 3292//3
f 2740//1077 2725//1077 2724//1077
f 2068//1078 2067//1078 2081//1078 2084//1078
f 2737//1079 2723//1079 2726//1079
f 2062//1080 2082//1080 2087//1080 2063//1080
f 2738//1081 2718//1081 2722//1081
f 2056//1082 2085//1082 2088//1082 2058//1082
f 2741//1083 2712//1083 2716//1083
f 2745//379 2746//379 2747//379
f 2748//383 2749//383 2750//383
f 2751//378 2752//378 2753//378
f 2749//1084 2748//1084 2751//1084 2753//1084 2754//1084 2755//1084
f 2756//379 2757//379 2758//379
f 2749//1085 2755//1085 2759//1085
f 2761//388 2762//388 2758//388
f 4203//1086 4204//1086 3982//1086 3981//1086
f 2766//1015 2767//1015 2768//1015
f 2769//377 2770//377 2771//377
f 4270//1087 4272//1087 4289//1087 4287//1087
f 2775//1088 2776//1088 2774//1088
f 2767//1089 2777//1089 2778//1089
f 1516//1090 1498//1090 1513//1090 1515//1090
f 2780//1011 2772//1011 2774//1011
f 7898//1091 7899//1091 7872//1091 7874//1091
f 1450//1092 1451//1092 1449//1092 1448//1092
f 746//324 748//324 747//324 745//324
f 6504//12 6502//12 6503//12 6505//12 6486//12 6487//12
f 1314//3 1312//3 1311//3 1313//3
f 2746//1093 2787//1093 2789//1093
f 2785//1094 2754//1094 2753//1094
f 2796//1095 2788//1095 2787//1095 2746//1095 2745//1095 2795//1095
f 2795//1015 2797//1015 2796//1015
f 2770//1096 2773//1096 2784//1096
f 2790//1097 2788//1097 2796//1097
f 734//1098 736//1098 735//1098 733//1098
f 1600//1099 1602//1099 1768//1099 1769//1099
f 1465//1100 1464//1100 1506//1100 1512//1100
f 2801//1101 2802//1101 2748//1101
f 8353//1102 8148//1102 8124//1102 8123//1102 8147//1102
f 2748//1103 2803//1103 2801//1103
f 2801//1104 2803//1104 2804//1104
f 2801//1105 2804//1105 2805//1105
f 4115//1106 4116//1106 4099//1106 4102//1106
f 2766//1107 2808//1107 2806//1107
f 2806//1108 2808//1108 2809//1108
f 2806//1109 2809//1109 2810//1109
f 4348//1110 4349//1110 4345//1110 4344//1110
f 2813//1111 2814//1111 2815//1111
f 2814//1112 2813//1112 2816//1112
f 2816//1113 2813//1113 2795//1113
f 5562//1114 5603//1114 5820//1114 5825//1114 5561//1114 5563//1114
f 2819//1115 2817//1115 2820//1115
f 2820//1116 2818//1116 2821//1116
f 2821//1117 2818//1117 2822//1117
f 2800//1118 2799//1118 2798//1118 2797//1118 2771//1118
f 2153//1119 2174//1119 2178//1119 2154//1119
f 2136//1120 2135//1120 2134//1120 2162//1120 2091//1120 2138//1120 2137//1120
f 2813//1121 2769//1121 2795//1121
f 2771//1122 2797//1122 2795//1122 2769//1122
f 2812//1123 2809//1123 2775//1123
f 2775//1124 2809//1124 2808//1124
f 2775//1125 2808//1125 2776//1125
f 2776//1126 2808//1126 2766//1126
f 3824//1127 3821//1127 3858//1127 3857//1127 3877//1127
f 1596//1128 1618//1128 1616//1128 1595//1128
f 5652//1129 5650//1129 5649//1129 5640//1129
f 2756//1130 2804//1130 2803//1130
f 2756//1131 2803//1131 2757//1131
f 2757//1132 2803//1132 2748//1132
f 5786//1133 5787//1133 5790//1133 5791//1133
f 2751//1134 2822//1134 2818//1134
f 1486//1135 1483//1135 1520//1135 1519//1135 1537//1135
f 7544//1136 7543//1136 7542//1136 7541//1136
f 7785//206 7776//206 7778//206 7798//206 7770//206 7771//206 7773//206 7801//206 7802//206 7803//206 7804//206 7794//206 7795//206 7774//206 7761//206 7764//206 7759//206 7757//206 7755//206 7746//206 7772//206 7796//206 7797//206 7799//206 7800//206 7779//206 7777//206 7775//206 7787//206 7786//206 7784//206 7782//206 7767//206 7768//206 7769//206 7780//206 7781//206 7783//206
f 2747//1137 2818//1137 2745//1137
f 8062//1138 8043//1138 8042//1138 8061//1138 8060//1138
f 4331//1139 4338//1139 4334//1139 4329//1139 4330//1139
f 2828//1140 2820//1140 2821//1140
f 2828//1141 2821//1141 2826//1141
f 2826//1142 2821//1142 2822//1142
f 2826//1143 2822//1143 2802//1143
f 2829//1144 2817//1144 2827//1144
f 2827//1145 2817//1145 2819//1145
f 4191//1146 4192//1146 4023//1146 4022//1146
f 2832//1147 2815//1147 2814//1147
f 2829//1148 2816//1148 2817//1148
f 2804//1149 2807//1149 2825//1149
f 8192//1150 8190//1150 8191//1150 8193//1150
f 3877//1151 3883//1151 3886//1151 3878//1151
f 2830//1152 2809//1152 2812//1152
f 2765//1153 2759//1153 2764//1153 2763//1153
f 3519//1154 3521//1154 3522//1154 3520//1154 3518//1154
f 2841//1155 2843//1155 2844//1155
f 2844//1156 2843//1156 2845//1156
f 1694//1157 1693//1157 1664//1157 1653//1157
f 2820//1158 2817//1158 2745//1158 2818//1158
f 2333//1159 2334//1159 2291//1159 2293//1159 2332//1159
f 2850//1160 2849//1160 2852//1160
f 2843//1161 2854//1161 2852//1161
f 2843//1162 2852//1162 2845//1162
f 482//1163 484//1163 483//1163 481//1163
f 895//1164 896//1164 883//1164 882//1164
f 3996//1165 4216//1165 4215//1165 3998//1165
f 2893//1166 2894//1166 2881//1166 2880//1166
f 5880//1167 5887//1167 1442//1167 1441//1167
f 2850//1168 2852//1168 2862//1168 2861//1168
f 2607//3 2608//3 2478//3 2477//3
f 6048//134 6042//134 6035//134 6040//134
f 2866//1169 2879//1169 2880//1169
f 2866//1170 2880//1170 2867//1170
f 2867//1171 2880//1171 2881//1171
f 3371//295 3372//295 3357//295 3358//295
f 1244//1172 1231//1172 1233//1172 1243//1172
f 6644//4 6642//4 6665//4 6649//4
f 1527//1173 1529//1173 1522//1173 1463//1173
f 2892//1174 2893//1174 2880//1174 2879//1174
f 6988//26 6990//26 7008//26 7006//26 6898//26 6961//26 6955//26 6954//26 6968//26 6970//26 6972//26 6974//26 6976//26 6978//26 6980//26 6982//26 6984//26 6986//26
f 4145//1175 4146//1175 4097//1175 4094//1175
f 5652//1176 5656//1176 5529//1176 5530//1176
f 2891//3 2903//3 2914//3 2915//3 2916//3 2917//3 2904//3 2905//3 2906//3 2907//3 2908//3 2909//3 2910//3 2911//3 2912//3 2913//3 2901//3 2900//3 2899//3 2898//3 2897//3 2896//3 2895//3 2894//3 2893//3 2892//3
f 3107//4 3109//4 3108//4 3106//4
f 2881//163 2882//163 2868//163 2867//163
f 1326//1177 1328//1177 1327//1177 1325//1177
f 1630//4 1578//4 1763//4 1764//4
f 2921//1178 2916//1178 2918//1178
f 2918//1179 2916//1179 2915//1179
f 2920//1180 2913//1180 2922//1180
f 2922//1181 2913//1181 2912//1181
f 2922//1182 2912//1182 2923//1182
f 2615//3 2616//3 2486//3 2485//3
f 2394//163 2396//163 2395//163 2393//163
f 135//1183 160//1183 159//1183 158//1183
f 7051//1184 7034//1184 7036//1184 7050//1184
f 2930//1185 2905//1185 2904//1185
f 2930//1186 2904//1186 2921//1186
f 2921//1187 2904//1187 2917//1187
f 2921//1188 2917//1188 2916//1188
f 1779//930 1780//930 1614//930 1611//930
f 2940//1189 2941//1189 2942//1189
f 2943//1190 2944//1190 2942//1190
f 2942//1191 2944//1191 2945//1191
f 5436//1192 5437//1192 5424//1192 5425//1192 5426//1192
f 2936//1193 2949//1193 2950//1193
f 2748//1194 2750//1194 2757//1194
f 1441//1195 1440//1195 1429//1195
f 2948//1196 2951//1196 2942//1196
f 2942//1197 2951//1197 2953//1197
f 2942//1198 2953//1198 2940//1198
f 2944//1199 2943//1199 2954//1199
f 2955//1200 2954//1200 2956//1200
f 2956//1201 2954//1201 2957//1201
f 8480//1202 8476//1202 8478//1202 8515//1202 8512//1202 8509//1202 8507//1202 8504//1202 8506//1202 8516//1202 8487//1202 8485//1202 8483//1202
f 2958//1203 2947//1203 2946//1203
f 2958//1204 2946//1204 2959//1204
f 2944//1205 2954//1205 2945//1205
f 2945//1206 2954//1206 2955//1206
f 2946//1207 2960//1207 2959//1207
f 2952//1208 2958//1208 2961//1208
f 2952//1209 2961//1209 2950//1209
f 2950//1210 2961//1210 2936//1210
f 2936//1211 2961//1211 2962//1211
f 2936//1212 2962//1212 2937//1212
f 7529//1213 7530//1213 7551//1213 7558//1213
f 2963//1214 2956//1214 2957//1214
f 5871//1215 1425//1215 5888//1215 5885//1215
f 2967//1216 2961//1216 2963//1216
f 2967//1217 2963//1217 2968//1217
f 2968//1218 2963//1218 2969//1218
f 2968//1219 2969//1219 2970//1219
f 3492//1220 3493//1220 4324//1220 4323//1220
f 2295//1221 2320//1221 2324//1221 2323//1221
f 7809//1222 7779//1222 7800//1222 7808//1222
f 2949//1223 2979//1223 2951//1223
f 2951//1224 2979//1224 2980//1224
f 2951//1225 2980//1225 2953//1225
f 2953//1226 2980//1226 2940//1226
f 1994//1227 1912//1227 1914//1227 1915//1227 1997//1227
f 4032//1228 4031//1228 4060//1228 4059//1228
f 2918//1229 2954//1229 2921//1229
f 2921//1230 2954//1230 2943//1230
f 3485//1231 3550//1231 4329//1231 4334//1231 3484//1231 3486//1231
f 2918//1232 2957//1232 2954//1232
f 3897//1233 3899//1233 3895//1233
f 1592//1234 1593//1234 1583//1234 1585//1234
f 1402//42 1230//42 1228//42 1416//42
f 2929//1235 2989//1235 2990//1235
f 5532//1236 5826//1236 5827//1236 5533//1236
f 2922//1237 2923//1237 2984//1237
f 48//20 47//20 54//20 52//20 46//20 45//20 40//20 39//20 50//20 49//20
f 2983//1238 2987//1238 2970//1238
f 2968//1239 2996//1239 2967//1239
f 2967//1240 2996//1240 2997//1240
f 2967//1241 2997//1241 2966//1241
f 2966//1242 2997//1242 2965//1242
f 2722//1243 2718//1243 2696//1243 2690//1243 2721//1243
f 1953//3 1954//3 1835//3 1832//3
f 6700//1244 6720//1244 6721//1244 6698//1244
f 1332//1245 1334//1245 1333//1245 1331//1245
f 2738//333 2722//333 2721//333 2739//333
f 4572//1246 4574//1246 4573//1246 4571//1246
f 7376//1247 7379//1247 7378//1247 7377//1247
f 6085//1248 6084//1248 6092//1248 6098//1248
f 6789//1249 6821//1249 6818//1249 6824//1249
f 2864//1250 2860//1250 2861//1250 2862//1250 2863//1250 2859//1250 2855//1250 2856//1250 2857//1250 2858//1250 3003//1250 3022//1250 3010//1250 3008//1250 3006//1250 3005//1250 3012//1250 3018//1250 3016//1250 3015//1250 3020//1250
f 6172//1251 6174//1251 6168//1251 6170//1251
f 810//119 715//119 716//119 799//119 806//119 809//119 534//119 532//119 530//119 528//119 526//119 524//119 522//119 585//119 596//119 595//119 594//119 593//119
f 934//59 936//59 935//59 933//59
f 118//20 117//20 52//20 97//20
f 8129//1252 8143//1252 8144//1252 8130//1252
f 912//34 914//34 913//34 911//34
f 4388//32 4406//32 4401//32 4405//32 4386//32
f 6297//12 6298//12 6284//12 6286//12 6304//12
f 594//175 595//175 582//175 581//175
f 7999//1253 7948//1253 7974//1253 7998//1253
f 4199//1254 4202//1254 3983//1254 3994//1254
f 8014//1255 8015//1255 8013//1255 8012//1255
f 6273//928 6274//928 6275//928 6258//928 6238//928 6240//928
f 3113//1256 4368//1256 4433//1256 3112//1256
f 802//1257 801//1257 812//1257 811//1257
f 1608//1258 1610//1258 1776//1258 1777//1258
f 7690//1259 7740//1259 7741//1259 7688//1259
f 2001//654 2000//654 2024//654 2030//654
f 1730//1260 1731//1260 1680//1260 1678//1260
f 6513//1261 6517//1261 6519//1261 6514//1261
f 742//1262 744//1262 743//1262 741//1262
f 4236//1263 4228//1263 4227//1263 4235//1263
f 8181//1264 8183//1264 8182//1264 8180//1264
f 107//1265 110//1265 114//1265 105//1265
f 3049//12 3051//12 3050//12 3048//12
f 1411//1266 1408//1266 1170//1266 1169//1266
f 3097//12 3099//12 3098//12 3096//12
f 3059//580 3061//580 3060//580 3058//580
f 968//1267 970//1267 969//1267 967//1267
f 5881//1268 5863//1268 5868//1268 5880//1268
f 3182//3 3181//3 3180//3 3179//3 3178//3 3177//3 3166//3 3167//3 3168//3 3169//3 3170//3 3171//3
f 3041//1269 3043//1269 3042//1269 3040//1269
f 4293//1270 4284//1270 4285//1270 4292//1270
f 2896//1271 2897//1271 2884//1271 2883//1271
f 3108//1272 3110//1272 3111//1272
f 3108//1273 3111//1273 3106//1273
f 3112//1274 3109//1274 3113//1274
f 3113//1275 3109//1275 3107//1275
f 3111//1276 3114//1276 3106//1276
f 3106//1277 3114//1277 3115//1277
f 3106//1278 3115//1278 3107//1278
f 3107//1279 3115//1279 3116//1279
f 3107//1280 3116//1280 3113//1280
f 3191//12 3192//12 3181//12 3182//12
f 1072//1281 1074//1281 1073//1281 1071//1281
f 2396//295 2398//295 2397//295 2395//295
f 1088//1282 1090//1282 1089//1282 1087//1282
f 3077//295 3079//295 3078//295 3076//295
f 3126//1283 3125//1283 3136//1283
f 3136//1284 3137//1284 3126//1284
f 3126//1285 3137//1285 3138//1285
f 3126//1286 3138//1286 3127//1286
f 3127//1287 3138//1287 3139//1287
f 3105//202 3083//202 3082//202 3104//202
f 3124//1288 3141//1288 3142//1288
f 3124//1289 3142//1289 3134//1289
f 3142//1290 3143//1290 3134//1290
f 3134//1291 3143//1291 3144//1291
f 3134//1292 3144//1292 3135//1292
f 3144//1293 3145//1293 3135//1293
f 3135//1294 3145//1294 3146//1294
f 3135//1295 3146//1295 3131//1295
f 3147//1296 3132//1296 3148//1296
f 3148//1297 3132//1297 3131//1297
f 3148//1298 3131//1298 3149//1298
f 3149//1299 3131//1299 3146//1299
f 3147//1300 3150//1300 3132//1300
f 3132//1301 3150//1301 3151//1301
f 3132//1302 3151//1302 3133//1302
f 3151//1303 3152//1303 3133//1303
f 3133//1304 3152//1304 3153//1304
f 3133//1305 3153//1305 3128//1305
f 3153//1306 3154//1306 3128//1306
f 3128//1307 3154//1307 3155//1307
f 3128//1308 3155//1308 3129//1308
f 3155//1309 3156//1309 3129//1309
f 3129//1310 3156//1310 3157//1310
f 3129//1311 3157//1311 3130//1311
f 3157//1312 3158//1312 3130//1312
f 3130//1313 3158//1313 3159//1313
f 3130//1314 3159//1314 3125//1314
f 3125//1315 3159//1315 3160//1315
f 3125//1316 3160//1316 3136//1316
f 3161//1317 3152//1317 3162//1317
f 3162//1318 3152//1318 3151//1318
f 3418//1319 3417//1319 3414//1319 3430//1319 3429//1319
f 3163//1320 3147//1320 3164//1320
f 3147//1321 3148//1321 3164//1321
f 3164//1322 3148//1322 3149//1322
f 3164//1323 3149//1323 3165//1323
f 3149//1324 3146//1324 3165//1324
f 3165//1325 3146//1325 3145//1325
f 3165//1326 3145//1326 3166//1326
f 3145//1327 3144//1327 3166//1327
f 3166//1328 3144//1328 3143//1328
f 3166//1329 3143//1329 3167//1329
f 3143//1330 3142//1330 3167//1330
f 3167//1331 3142//1331 3141//1331
f 3167//1332 3141//1332 3168//1332
f 3141//1333 3140//1333 3168//1333
f 3168//1334 3140//1334 3139//1334
f 3168//1335 3139//1335 3169//1335
f 3139//1336 3138//1336 3169//1336
f 3169//1337 3138//1337 3137//1337
f 3169//1338 3137//1338 3170//1338
f 3137//1339 3136//1339 3170//1339
f 3170//1340 3136//1340 3160//1340
f 3170//1341 3160//1341 3171//1341
f 3160//1342 3159//1342 3171//1342
f 3171//1343 3159//1343 3158//1343
f 3171//1344 3158//1344 3172//1344
f 3158//1345 3157//1345 3172//1345
f 3172//1346 3157//1346 3156//1346
f 3172//1347 3156//1347 3173//1347
f 3156//1348 3155//1348 3173//1348
f 3173//1349 3155//1349 3154//1349
f 3173//1350 3154//1350 3161//1350
f 3161//1351 3154//1351 3153//1351
f 3161//1352 3153//1352 3152//1352
f 724//1353 726//1353 725//1353 723//1353
f 4019//1354 4021//1354 4020//1354 4018//1354
f 3185//1355 3187//1355 3188//1355
f 3185//1356 3188//1356 3184//1356
f 3184//1357 3188//1357 3189//1357
f 3373//168 3374//168 3355//168 3356//168
f 6368//1358 6370//1358 6369//1358 6367//1358
f 1594//1359 1788//1359 1791//1359 1593//1359
f 3193//295 3194//295 3179//295 3180//295
f 3317//1360 3318//1360 3301//1360 3305//1360
f 3714//318 3716//318 3715//318 3713//318
f 8100//1361 8099//1361 8108//1361 8107//1361
f 2901//1362 2902//1362 2889//1362 2888//1362
f 3298//140 3299//140 3276//140 3275//140
f 1407//74 1406//74 1399//74 1400//74
f 3207//1363 3208//1363 3198//1363 3197//1363
f 3215//1283 3214//1283 3225//1283
f 3225//1284 3226//1284 3215//1284
f 3215//1285 3226//1285 3227//1285
f 3215//1364 3227//1364 3216//1364
f 3216//1365 3227//1365 3228//1365
f 3213//1366 3230//1366 3231//1366
f 3213//1289 3231//1289 3223//1289
f 3231//1367 3232//1367 3223//1367
f 3223//1368 3232//1368 3233//1368
f 3223//1369 3233//1369 3224//1369
f 3233//1293 3234//1293 3224//1293
f 3224//1294 3234//1294 3235//1294
f 3224//1370 3235//1370 3220//1370
f 3236//1371 3221//1371 3237//1371
f 3237//1372 3221//1372 3220//1372
f 3237//1373 3220//1373 3238//1373
f 3238//1299 3220//1299 3235//1299
f 3236//1374 3239//1374 3221//1374
f 3221//1301 3239//1301 3240//1301
f 3221//1302 3240//1302 3222//1302
f 3240//1375 3241//1375 3222//1375
f 3222//1304 3241//1304 3242//1304
f 3222//1376 3242//1376 3217//1376
f 3242//1306 3243//1306 3217//1306
f 3217//1377 3243//1377 3244//1377
f 3217//1378 3244//1378 3218//1378
f 3244//1379 3245//1379 3218//1379
f 3218//1380 3245//1380 3246//1380
f 3218//1311 3246//1311 3219//1311
f 3246//1381 3247//1381 3219//1381
f 3219//1382 3247//1382 3248//1382
f 3219//1383 3248//1383 3214//1383
f 3214//1315 3248//1315 3249//1315
f 3214//1384 3249//1384 3225//1384
f 3250//1385 3241//1385 3251//1385
f 3251//1386 3241//1386 3240//1386
f 776//1387 778//1387 777//1387 775//1387
f 1881//1388 1969//1388 1968//1388 1882//1388
f 3252//1389 3236//1389 3253//1389
f 3236//1390 3237//1390 3253//1390
f 3253//1391 3237//1391 3238//1391
f 3253//1392 3238//1392 3254//1392
f 3238//1393 3235//1393 3254//1393
f 3254//1394 3235//1394 3234//1394
f 3254//1395 3234//1395 3255//1395
f 3234//1396 3233//1396 3255//1396
f 3255//1328 3233//1328 3232//1328
f 3255//1329 3232//1329 3256//1329
f 3232//1397 3231//1397 3256//1397
f 3256//1398 3231//1398 3230//1398
f 3256//1399 3230//1399 3257//1399
f 3230//1400 3229//1400 3257//1400
f 3257//1401 3229//1401 3228//1401
f 3257//1402 3228//1402 3258//1402
f 3228//1403 3227//1403 3258//1403
f 3258//1337 3227//1337 3226//1337
f 3258//1338 3226//1338 3259//1338
f 3226//1404 3225//1404 3259//1404
f 3259//1405 3225//1405 3249//1405
f 3259//1406 3249//1406 3260//1406
f 3249//1407 3248//1407 3260//1407
f 3260//1343 3248//1343 3247//1343
f 3260//1344 3247//1344 3261//1344
f 3247//1345 3246//1345 3261//1345
f 3261//1408 3246//1408 3245//1408
f 3261//1409 3245//1409 3262//1409
f 3245//1410 3244//1410 3262//1410
f 3262//1411 3244//1411 3243//1411
f 3262//1350 3243//1350 3250//1350
f 3250//1351 3243//1351 3242//1351
f 3250//1412 3242//1412 3241//1412
f 6502//1413 6504//1413 6483//1413 6484//1413
f 126//12 128//12 52//12 127//12 125//12
f 1401//26 1405//26 1413//26 1412//26
f 3063//231 3065//231 3064//231 3062//231
f 2663//29 2662//29 2710//29 2707//29
f 3525//3 3206//3 3205//3 3204//3 3203//3 3527//3
f 3274//1414 3276//1414 3277//1414
f 3274//1356 3277//1356 3273//1356
f 3273//1415 3277//1415 3278//1415
f 5694//4 4964//4 4965//4 4966//4 4967//4 4968//4 4969//4 4970//4 4971//4 5733//4 5732//4 5823//4 5821//4 5810//4 5811//4 5812//4 5813//4 5814//4 5815//4 2411//4 2389//4 2391//4 2393//4 2395//4 2397//4 5696//4
f 3263//1416 3275//1416 3276//1416 3274//1416
f 1238//91 1240//91 1239//91 1237//91
f 4193//850 4194//850 3991//850 4025//850
f 7422//1417 7423//1417 7424//1417 7421//1417
f 84//1418 86//1418 85//1418 83//1418
f 4664//1419 4665//1419 4660//1419 4662//1419
f 5325//1420 5326//1420 5316//1420 5315//1420
f 1386//1268 1388//1268 1387//1268 1385//1268
f 6701//12 6702//12 6700//12 6698//12 6699//12
f 3541//1421 3542//1421 3521//1421 3519//1421
f 3304//1422 3303//1422 3314//1422
f 3314//1423 3315//1423 3304//1423
f 3304//1424 3315//1424 3316//1424
f 3304//1425 3316//1425 3305//1425
f 3305//1426 3316//1426 3317//1426
f 3343//3 3344//3 3355//3 3354//3 3353//3 3352//3 3340//3 3341//3 3342//3
f 3302//1427 3319//1427 3320//1427
f 3302//1428 3320//1428 3312//1428
f 3320//1367 3321//1367 3312//1367
f 3312//1368 3321//1368 3322//1368
f 3312//1369 3322//1369 3313//1369
f 3322//1429 3323//1429 3313//1429
f 3313//1430 3323//1430 3324//1430
f 3313//1431 3324//1431 3309//1431
f 3325//1371 3310//1371 3326//1371
f 3326//1432 3310//1432 3309//1432
f 3326//1433 3309//1433 3327//1433
f 3327//1299 3309//1299 3324//1299
f 3325//1434 3328//1434 3310//1434
f 3310//1435 3328//1435 3329//1435
f 3310//1436 3329//1436 3311//1436
f 3329//1437 3330//1437 3311//1437
f 3311//1438 3330//1438 3331//1438
f 3311//1439 3331//1439 3306//1439
f 3331//1306 3332//1306 3306//1306
f 3306//1377 3332//1377 3333//1377
f 3306//1440 3333//1440 3307//1440
f 3333//1379 3334//1379 3307//1379
f 3307//1380 3334//1380 3335//1380
f 3307//1441 3335//1441 3308//1441
f 3335//1442 3336//1442 3308//1442
f 3308//1443 3336//1443 3337//1443
f 3308//1444 3337//1444 3303//1444
f 3303//1445 3337//1445 3338//1445
f 3303//1446 3338//1446 3314//1446
f 3339//1447 3330//1447 3340//1447
f 3340//1448 3330//1448 3329//1448
f 1997//1449 1915//1449 1916//1449 1996//1449
f 3341//1450 3325//1450 3342//1450
f 3325//1451 3326//1451 3342//1451
f 3342//1452 3326//1452 3327//1452
f 3342//1453 3327//1453 3343//1453
f 3327//1454 3324//1454 3343//1454
f 3343//1455 3324//1455 3323//1455
f 3343//1456 3323//1456 3344//1456
f 3323//1457 3322//1457 3344//1457
f 3344//1458 3322//1458 3321//1458
f 3344//1459 3321//1459 3345//1459
f 3321//1460 3320//1460 3345//1460
f 3345//1461 3320//1461 3319//1461
f 3345//1399 3319//1399 3346//1399
f 3319//1462 3318//1462 3346//1462
f 3346//1463 3318//1463 3317//1463
f 3346//1464 3317//1464 3347//1464
f 3317//1336 3316//1336 3347//1336
f 3347//1465 3316//1465 3315//1465
f 3347//1466 3315//1466 3348//1466
f 3315//1467 3314//1467 3348//1467
f 3348//1468 3314//1468 3338//1468
f 3348//1469 3338//1469 3349//1469
f 3338//1470 3337//1470 3349//1470
f 3349//1471 3337//1471 3336//1471
f 3349//1472 3336//1472 3350//1472
f 3336//1473 3335//1473 3350//1473
f 3350//1474 3335//1474 3334//1474
f 3350//1475 3334//1475 3351//1475
f 3334//1476 3333//1476 3351//1476
f 3351//1477 3333//1477 3332//1477
f 3351//1478 3332//1478 3339//1478
f 3339//1479 3332//1479 3331//1479
f 3339//1480 3331//1480 3330//1480
f 1126//170 1128//170 1127//170 1125//170
f 2649//33 2538//33 2528//33 2645//33
f 3695//1481 3697//1481 3723//1481 3722//1481
f 3363//1482 3365//1482 3366//1482
f 3363//1356 3366//1356 3362//1356
f 3362//1483 3366//1483 3367//1483
f 3383//1484 3384//1484 3374//1484 3373//1484
f 1360//119 1358//119 1356//119 1354//119 1324//119 1322//119 1396//119 1395//119 1362//119
f 1158//1485 1160//1485 1159//1485 1157//1485
f 3386//1486 3387//1486 3364//1486 3376//1486
f 3389//1487 3377//1487 3367//1487 3366//1487
f 5824//1488 5834//1488 5829//1488 5822//1488
f 8332//91 8325//91 8326//91 8329//91 8330//91 8331//91
f 3071//203 3073//203 3072//203 3070//203
f 5151//1489 5152//1489 5129//1489 5128//1489
f 6231//3 6234//3 6225//3 6223//3
f 3393//1490 3392//1490 3403//1490
f 3403//1423 3404//1423 3393//1423
f 3393//1491 3404//1491 3405//1491
f 3393//1492 3405//1492 3394//1492
f 3394//1493 3405//1493 3406//1493
f 7890//1494 7881//1494 7854//1494 7889//1494
f 3391//1495 3408//1495 3409//1495
f 3391//1496 3409//1496 3401//1496
f 3409//1367 3410//1367 3401//1367
f 3401//1497 3410//1497 3411//1497
f 3401//1498 3411//1498 3402//1498
f 3411//1429 3412//1429 3402//1429
f 3402//1430 3412//1430 3413//1430
f 3402//1431 3413//1431 3398//1431
f 3414//1371 3399//1371 3415//1371
f 3415//1372 3399//1372 3398//1372
f 3415//1499 3398//1499 3416//1499
f 3416//1500 3398//1500 3413//1500
f 3414//1501 3417//1501 3399//1501
f 3399//1502 3417//1502 3418//1502
f 3399//1503 3418//1503 3400//1503
f 3418//1504 3419//1504 3400//1504
f 3400//1505 3419//1505 3420//1505
f 3400//1439 3420//1439 3395//1439
f 3420//1306 3421//1306 3395//1306
f 3395//1377 3421//1377 3422//1377
f 3395//1506 3422//1506 3396//1506
f 3422//1379 3423//1379 3396//1379
f 3396//1507 3423//1507 3424//1507
f 3396//1508 3424//1508 3397//1508
f 3424//1381 3425//1381 3397//1381
f 3397//1509 3425//1509 3426//1509
f 3397//1510 3426//1510 3392//1510
f 3392//1445 3426//1445 3427//1445
f 3392//1511 3427//1511 3403//1511
f 3428//1512 3419//1512 3429//1512
f 3429//1448 3419//1448 3418//1448
f 5092//1513 5091//1513 5088//1513 5104//1513 5103//1513
f 3430//1514 3414//1514 3431//1514
f 3414//1515 3415//1515 3431//1515
f 3431//1516 3415//1516 3416//1516
f 3431//1453 3416//1453 3432//1453
f 3416//1393 3413//1393 3432//1393
f 3432//1517 3413//1517 3412//1517
f 3432//1456 3412//1456 3433//1456
f 3412//1518 3411//1518 3433//1518
f 3433//1519 3411//1519 3410//1519
f 3433//1520 3410//1520 3434//1520
f 3410//1521 3409//1521 3434//1521
f 3434//1522 3409//1522 3408//1522
f 3434//1399 3408//1399 3435//1399
f 3408//1523 3407//1523 3435//1523
f 3435//1334 3407//1334 3406//1334
f 3435//1524 3406//1524 3436//1524
f 3406//1525 3405//1525 3436//1525
f 3436//1526 3405//1526 3404//1526
f 3436//1338 3404//1338 3437//1338
f 3404//1527 3403//1527 3437//1527
f 3437//1528 3403//1528 3427//1528
f 3437//1341 3427//1341 3438//1341
f 3427//1529 3426//1529 3438//1529
f 3438//1530 3426//1530 3425//1530
f 3438//1531 3425//1531 3439//1531
f 3425//1532 3424//1532 3439//1532
f 3439//1533 3424//1533 3423//1533
f 3439//1534 3423//1534 3440//1534
f 3423//1535 3422//1535 3440//1535
f 3440//1477 3422//1477 3421//1477
f 3440//1536 3421//1536 3428//1536
f 3428//1537 3421//1537 3420//1537
f 3428//1538 3420//1538 3419//1538
f 7630//209 7631//209 7629//209 7595//209 7596//209 7610//209 7605//209 7607//209 7614//209 7617//209 7601//209 7603//209 7622//209 7625//209 7600//209 7598//209 7628//209
f 4196//1539 4197//1539 3992//1539 3990//1539
f 3452//1482 3454//1482 3455//1482
f 3452//1356 3455//1356 3451//1356
f 3451//1483 3455//1483 3456//1483
f 5924//33 5942//33 5941//33 5920//33
f 8141//1540 8118//1540 8117//1540 8140//1540
f 7431//237 7434//237 7436//237 7429//237 7421//237 7424//237 7426//237 7428//237 7418//237 7457//237 7467//237 7468//237 7469//237 7470//237 7461//237 7462//237 7463//237 7464//237 7465//237 7437//237
f 4213//134 4217//134 4104//134 4063//134 4030//134 4008//134
f 1396//59 1322//59 1320//59 1342//59 1340//59 1338//59 1336//59 1334//59 1332//59 1330//59 1328//59 1326//59 1324//59 1354//59 1352//59 1350//59 1348//59 1346//59 1368//59 1390//59 1388//59 1386//59 1384//59 1382//59 1380//59 1378//59 1376//59 1374//59 1372//59 1370//59 1362//59 1395//59 1391//59 1393//59
f 2910//1541 2925//1541 2924//1541 2911//1541
f 3482//1542 3483//1542 3484//1542
f 3485//1543 3486//1543 3487//1543
f 3487//1544 3486//1544 3488//1544
f 3487//1545 3488//1545 3489//1545
f 3489//1546 3488//1546 3490//1546
f 3490//1547 3488//1547 3491//1547
f 3490//1548 3491//1548 3492//1548
f 3492//1549 3491//1549 3493//1549
f 3493//1550 3491//1550 3494//1550
f 3493//1551 3494//1551 3495//1551
f 3495//1552 3494//1552 3496//1552
f 3496//1553 3494//1553 3497//1553
f 3496//1554 3497//1554 3498//1554
f 3498//1555 3497//1555 3499//1555
f 3499//1556 3497//1556 3500//1556
f 3499//1557 3500//1557 3501//1557
f 3501//1558 3500//1558 3502//1558
f 3502//1559 3500//1559 3503//1559
f 3502//1560 3503//1560 3504//1560
f 3504//1561 3503//1561 3505//1561
f 3505//1562 3503//1562 3506//1562
f 3505//1563 3506//1563 3507//1563
f 3507//1564 3506//1564 3508//1564
f 3508//1565 3506//1565 3509//1565
f 3508//1566 3509//1566 3510//1566
f 3510//1567 3509//1567 3511//1567
f 3511//1568 3509//1568 3512//1568
f 3511//1569 3512//1569 3513//1569
f 3513//1570 3512//1570 3514//1570
f 3514//1571 3512//1571 3481//1571
f 3514//1572 3481//1572 3515//1572
f 1382//1573 1384//1573 1383//1573 1381//1573
f 4401//33 4408//33 4418//33 4417//33 4416//33
f 5810//1574 5821//1574 5820//1574 5603//1574
f 3522//1575 3521//1575 3523//1575
f 4592//91 4612//91 4611//91 4591//91
f 6269//26 6270//26 6242//26 6244//26
f 3525//1576 3527//1576 3526//1576 3524//1576 3539//1576
f 6525//21 6526//21 6524//21 6522//21 6523//21
f 3372//26 3373//26 3356//26 3357//26
f 3537//1577 3538//1577 3524//1577
f 2708//1578 2709//1578 2710//1578 2662//1578 2661//1578 2720//1578 2692//1578
f 2792//1579 2793//1579 2794//1579 2752//1579 2751//1579 2818//1579 2747//1579
f 3540//1580 3541//1580 3519//1580 3517//1580
f 3540//1581 3479//1581 3481//1581
f 7594//1582 7596//1582 7595//1582 7593//1582
f 4562//74 4561//74 4573//74 4574//74
f 3625//3 3623//3 3620//3 3619//3 3290//3 3289//3 3627//3
f 635//3 637//3 639//3 641//3 643//3 631//3 515//3 806//3 798//3 790//3 789//3 793//3 811//3 812//3 816//3 626//3 625//3 633//3
f 3483//1583 3486//1583 3484//1583
f 3551//1584 3552//1584 3553//1584
f 3553//1585 3552//1585 3554//1585
f 3553//1586 3554//1586 3555//1586
f 3555//1587 3554//1587 3556//1587
f 5888//1588 1427//1588 1452//1588 1450//1588 1448//1588 1445//1588 1442//1588
f 1521//1589 1483//1589 1524//1589 1526//1589
f 3585//1590 4376//1590 3593//1590 3584//1590
f 5485//1591 5462//1591 5461//1591 5450//1591 5484//1591
f 5784//1592 5792//1592 5785//1592 5770//1592
f 3567//1593 3480//1593 3568//1593
f 3540//1594 3569//1594 3568//1594 3479//1594
f 2531//1595 2624//1595 2623//1595 2526//1595 2525//1595
f 3680//1596 3681//1596 3657//1596 3656//1596
f 3573//1597 3574//1597 3553//1597
f 3553//1598 3574//1598 3575//1598
f 3577//1599 3580//1599 3553//1599 3575//1599 3571//1599 3572//1599 3576//1599
f 3578//1600 3551//1600 3579//1600
f 3579//1601 3551//1601 3553//1601
f 3579//1602 3553//1602 3580//1602
f 2937//1603 2962//1603 2966//1603 2965//1603
f 2329//1604 2355//1604 2356//1604 2331//1604 2330//1604
f 2958//1605 2952//1605 2948//1605 2947//1605
f 4087//1606 4089//1606 4138//1606 4139//1606
f 3579//1607 3580//1607 3586//1607
f 1662//1608 1659//1608 1660//1608 1661//1608
f 3589//1609 3591//1609 3592//1609
f 2299//1610 2338//1610 2279//1610 2301//1610 2300//1610
f 3593//1611 3589//1611 3584//1611
f 3595//1612 3571//1612 3596//1612
f 3574//1613 3598//1613 3597//1613 3596//1613 3571//1613 3575//1613
f 3534//1614 3536//1614 3535//1614 3533//1614 4337//1614 4341//1614 4346//1614 4342//1614
f 3595//1615 3576//1615 3572//1615
f 3595//20 3572//20 3571//20
f 2812//1616 2775//1616 2769//1616 2811//1616
f 3568//1617 3480//1617 3481//1617 3479//1617
f 3592//1618 3582//1618 3589//1618
f 3589//1619 3582//1619 3583//1619
f 3589//1620 3583//1620 3584//1620
f 4476//1621 4475//1621 4483//1621 4478//1621 4477//1621 4482//1621
f 5524//1622 5718//1622 5525//1622
f 3607//1623 3606//1623 3608//1623
f 3608//1624 3606//1624 3605//1624
f 3608//1625 3605//1625 3609//1625
f 5170//1306 5171//1306 5154//1306 5153//1306
f 2795//1626 2745//1626 2817//1626 2816//1626
f 3616//1627 3629//1627 3630//1627
f 4168//543 4169//543 4056//543 4054//543
f 3639//3 3638//3 3637//3 3631//3 3632//3 3633//3 3634//3 3635//3 3636//3 3640//3 3641//3
f 2681//1628 2682//1628 2679//1628 2678//1628
f 3643//4 3645//4 3647//4 3650//4 3651//4 3652//4 3648//4 3649//4 3646//4 3644//4 3642//4
f 844//311 846//311 845//311 843//311
f 5531//1629 5527//1629 5526//1629
f 3654//1630 3641//1630 3640//1630 3653//1630
f 3736//1631 3735//1631 3757//1631 3756//1631
f 7524//1632 7522//1632 7520//1632 7521//1632 7523//1632
f 3645//1633 3643//1633 3658//1633
f 5463//1634 5465//1634 5466//1634 5451//1634
f 3658//1635 3659//1635 3645//1635
f 3645//1636 3659//1636 3660//1636
f 3645//1637 3660//1637 3647//1637
f 3660//1638 3661//1638 3647//1638
f 3647//1639 3661//1639 3662//1639
f 3647//1640 3662//1640 3650//1640
f 3662//1641 3663//1641 3650//1641
f 3650//1642 3663//1642 3664//1642
f 3650//1643 3664//1643 3651//1643
f 3664//1644 3665//1644 3651//1644
f 3651//1645 3665//1645 3666//1645
f 3651//1646 3666//1646 3652//1646
f 3666//1647 3667//1647 3652//1647
f 3652//1648 3667//1648 3668//1648
f 3652//1649 3668//1649 3648//1649
f 3668//1650 3669//1650 3648//1650
f 3648//1651 3669//1651 3670//1651
f 3648//1652 3670//1652 3649//1652
f 3670//1653 3671//1653 3649//1653
f 3649//1654 3671//1654 3672//1654
f 3649//1655 3672//1655 3646//1655
f 3672//1656 3673//1656 3646//1656
f 3646//1657 3673//1657 3674//1657
f 3646//1658 3674//1658 3644//1658
f 3674//1659 3675//1659 3644//1659
f 1885//1660 1878//1660 1873//1660 1886//1660
f 3654//1661 3677//1661 3678//1661
f 3856//705 3855//705 3854//705 3853//705 3823//705
f 3656//1662 3679//1662 3680//1662
f 3655//1663 3657//1663 3658//1663 3643//1663
f 3657//1664 3681//1664 3658//1664
f 3682//1665 3669//1665 3683//1665
f 3683//1666 3669//1666 3668//1666
f 7238//1667 7182//1667 7184//1667 7237//1667
f 3685//1668 3666//1668 3665//1668
f 3685//1669 3665//1669 3686//1669
f 3665//1670 3664//1670 3686//1670
f 3686//1671 3664//1671 3663//1671
f 3686//1672 3663//1672 3687//1672
f 3663//1673 3662//1673 3687//1673
f 3687//1674 3662//1674 3661//1674
f 3687//1675 3661//1675 3688//1675
f 3661//1676 3660//1676 3688//1676
f 3688//1677 3660//1677 3659//1677
f 3688//1678 3659//1678 3689//1678
f 3659//1679 3658//1679 3689//1679
f 3689//1680 3658//1680 3681//1680
f 3689//1681 3681//1681 3690//1681
f 3681//1682 3680//1682 3690//1682
f 3690//1683 3680//1683 3679//1683
f 3690//1684 3679//1684 3691//1684
f 3679//1685 3678//1685 3691//1685
f 3691//1686 3678//1686 3677//1686
f 3691//1687 3677//1687 3692//1687
f 3677//1688 3676//1688 3692//1688
f 3692//1689 3676//1689 3675//1689
f 3692//1690 3675//1690 3693//1690
f 3675//1691 3674//1691 3693//1691
f 3693//1692 3674//1692 3673//1692
f 3693//1693 3673//1693 3694//1693
f 3673//1694 3672//1694 3694//1694
f 3694//1695 3672//1695 3671//1695
f 3694//1696 3671//1696 3682//1696
f 3682//1697 3671//1697 3670//1697
f 3682//1698 3670//1698 3669//1698
f 4584//1699 4586//1699 4585//1699 4583//1699
f 19//21 22//21 11//21 13//21 14//21 21//21 20//21
f 2619//3 2620//3 2490//3 2489//3
f 4143//1700 4144//1700 4092//1700 4091//1700
f 3698//1701 3700//1701 3699//1701 3697//1701
f 5232//1702 5233//1702 5223//1702 5222//1702
f 7152//26 7640//26 7641//26 7153//26
f 3721//1703 3717//1703 3719//1703
f 3721//1704 3719//1704 3722//1704
f 3722//1705 3719//1705 3695//1705
f 1114//1706 1116//1706 1115//1706 1113//1706
f 6550//4 6528//4 6531//4 6549//4
f 7958//1707 7988//1707 7989//1707 7959//1707
f 3375//21 3376//21 3353//21 3354//21
f 3727//3 3728//3 3729//3 3730//3 3731//3 3736//3 3737//3 3738//3 3739//3 3740//3 3741//3 3742//3 3743//3 3744//3 3745//3 3733//3 3722//3 3723//3 3724//3 3725//3 3726//3
f 365//74 363//74 402//74 405//74 406//74 404//74 379//74 377//74 375//74 373//74 369//74 368//74 399//74 397//74 394//74 391//74 388//74 386//74 385//74 383//74 359//74 357//74 353//74 351//74 349//74 347//74 345//74 343//74 341//74 339//74 355//74 367//74
f 1731//1708 1732//1708 1683//1708 1680//1708
f 591//1709 592//1709 579//1709 578//1709
f 3706//1710 3708//1710 3707//1710 3705//1710
f 3697//1711 3699//1711 3724//1711 3723//1711
f 1972//1712 1973//1712 1824//1712 1822//1712
f 5830//1713 5831//1713 5827//1713 5826//1713
f 3985//476 3987//476 4170//476 4171//476
f 958//1714 960//1714 959//1714 957//1714
f 3923//1715 3924//1715 3922//1715 3921//1715
f 1458//851 1459//851 1454//851 1456//851
f 3759//1716 3757//1716 3758//1716
f 5488//1717 5489//1717 5465//1717 5464//1717
f 4459//12 4460//12 4445//12 4444//12
f 7585//211 7584//211 7577//211 7576//211
f 6066//33 6036//33 6064//33 6063//33 6038//33 6065//33 6073//33 6071//33
f 1036//550 1038//550 1037//550 1035//550
f 3771//1718 3772//1718 3773//1718
f 3776//1719 3777//1719 3771//1719
f 3771//1720 3773//1720 3776//1720
f 3775//1721 3778//1721 3779//1721
f 1114//134 1118//134 1117//134 1116//134
f 1122//1722 1124//1722 1123//1722 1121//1722
f 956//1723 958//1723 957//1723 955//1723
f 122//146 124//146 123//146 121//146
f 1933//1724 1934//1724 1930//1724 1928//1724
f 3754//21 3755//21 3769//21 3768//21
f 4325//4 3076//4 3078//4 3080//4 3058//4 3060//4 4323//4 4324//4
f 3609//1725 3605//1725 3604//1725
f 3791//1726 3602//1726 3792//1726
f 3792//1727 3602//1727 3601//1727
f 3792//1728 3601//1728 3788//1728
f 2800//1729 2784//1729 2791//1729 2799//1729
f 3801//640 3802//640 3803//640
f 3804//1730 3805//1730 3806//1730
f 3807//1731 3808//1731 3809//1731
f 3805//1732 3810//1732 3811//1732
f 1052//1733 1054//1733 1053//1733 1051//1733
f 3813//1734 3814//1734 3809//1734
f 6459//1735 6458//1735 6473//1735 6465//1735
f 3818//1736 3819//1736 3820//1736
f 3821//641 3822//641 3823//641
f 3824//644 3825//644 3827//644 3826//644 3822//644 3821//644
f 8135//1737 8121//1737 8120//1737 8134//1737
f 3824//642 3828//642 3825//642
f 3819//1738 3829//1738 3830//1738
f 2007//1739 2006//1739 2054//1739 2049//1739
f 3832//1740 3827//1740 3825//1740
f 3945//1741 3927//1741 3926//1741 3944//1741
f 2030//1742 2024//1742 2029//1742 2028//1742
f 2872//3 2866//3 2867//3 2868//3 2869//3 2876//3 2877//3 2873//3 2874//3 2875//3 2870//3 2871//3
f 3827//1743 3832//1743 3834//1743 3830//1743 3829//1743 3814//1743 3813//1743 3816//1743 3811//1743 3810//1743 3837//1743 3844//1743 3843//1743 3840//1743 3838//1743 3839//1743 3841//1743 3842//1743 3836//1743 3826//1743
f 7714//206 7713//206 7712//206 7710//206 7708//206 7709//206 7711//206 7704//206 7706//206 7707//206 7705//206 7690//206 7688//206 7685//206 7686//206 7687//206 7703//206 7702//206 7700//206 7698//206 7696//206 7694//206 7692//206 7693//206 7695//206 7697//206 7699//206 7701//206 7689//206 7691//206
f 3845//1744 3847//1744 3846//1744
f 3802//1745 3838//1745 3840//1745
f 2025//1746 2026//1746 2023//1746 2022//1746
f 3844//1747 3837//1747 3846//1747
f 7224//1748 7198//1748 7197//1748 7223//1748
f 7826//1749 7770//1749 7798//1749 7825//1749
f 3851//646 3853//646 3852//646
f 3822//1750 3826//1750 3836//1750
f 4136//1751 4137//1751 4086//1751 4084//1751
f 3841//648 3839//648 3852//648
f 165//26 168//26 167//26 166//26
f 3561//1752 3562//1752 3554//1752 3552//1752
f 2802//1753 2822//1753 2751//1753 2748//1753
f 3858//1754 3821//1754 3859//1754
f 3860//1755 3861//1755 3862//1755
f 3861//1756 3860//1756 3863//1756
f 3863//1757 3860//1757 3851//1757
f 3590//1758 3591//1758 3589//1758 3588//1758
f 5822//1759 5829//1759 5825//1759 5820//1759 5821//1759
f 3867//1760 3864//1760 3868//1760
f 3868//1761 3865//1761 3869//1761
f 3869//1762 3865//1762 3870//1762
f 3804//1763 3871//1763 3866//1763
f 3866//1764 3871//1764 3872//1764
f 3866//1765 3872//1765 3873//1765
f 2151//1766 2095//1766 2106//1766 2150//1766
f 3818//1767 3876//1767 3874//1767
f 3874//1768 3876//1768 3877//1768
f 3874//1769 3877//1769 3878//1769
f 1694//1770 1807//1770 1811//1770 1698//1770
f 3860//1771 3821//1771 3851//1771
f 3823//1772 3853//1772 3851//1772 3821//1772
f 2585//1773 2586//1773 2581//1773 2582//1773 2577//1773 2578//1773 2561//1773 2568//1773 2650//1773 2651//1773
f 3828//1774 3820//1774 3835//1774 3833//1774 3831//1774
f 1698//1775 1811//1775 1810//1775 1700//1775
f 3824//1776 3877//1776 3876//1776
f 3824//1777 3876//1777 3828//1777
f 3828//1778 3876//1778 3818//1778
f 1701//1779 1705//1779 1693//1779 1704//1779 1699//1779
f 4068//1780 4098//1780 4070//1780 4069//1780
f 3875//1781 3872//1781 3807//1781
f 3807//1782 3872//1782 3871//1782
f 3807//1783 3871//1783 3808//1783
f 3808//1784 3871//1784 3804//1784
f 4072//1785 4069//1785 4070//1785 4071//1785
f 3845//1786 3870//1786 3865//1786
f 3914//1787 3911//1787 3948//1787 3947//1787 3965//1787
f 4266//1788 4293//1788 4267//1788 4265//1788
f 3676//1789 3642//1789 3644//1789 3675//1789
f 3803//1790 3865//1790 3801//1790
f 3864//1791 3879//1791 3880//1791
f 3882//1792 3862//1792 3861//1792
f 3953//1793 3951//1793 3979//1793 3980//1793
f 3880//1794 3863//1794 3864//1794
f 2802//1795 2801//1795 2823//1795 2826//1795
f 2718//1796 2738//1796 2743//1796 2719//1796
f 3883//1797 3877//1797 3857//1797
f 3883//1798 3857//1798 3858//1798
f 2898//1799 2899//1799 2886//1799 2885//1799
f 2712//1800 2741//1800 2744//1800 2714//1800
f 3884//1801 3872//1801 3875//1801
f 3864//1802 3867//1802 3879//1802
f 3890//1803 3868//1803 3869//1803
f 3890//1804 3869//1804 3887//1804
f 3887//1805 3869//1805 3870//1805
f 3891//1806 3892//1806 3893//1806
f 3894//742 3895//742 3896//742
f 3897//646 3898//646 3899//646
f 3898//1807 3900//1807 3901//1807
f 3902//1808 3903//1808 3896//1808
f 3873//1809 3889//1809 3888//1809 3866//1809
f 3908//726 3909//726 3910//726
f 3911//657 3912//657 3913//657
f 7177//1810 7131//1810 7132//1810 7176//1810
f 3914//738 3915//738 3917//738 3916//738 3912//738 3911//738
f 7714//1811 7729//1811 7730//1811 7713//1811
f 3914//727 3918//727 3915//727
f 3909//1812 3919//1812 3920//1812
f 3922//730 3917//730 3915//730
f 5615//1813 5616//1813 5609//1813 5607//1813
f 1020//307 1022//307 1021//307 1019//307
f 3894//1814 3896//1814 3903//1814 3919//1814 3909//1814 3908//1814
f 2735//1815 2732//1815 2731//1815 2736//1815
f 3800//1816 3791//1816 4356//1816 4357//1816 4355//1816 3798//1816
f 5971//1817 5970//1817 5979//1817 5978//1817
f 3936//657 3937//657 3935//657
f 3892//1818 3932//1818 3934//1818
f 3930//1819 3929//1819 3935//1819
f 3998//1820 4009//1820 3999//1820 3997//1820
f 3942//1821 3943//1821 3941//1821
f 3912//1822 3916//1822 3928//1822
f 4408//33 4410//33 4409//33 4407//33
f 3926//1823 3933//1823 3941//1823
f 2771//1824 2770//1824 2784//1824 2800//1824
f 4352//1825 4353//1825 3797//1825 3798//1825 4355//1825
f 3948//1826 3911//1826 3949//1826
f 3942//1827 3951//1827 3952//1827
f 3952//1828 3951//1828 3953//1828
f 3952//1829 3953//1829 3954//1829
f 3955//1830 3956//1830 3957//1830
f 3958//1831 3959//1831 3960//1831
f 3960//1832 3961//1832 3958//1832
f 3958//1833 3961//1833 3894//1833
f 3958//1834 3894//1834 3962//1834
f 2156//1835 2115//1835 2109//1835 2155//1835
f 3908//1836 3964//1836 3963//1836
f 3963//1837 3964//1837 3965//1837
f 3963//1838 3965//1838 3966//1838
f 1658//1839 1688//1839 1660//1839 1659//1839
f 2313//1840 2314//1840 2321//1840 2318//1840
f 2064//1841 2069//1841 2065//1841 2034//1841
f 3952//1842 3911//1842 3942//1842
f 3913//1843 3943//1843 3942//1843 3911//1843
f 7748//1844 7747//1844 7749//1844 7750//1844
f 1597//1845 1619//1845 1618//1845 1596//1845
f 3573//1846 3582//1846 3592//1846 3600//1846
f 1462//1847 1460//1847 1458//1847 1456//1847 1419//1847
f 3914//1848 3965//1848 3964//1848
f 3914//1849 3964//1849 3918//1849
f 3918//1850 3964//1850 3908//1850
f 5624//1851 5627//1851 5642//1851 5641//1851
f 2842//1852 2854//1852 2843//1852 2841//1852
f 3956//1853 3955//1853 3967//1853
f 3967//1854 3955//1854 3936//1854
f 3960//1855 3897//1855 3961//1855
f 3961//1856 3897//1856 3895//1856
f 3961//1857 3895//1857 3894//1857
f 1872//1858 1881//1858 1867//1858 1866//1858
f 3937//1859 3893//1859 3940//1859 3939//1859 3938//1859
f 3936//1860 3891//1860 3893//1860 3937//1860
f 3891//1861 3936//1861 3955//1861
f 3950//1862 3957//1862 3968//1862
f 5619//1863 5620//1863 5615//1863 5614//1863 5803//1863
f 3970//1864 3965//1864 3947//1864
f 3970//1865 3947//1865 3948//1865
f 5882//1866 5864//1866 5863//1866 5881//1866
f 3971//1867 3958//1867 3962//1867
f 3978//1868 3957//1868 3956//1868
f 3978//1869 3956//1869 3974//1869
f 3974//1870 3956//1870 3967//1870
f 3979//1871 3950//1871 3977//1871
f 3977//1872 3950//1872 3968//1872
f 3700//1873 3702//1873 3701//1873 3699//1873
f 3980//1874 3954//1874 3953//1874
f 5874//1875 5875//1875 5862//1875 5866//1875
f 3979//1876 3951//1876 3950//1876
f 4092//1877 4094//1877 4093//1877 4091//1877
f 1944//1878 1945//1878 1907//1878 1909//1878
f 3999//1879 4008//1879 4000//1879
f 3965//1880 3970//1880 3973//1880 3966//1880
f 6236//20 6237//20 6226//20 6228//20 6224//20 6225//20 6234//20 6235//20
f 977//1881 978//1881 1092//1881 1089//1881
f 4361//1882 4351//1882 4350//1882 4357//1882 4356//1882
f 1665//1883 1651//1883 1621//1883 1624//1883 1652//1883
f 4075//1884 4061//1884 4031//1884 4034//1884 4062//1884
f 4031//1885 4032//1885 4033//1885
f 4313//1886 3515//1886 3566//1886
f 4036//1887 4026//1887 4028//1887
f 4028//1888 4037//1888 4036//1888
f 4033//1889 4035//1889 4034//1889
f 4033//1890 4034//1890 4031//1890
f 4037//1891 4030//1891 4035//1891
f 4028//1892 4029//1892 4037//1892
f 3946//1893 3945//1893 3944//1893 3943//1893 3913//1893
f 62//146 58//146 57//146 61//146
f 1826//1894 1828//1894 1827//1894 1825//1894
f 4057//1895 4032//1895 4059//1895
f 7500//1896 7496//1896 7510//1896 7501//1896
f 4060//1897 4031//1897 4061//1897
f 2980//1898 2981//1898 2941//1898 2940//1898
f 3991//1899 3992//1899 4004//1899 4005//1899 4026//1899 4027//1899 4012//1899 4013//1899 4016//1899 4017//1899 4020//1899 4021//1899 4024//1899 4025//1899
f 2031//1900 2033//1900 2041//1900
f 4333//1901 4343//1901 4338//1901 4331//1901 4332//1901
f 4067//1902 4068//1902 4069//1902
f 2963//1903 2957//1903 2918//1903 2919//1903 2983//1903 2970//1903 2969//1903
f 7723//1904 7695//1904 7693//1904 7722//1904
f 4063//1905 4074//1905 4075//1905
f 4060//1906 4061//1906 4075//1906
f 4075//1907 4062//1907 4063//1907
f 4747//33 4750//33 4760//33 4768//33 4769//33 4749//33
f 4065//1908 4067//1908 4066//1908
f 4066//1909 4067//1909 4069//1909
f 4074//1910 4064//1910 4075//1910
f 4060//1911 4076//1911 4059//1911
f 4059//1912 4076//1912 4077//1912
f 4059//1913 4077//1913 4057//1913
f 4830//4 4793//4 4795//4 4802//4
f 2541//596 2554//596 2555//596 2539//596
f 1678//1914 1680//1914 1679//1914 1677//1914
f 4081//1915 4099//1915 4100//1915
f 4081//1916 4100//1916 4101//1916
f 8046//645 8065//645 8066//645 8056//645
f 4090//1917 4093//1917 4094//1917 4097//1917 4098//1917 4067//1917 4099//1917 4081//1917 4082//1917 4085//1917 4086//1917 4089//1917
f 4257//134 4240//134 4239//134 4238//134 4237//134 4236//134 4235//134 4234//134 4233//134 4232//134 4259//134 4241//134 4244//134 3978//134 3974//134 3975//134 3976//134 3971//134 3972//134 3973//134 3970//134 3969//134 3980//134 3888//134 3889//134 3884//134 3885//134 3886//134 3883//134 3881//134 3882//134 3880//134 3879//134 3890//134 4254//134 4256//134
f 4067//1918 4098//1918 4068//1918
f 1537//1919 1542//1919 1545//1919 1538//1919
f 2931//1920 2949//1920 2936//1920 2932//1920
f 4073//1921 4153//1921 4152//1921 4078//1921
f 4074//1922 4103//1922 4064//1922
f 2667//1923 2660//1923 2675//1923 2673//1923 2670//1923
f 4104//1924 4108//1924 4109//1924
f 4109//1925 4108//1925 4110//1925
f 4109//1926 4110//1926 4111//1926
f 4111//1927 4110//1927 4112//1927
f 4111//1928 4112//1928 4107//1928
f 4107//1929 4112//1929 4113//1929
f 4104//1930 4114//1930 4103//1930
f 5533//1931 5827//1931 5828//1931 5560//1931
f 4099//1932 4116//1932 4100//1932
f 3510//1933 3511//1933 4318//1933 4317//1933
f 4104//1934 4109//1934 4114//1934
f 1927//1935 1929//1935 1932//1935 1931//1935
f 2103//1715 2104//1715 2101//1715 2100//1715
f 4601//3 4594//3 4593//3 4580//3 4578//3 4576//3 4588//3 4574//3 4572//3 4570//3 4598//3 4597//3 4596//3 4595//3
f 1591//1936 1590//1936 1597//1936 1596//1936
f 6111//1937 6112//1937 6104//1937 6103//1937
f 284//1938 285//1938 272//1938 267//1938
f 7058//1939 7029//1939 7027//1939 7057//1939
f 4144//1940 4145//1940 4094//1940 4092//1940
f 2136//1941 2126//1941 2133//1941 2135//1941
f 4023//1942 4025//1942 4024//1942 4022//1942
f 1668//1943 1742//1943 1741//1943 1648//1943
f 1663//1944 1743//1944 1742//1944 1668//1944
f 1548//1945 1543//1945 1544//1945 1561//1945 1559//1945 1557//1945 1555//1945 1554//1945 5757//1945 1547//1945
f 1362//1177 1364//1177 1363//1177 1361//1177
f 4041//1946 4043//1946 4154//1946 4155//1946
f 894//1947 893//1947 864//1947 862//1947 895//1947
f 3618//1948 3617//1948 3636//1948 3635//1948
f 3981//1949 3983//1949 4202//1949 4203//1949
f 8077//1950 8048//1950 8049//1950 8076//1950
f 6470//1951 6453//1951 6454//1951 6473//1951
f 4209//1952 4210//1952 4212//1952 4206//1952
f 37//146 38//146 36//146 34//146
f 4180//1953 4181//1953 4013//1953 4011//1953
f 1563//1954 1564//1954 1562//1954 1561//1954
f 2742//1955 2743//1955 2738//1955 2739//1955 2740//1955 2737//1955 2735//1955 3019//1955 3013//1955 3004//1955 3007//1955 2826//1955 2823//1955 2824//1955 2825//1955 2833//1955 3025//1955
f 4184//1956 4185//1956 4017//1956 4015//1956
f 129//26 131//26 133//26 171//26 170//26 169//26 174//26 130//26
f 34//20 36//20 35//20 33//20
f 4066//1957 4076//1957 4060//1957 4075//1957
f 3998//1958 4215//1958 4214//1958 4009//1958
f 4805//32 4830//32 4829//32 4815//32 4814//32 4828//32 4831//32 4832//32 4803//32
f 2229//38 2235//38 2236//38 2223//38
f 4002//1959 4003//1959 3993//1959 3995//1959
f 4544//1960 4545//1960 4540//1960 4542//1960
f 1338//131 1340//131 1339//131 1337//131
f 145//1961 147//1961 146//1961 144//1961
f 494//1962 469//1962 471//1962 473//1962 486//1962 493//1962
f 4113//1963 4112//1963 4218//1963
f 1700//1964 1810//1964 1808//1964 1702//1964
f 3628//1965 3629//1965 3616//1965 3617//1965 3618//1965
f 4110//1966 4220//1966 4218//1966 4112//1966
f 7825//1967 7798//1967 7778//1967 7824//1967
f 2004//1968 2003//1968 2013//1968 2019//1968
f 8118//206 8119//206 8129//206 8130//206 8131//206 8132//206 8123//206 8124//206 8109//206 8101//206 8104//206 8106//206 8108//206 8099//206 8093//206 8096//206 8098//206 8091//206 8083//206 8086//206 8088//206 8090//206 8080//206 8352//206 8127//206 8128//206 8120//206 8121//206 8122//206 8115//206 8116//206 8117//206
f 7800//1969 7799//1969 7807//1969 7808//1969
f 7706//1970 7704//1970 7736//1970 7737//1970
f 4778//74 4806//74 4804//74 4833//74 4775//74 4773//74 4776//74
f 4191//1971 4190//1971 4189//1971 4188//1971 4187//1971 4186//1971 4185//1971 4184//1971 4183//1971 4182//1971 4181//1971 4180//1971 4179//1971 4178//1971 4175//1971 4176//1971 4177//1971 4174//1971 4173//1971 4172//1971 4171//1971 4170//1971 4169//1971 4168//1971 4167//1971 4166//1971 4165//1971 4164//1971 4163//1971 4162//1971 4161//1971 4160//1971 4159//1971 4158//1971 4157//1971 4156//1971 4155//1971 4154//1971 4151//1971 4152//1971 4153//1971 4150//1971 4149//1971 4148//1971 4147//1971 4146//1971 4145//1971 4144//1971 4143//1971 4142//1971 4141//1971 4140//1971 4139//1971 4138//1971 4137//1971 4136//1971 4135//1971 4134//1971 4133//1971 4132//1971 4131//1971 4130//1971 4127//1971 4128//1971 4129//1971 4126//1971 4125//1971 4124//1971 4122//1971 4123//1971 4222//1971 4223//1971 4225//1971 4224//1971 4227//1971 4228//1971 4230//1971 4231//1971 4229//1971 4226//1971 4211//1971 4208//1971 4207//1971 4205//1971 4204//1971 4203//1971 4202//1971 4199//1971 4200//1971 4201//1971 4198//1971 4197//1971 4196//1971 4195//1971 4194//1971 4193//1971 4192//1971
f 5140//1972 5141//1972 5131//1972 5130//1972
f 2576//1973 2578//1973 2577//1973 2575//1973
f 2268//1974 2283//1974 2282//1974 2269//1974
f 4277//1975 4279//1975 4278//1975 4276//1975
f 3294//1976 3295//1976 3285//1976 3284//1976
f 7765//1977 7762//1977 7761//1977 7766//1977
f 8215//1978 8204//1978 8207//1978 8214//1978
f 948//1979 950//1979 949//1979 947//1979
f 4095//1980 4097//1980 4146//1980 4147//1980
f 2070//1981 2067//1981 2005//1981 2002//1981
f 4737//1982 4738//1982 4733//1982 4732//1982
f 7160//1983 7112//1983 7110//1983 7159//1983
f 3742//1984 3741//1984 3751//1984 3750//1984
f 7332//1985 7293//1985 7291//1985 7331//1985
f 3932//1986 3892//1986 3891//1986 3942//1986 3941//1986 3933//1986
f 3621//1987 3622//1987 3632//1987 3631//1987
f 2781//1988 2782//1988 2780//1988 2779//1988
f 4633//74 4634//74 4632//74 4631//74
f 4460//163 4461//163 4446//163 4445//163
f 1291//33 1292//33 1294//33 1293//33
f 4185//1989 4186//1989 4020//1989 4017//1989
f 6985//1990 6987//1990 6986//1990 6984//1990
f 1018//252 1020//252 1019//252 1017//252
f 4248//1991 4249//1991 4252//1991 4254//1991 3890//1991 3887//1991 3888//1991 3980//1991 3979//1991 3977//1991 3978//1991 4244//1991 4246//1991
f 6491//1992 6490//1992 6488//1992 6489//1992
f 4289//1993 4291//1993 4290//1993 4288//1993
f 2840//1994 2842//1994 2841//1994 2839//1994
f 394//1995 397//1995 396//1995 395//1995
f 4265//1996 4267//1996 4268//1996
f 4268//1997 4267//1997 4269//1997
f 2566//1998 2563//1998 2564//1998 2513//1998 2512//1998 2562//1998
f 2182//1999 2210//1999 2183//1999 2181//1999
f 2183//2000 2208//2000 2184//2000 2181//2000
f 2989//2001 2929//2001 2930//2001 2988//2001
f 4289//2002 4273//2002 4291//2002
f 4267//2003 4293//2003 4291//2003
f 4267//2004 4291//2004 4269//2004
f 391//2005 392//2005 390//2005 388//2005
f 4277//2006 4295//2006 4279//2006
f 2209//2007 2210//2007 2182//2007 2180//2007
f 4289//2008 4272//2008 4268//2008 4273//2008
f 4298//2009 4281//2009 4279//2009
f 4269//2010 4291//2010 4273//2010 4268//2010
f 2184//2011 2208//2011 2189//2011 2185//2011
f 2995//2012 2928//2012 2929//2012 2990//2012
f 4301//2013 4299//2013 4302//2013
f 4271//2014 4268//2014 4272//2014 4270//2014
f 464//2015 466//2015 465//2015 463//2015
f 3938//2016 3930//2016 3935//2016 3937//2016
f 5680//74 5675//74 5694//74 5696//74
f 4892//242 4893//242 4889//242 4887//242
f 2887//231 2888//231 2875//231 2874//231
f 7502//2017 7491//2017 7500//2017 7501//2017
f 822//802 824//802 823//802 821//802
f 3609//2018 3604//2018 3603//2018 3791//2018 3800//2018 3799//2018 4303//2018 4300//2018 4301//2018 4302//2018 4261//2018 4263//2018 4265//2018 4268//2018 4271//2018 4306//2018 4307//2018 4308//2018
f 3087//231 3089//231 3088//231 3086//231
f 4643//2019 4688//2019 4687//2019 4686//2019 4645//2019
f 3591//1604 3590//1604 4308//1604 4307//1604 4309//1604
f 7028//2020 7054//2020 7055//2020 7056//2020 7026//2020
f 3586//2021 3581//2021 3579//2021
f 3579//2022 3581//2022 3578//2022
f 3591//2023 4309//2023 4310//2023 3551//2023 3578//2023 3581//2023 3586//2023 3592//2023
f 2191//2024 2193//2024 2192//2024 2190//2024
f 3592//2025 3586//2025 3600//2025
f 3597//2026 3586//2026 3596//2026
f 3596//2027 3586//2027 3595//2027
f 2853//2028 2854//2028 2842//2028 2840//2028
f 2569//2029 2557//2029 2570//2029 2568//2029
f 3566//2030 4312//2030 4313//2030
f 5804//2031 5590//2031 5619//2031
f 3515//2032 4313//2032 4314//2032
f 4315//2033 3507//2033 4316//2033
f 4316//2034 3507//2034 3508//2034
f 5589//2035 5588//2035 5809//2035 5808//2035
f 4318//2036 3511//2036 3513//2036
f 4318//2037 3513//2037 4314//2037
f 4314//2038 3513//2038 3514//2038
f 4314//2039 3514//2039 3515//2039
f 4319//2040 3550//2040 4320//2040
f 4320//2041 3550//2041 3485//2041
f 4320//2042 3485//2042 4321//2042
f 3485//2043 3487//2043 4321//2043
f 4321//2044 3487//2044 3489//2044
f 4321//2045 3489//2045 4322//2045
f 4322//2046 3489//2046 3490//2046
f 5717//2047 5716//2047 5852//2047 5719//2047
f 4120//2048 4219//2048 4222//2048 4123//2048
f 4324//2049 3493//2049 3495//2049
f 4324//2050 3495//2050 4325//2050
f 3495//2051 3496//2051 4325//2051
f 4325//2052 3496//2052 3498//2052
f 4325//2053 3498//2053 4326//2053
f 4326//2054 3498//2054 3499//2054
f 5576//2055 5580//2055 5818//2055 5817//2055
f 6788//2056 6791//2056 6810//2056 6825//2056
f 4328//2057 3502//2057 3504//2057
f 4328//2058 3504//2058 4315//2058
f 4315//2059 3504//2059 3505//2059
f 4315//2060 3505//2060 3507//2060
f 2123//2061 2121//2061 2119//2061 2116//2061 2108//2061
f 4075//2062 4064//2062 4065//2062 4066//2062
f 4331//2063 4330//2063 4332//2063
f 5463//2064 5445//2064 5446//2064 5465//2064
f 4064//2065 4103//2065 4115//2065 4102//2065 4065//2065
f 5790//2066 5787//2066 5774//2066 5788//2066
f 3484//2067 4334//2067 3482//2067
f 3482//2068 4334//2068 4335//2068
f 1881//2069 1882//2069 1876//2069 1869//2069 1868//2069
f 8171//2070 8162//2070 8161//2070 8157//2070
f 5606//2071 5608//2071 5633//2071 5625//2071
f 6459//2072 6463//2072 6445//2072 6456//2072
f 478//2073 480//2073 479//2073 477//2073
f 7081//2074 7082//2074 7080//2074 7091//2074 7092//2074
f 2567//2075 2560//2075 2559//2075 2562//2075 2512//2075 2511//2075
f 1705//2076 1706//2076 1689//2076 1692//2076
f 4350//2077 4346//2077 4345//2077 4349//2077 4352//2077
f 7298//2078 7296//2078 7327//2078 7328//2078
f 2071//2079 2072//2079 2010//2079 1999//2079
f 4353//2080 4348//2080 4347//2080
f 4353//2081 4347//2081 4354//2081
f 4301//2082 4298//2082 4279//2082 4299//2082
f 7739//2083 7705//2083 7707//2083 7738//2083
f 3600//2084 3586//2084 3597//2084 3598//2084
f 4347//2085 4348//2085 4344//2085 4343//2085
f 4354//2086 3795//2086 3797//2086
f 3797//2087 4353//2087 4354//2087
f 4356//2088 4362//2088 4361//2088
f 4361//2089 4362//2089 4363//2089
f 4361//2090 4363//2090 4364//2090
f 4364//2091 4363//2091 4365//2091
f 8136//2092 8122//2092 8121//2092 8135//2092
f 4368//2093 4367//2093 4369//2093
f 4370//2094 4369//2094 4371//2094
f 4370//2095 4371//2095 4365//2095
f 4365//2096 4371//2096 4372//2096
f 4365//2097 4372//2097 4364//2097
f 4360//2098 4359//2098 4373//2098
f 4373//2099 4359//2099 4374//2099
f 4373//2100 4374//2100 4366//2100
f 4366//2101 4374//2101 4375//2101
f 4366//2102 4375//2102 4367//2102
f 7425//2103 7426//2103 7424//2103 7423//2103
f 3549//2104 3483//2104 3533//2104 3535//2104
f 768//2105 770//2105 769//2105 767//2105
f 2038//2106 2040//2106 2039//2106 2035//2106 2034//2106 2037//2106
f 305//2107 307//2107 306//2107 304//2107
f 7335//2108 7310//2108 7308//2108 7334//2108
f 5929//32 5927//32 5922//32 5928//32
f 1388//2109 1390//2109 1389//2109 1387//2109
f 7644//204 7646//204 7645//204 7643//204
f 1097//1172 932//1172 930//1172 1112//1172
f 3543//2110 3544//2110 3530//2110 3523//2110
f 4459//3 2341//3 2340//3 4461//3 4460//3
f 668//2111 670//2111 669//2111 667//2111
f 1284//3 1286//3 1285//3 1283//3
f 8548//4 8550//4 8549//4 8547//4
f 2534//2112 2647//2112 2646//2112 2527//2112
f 4378//2113 3593//2113 4376//2113
f 4378//2114 4376//2114 4379//2114
f 4380//2115 4381//2115 3790//2115
f 4378//2116 4379//2116 4380//2116
f 8125//1042 8126//1042 8127//1042 8352//1042 8079//1042 8113//1042 8114//1042 8109//1042 8124//1042
f 3594//2117 3609//2117 4308//2117 3590//2117 3588//2117 3587//2117
f 4380//2118 3790//2118 4378//2118
f 1582//2119 1594//2119 1595//2119 1616//2119 1617//2119 1602//2119 1603//2119 1606//2119 1607//2119 1610//2119 1611//2119 1614//2119 1615//2119 1581//2119
f 4381//3 3789//3 3790//3
f 3614//32 3615//32 3789//32 4381//32 3774//32 3779//32 3780//32
f 1300//4 1302//4 1301//4 1299//4
f 2579//2120 2581//2120 2591//2120 2592//2120
f 305//167 304//167 300//167 301//167
f 5697//33 5702//33 5687//33 5686//33
f 3463//580 3464//580 3443//580 3444//580
f 1783//2121 1784//2121 1581//2121 1615//2121
f 4405//134 4412//134 4410//134 4387//134 4386//134
f 4387//74 4410//74 4408//74 4415//74 4389//74
f 4390//32 4401//32 4416//32 4419//32
f 8107//2122 8108//2122 8106//2122 8105//2122
f 3577//21 3586//21 3580//21 3599//21
f 4838//219 4864//219 4863//219 4844//219 4836//219
f 3776//2123 4429//2123 4430//2123 3777//2123
f 4420//4 4423//4 4422//4 4390//4
f 4432//3 4431//3 4430//3
f 870//2124 872//2124 871//2124 869//2124
f 992//2125 994//2125 993//2125 991//2125
f 3117//134 3119//134 4434//134 4436//134 3784//134 3783//134 3122//134
f 4437//2126 3782//2126 4436//2126
f 4436//2127 3782//2127 3784//2127
f 4437//2128 4438//2128 3782//2128
f 3782//2129 4438//2129 3786//2129
f 3782//2130 3786//2130 3781//2130
f 6467//202 6468//202 6439//202 6438//202
f 7832//2131 7804//2131 7803//2131 7831//2131
f 2106//2132 2108//2132 2116//2132
f 7162//2133 7163//2133 7107//2133 7106//2133
f 4365//2134 4434//2134 4370//2134
f 4370//2135 4434//2135 4435//2135
f 4368//2136 4435//2136 4433//2136
f 4368//2137 3113//2137 3116//2137
f 3116//2138 3115//2138 4366//2138
f 4366//2139 3115//2139 3114//2139
f 4366//2140 3114//2140 4373//2140
f 3114//2141 3111//2141 4373//2141
f 4432//2142 4430//2142 4373//2142
f 3640//74 3636//74 3617//74 3616//74 3630//74 4358//74 4360//74 4430//74 4420//74 4421//74 4439//74 4418//74 4408//74 4381//74 4380//74 4379//74 4377//74 3619//74 3621//74 3631//74 3637//74 3655//74 3643//74 3642//74 3653//74
f 5518//32 5520//32 5519//32 5517//32
f 4251//2143 4252//2143 4249//2143 4250//2143
f 4461//295 4462//295 4447//295 4446//295
f 6143//26 6145//26 6144//26 6142//26
f 4668//3 4673//3 4672//3 4669//3
f 7463//2144 7462//2144 7478//2144 7479//2144
f 3817//2145 3811//2145 3816//2145 3815//2145
f 6770//3 6768//3 6767//3 6763//3 6761//3 6759//3 6756//3 6769//3
f 6548//20 6531//20 6528//20 6547//20
f 6594//21 6606//21 6607//21 6604//21 6603//21 6602//21 6600//21 6598//21 6595//21
f 7984//2146 7966//2146 7967//2146 7983//2146
f 4802//4 4795//4 4798//4 4791//4 4793//4 4830//4 4805//4 4801//4
f 1348//2147 1350//2147 1349//2147 1347//2147
f 4453//21 4454//21 4441//21 4440//21
f 323//2148 501//2148 510//2148 325//2148
f 129//74 130//74 125//74 127//74
f 4221//4 4217//4 4213//4 4214//4 4215//4 4216//4 4212//4 4210//4 3082//4 3084//4 4416//4 4417//4 4448//4 4449//4 4450//4 4444//4 4445//4 4446//4 4439//4 3052//4 3054//4 3056//4 3034//4 3036//4 3038//4 3040//4 4328//4 4315//4 4316//4 4317//4 4318//4 4314//4 4313//4 4312//4 4311//4 4310//4 4309//4 4307//4 4306//4 4305//4 4260//4 4259//4 4232//4 4223//4 4222//4 4219//4 4218//4 4220//4
f 5115//288 5127//288 5128//288 5126//288
f 281//2149 280//2149 251//2149 249//2149 247//2149 283//2149 282//2149
f 4495//2150 4497//2150 4496//2150 4494//2150
f 1372//106 1374//106 1373//106 1371//106
f 4384//134 4385//134 4422//134 4423//134
f 1360//534 1362//534 1361//534 1359//534
f 1622//2151 1630//2151 1629//2151 1623//2151
f 4474//577 4475//577 4476//577
f 1749//4 1750//4 1636//4 1635//4
f 1759//4 1760//4 1577//4 1646//4
f 4558//2152 4560//2152 4557//2152 4555//2152
f 1586//2153 1588//2153 1587//2153 1585//2153
f 6784//12 6785//12 6786//12 6783//12
f 7616//3 7617//3 7614//3 7613//3
f 4503//2154 4505//2154 4504//2154 4502//2154
f 1593//1881 1791//1881 1790//1881 1583//1881
f 297//21 299//21 298//21 296//21
f 3718//2155 3720//2155 3719//2155 3717//2155
f 8348//2156 8344//2156 8299//2156
f 4851//2157 4853//2157 4852//2157 4850//2157
f 7279//126 7272//126 7273//126 7278//126
f 4650//1354 4651//1354 4646//1354 4648//1354
f 780//2158 782//2158 781//2158 779//2158
f 6753//2159 6752//2159 6757//2159 6756//2159
f 5361//2160 5363//2160 5362//2160 5360//2160
f 4499//2161 4501//2161 4500//2161 4498//2161
f 4530//231 4525//231 4524//231 4529//231
f 4582//2150 4584//2150 4583//2150 4581//2150
f 4537//288 4518//288 4519//288 4536//288
f 7615//209 7616//209 7613//209 7612//209
f 3471//2162 3472//2162 3462//2162 3461//2162
f 4701//2163 4706//2163 4722//2163 4723//2163 4724//2163 4702//2163
f 2785//2164 2794//2164 2793//2164 2786//2164
f 4478//3 4480//3 4481//3 4479//3 4477//3
f 1214//2165 1216//2165 1215//2165 1213//2165
f 4534//203 4521//203 4522//203 4533//203
f 4594//2166 4601//2166 4602//2166
f 6295//2167 6294//2167 6303//2167 6298//2167
f 4598//288 4606//288 4605//288 4597//288
f 4589//203 4609//203 4608//203 4600//203
f 4613//830 4593//830 4594//830
f 4613//2168 4594//2168 4602//2168
f 4137//2169 4138//2169 4089//2169 4086//2169
f 4627//3 4628//3 4615//3 4614//3 4618//3 4620//3 4622//3 4624//3 4625//3 4626//3
f 4489//2170 4491//2170 4490//2170 4488//2170
f 1640//2171 1642//2171 1641//2171 1639//2171
f 1981//2172 1983//2172 1982//2172 1816//2172
f 4645//33 4644//33 4643//33
f 1934//2173 1935//2173 1925//2173 1930//2173
f 4679//134 4673//134 4668//134 4670//134 4680//134 4681//134
f 4701//2174 4725//2174 4726//2174 4727//2174 4704//2174
f 4659//134 4654//134 4656//134 4686//134 4687//134 4685//134
f 1591//2175 1592//2175 1585//2175 1587//2175
f 2263//2176 2288//2176 2287//2176 2264//2176
f 4611//3 4612//3 4643//3 4642//3 4690//3 4623//3 4621//3 4619//3 4616//3 4617//3 4613//3 4602//3 4603//3 4604//3 4605//3 4606//3 4607//3 4608//3 4609//3 4610//3
f 4622//2177 4623//2177 4690//2177 4624//2177
f 5142//1363 5143//1363 5133//1363 5132//1363
f 702//90 704//90 703//90 701//90
f 4694//134 4696//134 4698//134 4697//134 4695//134 4693//134
f 4683//2178 4681//2178 4680//2178 4682//2178
f 4701//2179 4702//2179 4703//2179
f 4811//2180 4810//2180 4824//2180 4823//2180
f 6146//21 6148//21 6152//21 6153//21
f 4719//3 4720//3 4708//3 4707//3 4721//3 4710//3 4709//3 4713//3 4715//3 4717//3
f 121//2181 123//2181 176//2181 177//2181
f 4725//2182 4701//2182 4703//2182
f 2140//2183 2089//2183 2161//2183 2160//2183
f 4867//2184 4869//2184 4868//2184 4723//2184
f 4751//134 4746//134 4748//134 4762//134 4763//134 4761//134
f 4744//33 4766//33 4764//33 4765//33 4743//33 4741//33
f 4736//2185 4734//2185 4735//2185 4739//2185 4766//2185 4744//2185 4745//2185 4767//2185
f 2987//2186 2983//2186 2919//2186 2986//2186
f 7678//2187 8345//2187 7680//2187 7679//2187 7677//2187
f 6483//3 6504//3 6487//3 6482//3
f 5239//2188 5240//2188 5217//2188 5216//2188
f 6954//2189 6956//2189 7007//2189 7008//2189
f 5462//2190 5464//2190 5447//2190 5449//2190
f 4642//134 4638//134 4770//134
f 7499//2191 7504//2191 7505//2191 7493//2191
f 4509//2192 4511//2192 4510//2192 4508//2192
f 4921//134 4919//134 4929//134 4928//134 4927//134 4926//134
f 4786//2193 4783//2193 4781//2193 4785//2193 4788//2193 4787//2193
f 4661//3 4663//3 4662//3 4660//3
f 4810//134 4811//134 4808//134 4809//134
f 4127//930 4130//930 4081//930 4101//930
f 1119//33 1120//33 1113//33 1115//33
f 4759//2194 4758//2194 4752//2194 4754//2194
f 4425//3 4413//3 4405//3 4404//3 4403//3 4402//3 4396//3 4394//3 4393//3 4391//3 4424//3 4426//3
f 4728//1982 4731//1982 4730//1982 4729//1982
f 7222//2195 7195//2195 7193//2195 7265//2195
f 4662//2196 4663//2196 4667//2196 4678//2196 4672//2196 4673//2196 4679//2196 4664//2196
f 2418//163 2420//163 2419//163 2417//163
f 4797//4 4796//4 4794//4 4792//4
f 434//2197 436//2197 435//2197 433//2197
f 4856//2198 4854//2198 4851//2198 4850//2198
f 6795//288 6797//288 6796//288 6794//288
f 1403//12 1402//12 1416//12 1415//12
f 772//19 774//19 773//19 771//19
f 4800//33 4790//33 4789//33 4829//33 4830//33 4802//33
f 552//717 554//717 553//717 551//717
f 4773//2199 4772//2199 4835//2199 4834//2199 4784//2199 4777//2199 4776//2199
f 1751//4 1752//4 1641//4 1638//4
f 4836//134 4837//134 4838//134
f 7581//596 7574//596 7573//596 7582//596
f 1977//2200 1978//2200 1815//2200 1820//2200
f 4533//104 4522//104 4527//104 4532//104
f 4140//2201 4141//2201 4090//2201 4088//2201
f 3//12 4//12 6//12 30//12 32//12 47//12 48//12 43//12 44//12 46//12 39//12 37//12 34//12 33//12
f 7194//2202 7261//2202 7262//2202 7179//2202
f 4846//3 4847//3 4693//3 4695//3 4699//3 4729//3 4730//3 4742//3 4743//3 4765//3 4762//3 4748//3 4749//3 4769//3 4770//3 4560//3 4558//3 4559//3 4841//3 4837//3 4836//3 4844//3 4552//3 4553//3 4845//3
f 4821//2203 4822//2203 4820//2203 4819//2203
f 4849//219 4858//219 4857//219 4852//219 4853//219 4855//219 4698//219 4696//219
f 3884//201 3875//201 3874//201 3885//201
f 4860//134 4845//134 4553//134 4548//134 4550//134 4861//134
f 1900//4 1899//4 1859//4 1858//4 1857//4 1871//4 1884//4 1886//4 1873//4 1875//4 1887//4 1902//4 1901//4 1863//4 1862//4 1861//4 1860//4 1898//4 1897//4 1896//4 1895//4
f 4860//2204 4859//2204 4846//2204 4845//2204
f 5352//21 5354//21 5378//21 5377//21
f 4800//32 4802//32 4801//32 4799//32
f 4551//33 4549//33 4552//33 4844//33 4863//33 4862//33
f 4535//12 4520//12 4521//12 4534//12
f 4591//20 4611//20 4610//20 4590//20
f 4858//2205 4859//2205 4860//2205 4861//2205 4547//2205 4546//2205 4545//2205 4544//2205 4862//2205 4863//2205 4864//2205 4865//2205 4705//2205 4704//2205 4700//2205 4697//2205 4698//2205 4855//2205 4854//2205 4856//2205 4857//2205
f 3279//203 3280//203 3271//203 3272//203
f 7613//104 7614//104 7607//104 7608//104 7611//104 7612//104
f 45//4 46//4 44//4 42//4
f 8164//1150 8165//1150 8160//1150 8153//1150
f 8216//1150 8217//1150 8210//1150 8209//1150
f 4866//2206 4840//2206 4867//2206 4723//2206 4722//2206
f 4726//32 4725//32 4724//32 4723//32 4868//32
f 4462//26 4463//26 4443//26 4447//26
f 4676//33 4677//33 4629//33 4630//33 4869//33 4867//33 4870//33 4871//33
f 5770//2207 5772//2207 5771//2207 5769//2207
f 5717//33 5523//33 5528//33 5529//33 5656//33 5660//33 5522//33 5517//33 5519//33 5716//33
f 1128//2208 1130//2208 1129//2208 1127//2208
f 4382//4 4383//4 4386//4 4387//4
f 4895//134 4898//134 4902//134 4901//134 4900//134 4897//134
f 373//2209 375//2209 374//2209 372//2209
f 4899//2210 4903//2210 4890//2210 4888//2210 4889//2210 4893//2210 4902//2210 4898//2210
f 4903//33 4899//33 4894//33 4896//33 4904//33 4905//33
f 4884//134 4908//134 4907//134 4906//134 4883//134 4881//134
f 4885//33 4880//33 4882//33 4910//33 4911//33 4909//33
f 4457//227 4458//227 4450//227 4449//227
f 1777//2211 1778//2211 1609//2211 1608//2211
f 6480//4 6478//4 6501//4 6485//4
f 3624//2212 3626//2212 3634//2212 3633//2212
f 4840//33 4839//33 4912//33
f 4387//33 4386//33 4465//33 4464//33
f 1468//2213 1467//2213 1479//2213 1474//2213
f 1264//2214 1266//2214 1265//2214 1263//2214
f 7872//2215 7899//2215 7900//2215 7850//2215
f 4913//2216 4914//2216 4917//2216 4480//2216 4478//2216 4483//2216 4640//2216 4639//2216 4916//2216 4915//2216
f 5354//231 5356//231 5379//231 5378//231
f 988//1251 990//1251 989//1251 987//1251
f 4816//4 4817//4 4827//4 4826//4 4825//4 4820//4 4822//4 4824//4 4810//4 4809//4 4807//4 4828//4 4814//4 4812//4
f 1186//2217 1187//2217 1182//2217 1181//2217
f 6898//4 6952//4 6953//4 6940//4
f 4923//3 4922//3 4920//3 4921//3 4926//3 4473//3 4471//3 4925//3 4924//3
f 2897//2218 2898//2218 2885//2218 2884//2218
f 8359//4 8370//4 8364//4 8360//4
f 3849//2219 3843//2219 3844//2219 3848//2219
f 1586//2220 1806//2220 1805//2220 1588//2220
f 5565//2221 5563//2221 5533//2221 5602//2221
f 4942//2222 4941//2222 4943//2222
f 4943//2223 4941//2223 4944//2223
f 6763//21 6767//21 6764//21 6762//21
f 4470//74 4928//74 4929//74 4936//74 4935//74 4949//74 4948//74 4468//74
f 4870//2210 4911//2210 4910//2210 4871//2210
f 1967//2224 1970//2224 1823//2224 1877//2224
f 2396//3 4832//3 4831//3 2993//3 2404//3 2402//3 2400//3 2398//3
f 6798//2225 6812//2225 6799//2225 6790//2225
f 6591//4 6590//4 6595//4 6598//4 6599//4
f 4472//4 4467//4 4464//4 4470//4
f 8001//2226 8002//2226 7949//2226 7947//2226
f 5034//3 5033//3 5032//3 5031//3 5030//3 5029//3 5028//3 5027//3 5026//3 5037//3 5025//3 5013//3 5014//3 5015//3 5016//3 5017//3 5018//3 5019//3 5020//3 5021//3 5022//3 5023//3 5024//3 5036//3 5035//3
f 2406//3 2404//3 2993//3 2994//3 2995//3 2990//3 4832//3 2396//3 2394//3 2392//3 2390//3 2412//3 2410//3 2408//3
f 5396//2227 5395//2227 5401//2227 5400//2227
f 4941//26 4942//26 4940//26 4939//26
f 4088//284 4090//284 4089//284 4087//284
f 6139//20 6141//20 6140//20 6138//20
f 7170//2228 7171//2228 7125//2228 7138//2228
f 5378//3 5379//3 5380//3 5381//3 5390//3 5391//3 5392//3 5393//3 5394//3 5395//3 5396//3 5376//3 5377//3
f 7510//2229 7496//2229 7498//2229 7509//2229
f 231//2230 233//2230 232//2230 230//2230
f 5406//203 5407//203 5421//203 5420//203
f 3748//12 3749//12 3763//12 3762//12
f 182//33 188//33 189//33 183//33
f 2768//2231 2767//2231 2778//2231 2783//2231
f 810//2232 807//2232 569//2232 572//2232
f 7557//126 7558//126 7551//126 7550//126
f 6326//3 6328//3 6327//3 6325//3
f 1632//97 1634//97 1633//97 1631//97
f 4935//2233 4936//2233 4934//2233 4933//2233
f 2222//3 2221//3 2375//3 2376//3 2379//3 2384//3 1998//3 1995//3 1994//3 4835//3 4772//3 4950//3 3085//3 3083//3 2334//3 2333//3
f 2254//2234 2255//2234 2241//2234 2240//2234
f 5169//2235 5170//2235 5153//2235 5157//2235
f 1936//2236 1937//2236 1924//2236 1923//2236
f 5362//2237 5364//2237 5383//2237 5382//2237
f 3770//2238 3756//2238 3757//2238 3759//2238
f 1594//2239 1582//2239 1787//2239 1788//2239
f 4724//2240 4725//2240 4703//2240 4702//2240
f 4953//38 4952//38 4970//38 4969//38
f 4524//3 4495//3 4493//3 4491//3 4489//3 4516//3 4523//3
f 8598//32 8597//32 8587//32 8590//32
f 4961//12 4960//12 4965//12 4964//12
f 4976//3 4986//3 4987//3 4983//3 4984//3 4985//3 4980//3 4981//3 4982//3 4977//3 4978//3 4979//3 4975//3
f 4958//20 4957//20 4974//20 4973//20
f 4978//2241 4977//2241 4988//2241
f 4988//2242 4989//2242 4978//2242
f 4978//2243 4989//2243 4990//2243
f 4978//1302 4990//1302 4979//1302
f 4979//2244 4990//2244 4991//2244
f 4976//2245 4993//2245 4994//2245
f 4976//1506 4994//1506 4986//1506
f 4994//2246 4995//2246 4986//2246
f 4986//2247 4995//2247 4996//2247
f 4986//2248 4996//2248 4987//2248
f 4996//2249 4997//2249 4987//2249
f 4987//2250 4997//2250 4998//2250
f 4987//2251 4998//2251 4983//2251
f 4999//2252 4984//2252 5000//2252
f 5000//2253 4984//2253 4983//2253
f 5000//2254 4983//2254 5001//2254
f 5001//1315 4983//1315 4998//1315
f 4999//2255 5002//2255 4984//2255
f 4984//2256 5002//2256 5003//2256
f 4984//2257 5003//2257 4985//2257
f 5003//2258 5004//2258 4985//2258
f 4985//2259 5004//2259 5005//2259
f 4985//2260 5005//2260 4980//2260
f 5005//162 5006//162 4980//162
f 4980//2261 5006//2261 5007//2261
f 4980//1289 5007//1289 4981//1289
f 5007//2262 5008//2262 4981//2262
f 4981//1368 5008//1368 5009//1368
f 4981//2263 5009//2263 4982//2263
f 5009//2264 5010//2264 4982//2264
f 4982//2265 5010//2265 5011//2265
f 4982//2266 5011//2266 4977//2266
f 4977//1299 5011//1299 5012//1299
f 4977//2267 5012//2267 4988//2267
f 5013//2268 5004//2268 5014//2268
f 5014//2269 5004//2269 5003//2269
f 5052//2270 5053//2270 5043//2270 5042//2270
f 4104//2271 4103//2271 4074//2271 4063//2271
f 5015//2272 4999//2272 5016//2272
f 4999//2273 5000//2273 5016//2273
f 5016//2274 5000//2274 5001//2274
f 5016//2275 5001//2275 5017//2275
f 5001//2276 4998//2276 5017//2276
f 5017//2277 4998//2277 4997//2277
f 5017//2278 4997//2278 5018//2278
f 4997//2279 4996//2279 5018//2279
f 5018//2280 4996//2280 4995//2280
f 5018//2281 4995//2281 5019//2281
f 4995//2282 4994//2282 5019//2282
f 5019//2283 4994//2283 4993//2283
f 5019//2284 4993//2284 5020//2284
f 4993//2285 4992//2285 5020//2285
f 5020//2286 4992//2286 4991//2286
f 5020//2287 4991//2287 5021//2287
f 4991//2288 4990//2288 5021//2288
f 5021//2289 4990//2289 4989//2289
f 5021//2290 4989//2290 5022//2290
f 4989//2291 4988//2291 5022//2291
f 5022//2292 4988//2292 5012//2292
f 5022//2293 5012//2293 5023//2293
f 5012//2294 5011//2294 5023//2294
f 5023//2295 5011//2295 5010//2295
f 5023//2296 5010//2296 5024//2296
f 5010//2297 5009//2297 5024//2297
f 5024//2298 5009//2298 5008//2298
f 5024//2299 5008//2299 5025//2299
f 5008//2300 5007//2300 5025//2300
f 5025//2301 5007//2301 5006//2301
f 5025//1399 5006//1399 5013//1399
f 5013//2302 5006//2302 5005//2302
f 5013//2303 5005//2303 5004//2303
f 3925//2304 3920//2304 3924//2304 3923//2304
f 2291//179 2334//179 2335//179 2289//179
f 6687//4 6697//4 6696//4 6689//4
f 3749//2305 3750//2305 3764//2305 3763//2305
f 5037//2306 5039//2306 5040//2306
f 5037//2307 5040//2307 5036//2307
f 5036//2308 5040//2308 5041//2308
f 5552//2309 5554//2309 5553//2309 5551//2309
f 4390//4 4392//4 4395//4 4397//4 4398//4 4399//4 4400//4 4401//4
f 6840//21 6841//21 6837//21 6838//21 6831//21
f 17//2310 18//2310 23//2310 25//2310 26//2310
f 3401//3 3402//3 3398//3 3399//3 3400//3 3395//3 3396//3 3397//3 3392//3 3393//3 3394//3 3390//3 3391//3
f 3741//2311 3740//2311 3752//2311 3751//2311
f 6552//21 6551//21 6549//21 6531//21 6548//21
f 233//2312 235//2312 234//2312 232//2312
f 593//2313 594//2313 581//2313 580//2313
f 5067//3 5068//3 5064//3 5065//3 5075//3 5076//3 5072//3 5073//3 5074//3 5069//3 5070//3 5071//3 5066//3
f 7232//2314 7233//2314 7211//2314 7205//2314
f 5067//2315 5066//2315 5077//2315
f 5077//2242 5078//2242 5067//2242
f 5067//2316 5078//2316 5079//2316
f 5067//2317 5079//2317 5068//2317
f 5068//2318 5079//2318 5080//2318
f 70//4 6//4 116//4 113//4
f 5065//2319 5082//2319 5083//2319
f 5065//2320 5083//2320 5075//2320
f 5083//2246 5084//2246 5075//2246
f 5075//2247 5084//2247 5085//2247
f 5075//2248 5085//2248 5076//2248
f 5085//1381 5086//1381 5076//1381
f 5076//1382 5086//1382 5087//1382
f 5076//2321 5087//2321 5072//2321
f 5088//1423 5073//1423 5089//1423
f 5089//2253 5073//2253 5072//2253
f 5089//1384 5072//1384 5090//1384
f 5090//1315 5072//1315 5087//1315
f 5088//2322 5091//2322 5073//2322
f 5073//2256 5091//2256 5092//2256
f 5073//1492 5092//1492 5074//1492
f 5092//2323 5093//2323 5074//2323
f 5074//2324 5093//2324 5094//2324
f 5074//2325 5094//2325 5069//2325
f 5094//162 5095//162 5069//162
f 5069//2326 5095//2326 5096//2326
f 5069//1289 5096//1289 5070//1289
f 5096//2327 5097//2327 5070//2327
f 5070//2328 5097//2328 5098//2328
f 5070//2329 5098//2329 5071//2329
f 5098//2330 5099//2330 5071//2330
f 5071//2331 5099//2331 5100//2331
f 5071//2332 5100//2332 5066//2332
f 5066//1500 5100//1500 5101//1500
f 5066//2333 5101//2333 5077//2333
f 5102//2334 5093//2334 5103//2334
f 5103//2335 5093//2335 5092//2335
f 5003//2336 5002//2336 4999//2336 5015//2336 5014//2336
f 5104//2337 5088//2337 5105//2337
f 5088//2338 5089//2338 5105//2338
f 5105//2339 5089//2339 5090//2339
f 5105//2340 5090//2340 5106//2340
f 5090//2341 5087//2341 5106//2341
f 5106//2342 5087//2342 5086//2342
f 5106//2343 5086//2343 5107//2343
f 5086//2344 5085//2344 5107//2344
f 5107//1346 5085//1346 5084//1346
f 5107//2345 5084//2345 5108//2345
f 5084//2346 5083//2346 5108//2346
f 5108//2347 5083//2347 5082//2347
f 5108//1536 5082//1536 5109//1536
f 5082//2348 5081//2348 5109//2348
f 5109//2349 5081//2349 5080//2349
f 5109//2350 5080//2350 5110//2350
f 5080//2351 5079//2351 5110//2351
f 5110//2289 5079//2289 5078//2289
f 5110//2352 5078//2352 5111//2352
f 5078//2353 5077//2353 5111//2353
f 5111//2354 5077//2354 5101//2354
f 5111//2355 5101//2355 5112//2355
f 5101//2294 5100//2294 5112//2294
f 5112//2356 5100//2356 5099//2356
f 5112//2357 5099//2357 5113//2357
f 5099//2358 5098//2358 5113//2358
f 5113//2359 5098//2359 5097//2359
f 5113//2360 5097//2360 5114//2360
f 5097//2361 5096//2361 5114//2361
f 5114//2362 5096//2362 5095//2362
f 5114//1399 5095//1399 5102//1399
f 5102//2302 5095//2302 5094//2302
f 5102//1334 5094//1334 5093//1334
f 1696//543 1719//543 1718//543 1707//543
f 1937//2363 1938//2363 1926//2363 1924//2363
f 5112//3 5113//3 5114//3 5102//3 5103//3 5104//3 5105//3 5106//3 5117//3 5116//3 5115//3 5126//3 5125//3 5124//3 5123//3 5122//3 5111//3
f 5126//2364 5128//2364 5129//2364
f 5126//2307 5129//2307 5125//2307
f 5125//2365 5129//2365 5130//2365
f 4697//219 4700//219 4699//219 4695//219
f 1919//2366 1921//2366 1939//2366 1940//2366
f 5293//288 5305//288 5306//288 5304//288
f 1195//2367 1194//2367 1193//2367 1411//2367 1317//2367 1318//2367 1406//2367 1407//2367 1409//2367 1410//2367 1162//2367 1160//2367 1187//2367 1186//2367 1122//2367 1144//2367 1142//2367 1140//2367 1138//2367 1136//2367 1134//2367 1132//2367 1130//2367 1128//2367 1126//2367 1124//2367 1185//2367 1196//2367
f 1032//456 1034//456 1033//456 1031//456
f 7141//2368 7142//2368 7127//2368 7126//2368
f 3710//2369 3712//2369 3711//2369 3709//2369
f 5148//1529 5149//1529 5139//1529 5138//1529
f 5156//1432 5155//1432 5166//1432
f 5166//2370 5167//2370 5156//2370
f 5156//2243 5167//2243 5168//2243
f 5156//2371 5168//2371 5157//2371
f 5157//1303 5168//1303 5169//1303
f 5154//2372 5171//2372 5172//2372
f 5154//1308 5172//1308 5164//1308
f 5172//2373 5173//2373 5164//2373
f 5164//1310 5173//1310 5174//1310
f 5164//2374 5174//2374 5165//2374
f 5174//2375 5175//2375 5165//2375
f 5165//1382 5175//1382 5176//1382
f 5165//2376 5176//2376 5161//2376
f 5177//2377 5162//2377 5178//2377
f 5178//2253 5162//2253 5161//2253
f 5178//1316 5161//1316 5179//1316
f 5179//1445 5161//1445 5176//1445
f 5177//2378 5180//2378 5162//2378
f 5162//2379 5180//2379 5181//2379
f 5162//2380 5181//2380 5163//2380
f 5181//1287 5182//1287 5163//1287
f 5163//2381 5182//2381 5183//2381
f 5163//2325 5183//2325 5158//2325
f 5183//162 5184//162 5158//162
f 5158//1288 5184//1288 5185//1288
f 5158//1428 5185//1428 5159//1428
f 5185//1367 5186//1367 5159//1367
f 5159//2328 5186//2328 5187//2328
f 5159//2382 5187//2382 5160//2382
f 5187//2330 5188//2330 5160//2330
f 5160//1430 5188//1430 5189//1430
f 5160//2266 5189//2266 5155//2266
f 5155//2383 5189//2383 5190//2383
f 5155//2384 5190//2384 5166//2384
f 5191//2385 5182//2385 5192//2385
f 5192//2386 5182//2386 5181//2386
f 5270//2387 5269//2387 5266//2387 5282//2387 5281//2387
f 5193//2388 5177//2388 5194//2388
f 5177//2389 5178//2389 5194//2389
f 5194//2339 5178//2339 5179//2339
f 5194//2390 5179//2390 5195//2390
f 5179//2391 5176//2391 5195//2391
f 5195//2392 5176//2392 5175//2392
f 5195//2393 5175//2393 5196//2393
f 5175//2394 5174//2394 5196//2394
f 5196//2395 5174//2395 5173//2395
f 5196//2396 5173//2396 5197//2396
f 5173//2397 5172//2397 5197//2397
f 5197//2398 5172//2398 5171//2398
f 5197//2399 5171//2399 5198//2399
f 5171//2400 5170//2400 5198//2400
f 5198//2401 5170//2401 5169//2401
f 5198//2402 5169//2402 5199//2402
f 5169//2403 5168//2403 5199//2403
f 5199//2404 5168//2404 5167//2404
f 5199//2290 5167//2290 5200//2290
f 5167//2405 5166//2405 5200//2405
f 5200//2406 5166//2406 5190//2406
f 5200//2407 5190//2407 5201//2407
f 5190//2408 5189//2408 5201//2408
f 5201//2409 5189//2409 5188//2409
f 5201//2410 5188//2410 5202//2410
f 5188//2411 5187//2411 5202//2411
f 5202//2298 5187//2298 5186//2298
f 5202//2412 5186//2412 5203//2412
f 5186//2413 5185//2413 5203//2413
f 5203//2414 5185//2414 5184//2414
f 5203//2415 5184//2415 5191//2415
f 5191//1462 5184//1462 5183//1462
f 5191//2416 5183//2416 5182//2416
f 5241//2417 5229//2417 5219//2417 5218//2417
f 5518//4 5517//4 5522//4 5521//4
f 5215//2418 5217//2418 5218//2418
f 5215//2307 5218//2307 5214//2307
f 5214//2365 5218//2365 5219//2365
f 1846//2419 1848//2419 1847//2419 1845//2419
f 4427//74 4407//74 4409//74 4414//74 4425//74 4426//74
f 5356//91 5358//91 5380//91 5379//91
f 1510//2420 1502//2420 1507//2420 1509//2420
f 2044//2421 2045//2421 2038//2421 2041//2421
f 5408//163 5409//163 5423//163 5422//163
f 7427//2422 7428//2422 7426//2422 7425//2422
f 5080//2423 5081//2423 5064//2423 5068//2423
f 7655//3 7645//3 7646//3 7654//3
f 1984//2424 1987//2424 1986//2424 1985//2424
f 4011//2425 4013//2425 4012//2425 4010//2425
f 4545//2198 4546//2198 4541//2198 4540//2198
f 313//1257 315//1257 314//1257 312//1257
f 5245//1297 5244//1297 5255//1297
f 5255//2426 5256//2426 5245//2426
f 5245//2243 5256//2243 5257//2243
f 5245//2427 5257//2427 5246//2427
f 5246//2428 5257//2428 5258//2428
f 6696//21 6665//21 6713//21 6716//21
f 5243//1377 5260//1377 5261//1377
f 5243//2429 5261//2429 5253//2429
f 5261//1309 5262//1309 5253//1309
f 5253//1310 5262//1310 5263//1310
f 5253//2248 5263//2248 5254//2248
f 5263//2430 5264//2430 5254//2430
f 5254//2431 5264//2431 5265//2431
f 5254//2321 5265//2321 5250//2321
f 5266//1423 5251//1423 5267//1423
f 5267//1283 5251//1283 5250//1283
f 5267//2432 5250//2432 5268//2432
f 5268//1315 5250//1315 5265//1315
f 5266//2378 5269//2378 5251//2378
f 5251//2433 5269//2433 5270//2433
f 5251//2380 5270//2380 5252//2380
f 5270//2434 5271//2434 5252//2434
f 5252//2435 5271//2435 5272//2435
f 5252//2325 5272//2325 5247//2325
f 5272//162 5273//162 5247//162
f 5247//2436 5273//2436 5274//2436
f 5247//2437 5274//2437 5248//2437
f 5274//1367 5275//1367 5248//1367
f 5248//2328 5275//2328 5276//2328
f 5248//2438 5276//2438 5249//2438
f 5276//2439 5277//2439 5249//2439
f 5249//2440 5277//2440 5278//2440
f 5249//2441 5278//2441 5244//2441
f 5244//1500 5278//1500 5279//1500
f 5244//2442 5279//2442 5255//2442
f 5280//2443 5271//2443 5281//2443
f 5281//2386 5271//2386 5270//2386
f 5140//2444 5152//2444 5151//2444 5537//2444 5539//2444 5559//2444 5540//2444 5558//2444 5556//2444 5554//2444 5552//2444 5550//2444 5548//2444 5546//2444 5544//2444 5542//2444 5321//2444 5320//2444 5319//2444 5318//2444 5330//2444 5329//2444 5328//2444 5327//2444 5326//2444 5325//2444 5724//2444 5849//2444 5850//2444 5848//2444 5367//2444 5365//2444 5363//2444 5361//2444 5359//2444 5357//2444 5355//2444 5353//2444 5351//2444 5059//2444 5058//2444 5057//2444 5056//2444 5055//2444 5054//2444 5053//2444 5052//2444 5051//2444 5847//2444 5844//2444 5843//2444 5241//2444 5240//2444 5239//2444 5238//2444 5237//2444 5236//2444 5235//2444 5234//2444 5233//2444 5232//2444 5231//2444 5230//2444 5842//2444 5841//2444 5438//2444 5437//2444 5436//2444 5435//2444 5433//2444 5431//2444 5428//2444 5427//2444 5653//2444 5651//2444 5146//2444 5145//2444 5144//2444 5143//2444 5142//2444 5141//2444
f 5282//2445 5266//2445 5283//2445
f 5266//2446 5267//2446 5283//2446
f 5283//2447 5267//2447 5268//2447
f 5283//1341 5268//1341 5284//1341
f 5268//2448 5265//2448 5284//2448
f 5284//2449 5265//2449 5264//2449
f 5284//2343 5264//2343 5285//2343
f 5264//1345 5263//1345 5285//1345
f 5285//2450 5263//2450 5262//2450
f 5285//2345 5262//2345 5286//2345
f 5262//2451 5261//2451 5286//2451
f 5286//2452 5261//2452 5260//2452
f 5286//2284 5260//2284 5287//2284
f 5260//2453 5259//2453 5287//2453
f 5287//2454 5259//2454 5258//2454
f 5287//2455 5258//2455 5288//2455
f 5258//2403 5257//2403 5288//2403
f 5288//2456 5257//2456 5256//2456
f 5288//2290 5256//2290 5289//2290
f 5256//2457 5255//2457 5289//2457
f 5289//2458 5255//2458 5279//2458
f 5289//2459 5279//2459 5290//2459
f 5279//2460 5278//2460 5290//2460
f 5290//2461 5278//2461 5277//2461
f 5290//2462 5277//2462 5291//2462
f 5277//2463 5276//2463 5291//2463
f 5291//2464 5276//2464 5275//2464
f 5291//2465 5275//2465 5292//2465
f 5275//2466 5274//2466 5292//2466
f 5292//2467 5274//2467 5273//2467
f 5292//2468 5273//2468 5280//2468
f 5280//1400 5273//1400 5272//1400
f 5280//1463 5272//1463 5271//1463
f 5135//20 5136//20 5119//20 5120//20
f 6932//12 6944//12 6946//12 6930//12
f 8591//21 8598//21 8590//21 8589//21
f 5204//288 5216//288 5217//288 5215//288
f 5364//12 5366//12 5384//12 5383//12
f 410//74 412//74 411//74 409//74
f 5332//4 5334//4 5333//4 5331//4
f 5280//3 5281//3 5282//3 5283//3 5284//3 5285//3 5296//3 5295//3 5294//3 5293//3 5304//3 5303//3 5291//3 5292//3
f 100//16 83//16 85//16 82//16 81//16 99//16
f 5304//2418 5306//2418 5307//2418
f 5304//2307 5307//2307 5303//2307
f 5303//2365 5307//2365 5308//2365
f 5404//20 5405//20 5419//20 5418//20
f 5614//2469 5615//2469 5607//2469 5605//2469
f 5026//208 5038//208 5039//208 5037//208
f 11//21 22//21 21//21 14//21 12//21
f 2786//2470 2793//2470 2792//2470 2789//2470
f 5772//2471 5774//2471 5773//2471 5771//2471
f 2316//2472 2317//2472 2318//2472 2321//2472 2319//2472
f 5333//2473 5335//2473 5336//2473
f 5333//2474 5336//2474 5331//2474
f 5337//2475 5334//2475 5338//2475
f 5338//2476 5334//2476 5332//2476
f 5336//2477 5339//2477 5331//2477
f 5331//2478 5339//2478 5340//2478
f 5331//2479 5340//2479 5332//2479
f 5332//2480 5340//2480 5341//2480
f 5332//2481 5341//2481 5338//2481
f 4952//21 4951//21 4971//21 4970//21
f 587//324 588//324 575//324 574//324
f 5327//2482 5328//2482 5305//2482 5317//2482
f 5343//32 5345//32 5344//32 5342//32
f 1130//2483 1132//2483 1131//2483 1129//2483
f 8337//237 8253//237 8252//237 8292//237
f 6043//134 6045//134 6044//134 6042//134
f 5374//2484 5370//2484 5372//2484
f 5374//2485 5372//2485 5375//2485
f 5375//2486 5372//2486 5348//2486
f 1980//2487 1981//2487 1816//2487 1814//2487
f 2988//11 2930//11 2921//11 2982//11
f 566//2488 568//2488 567//2488 565//2488
f 5389//3 5390//3 5381//3 5382//3 5383//3 5384//3 5385//3 5374//3 5375//3 5376//3 5396//3 5397//3 5398//3 5386//3 5387//3 5388//3
f 5401//21 5402//21 5416//21 5415//21
f 5423//2489 5409//2489 5410//2489 5412//2489
f 6141//12 6139//12 6143//12 6142//12
f 5834//2490 5835//2490 5830//2490 5829//2490
f 5235//384 5236//384 5226//384 5225//384
f 474//2491 476//2491 475//2491 473//2491
f 5705//2492 5851//2492 5858//2492
f 5412//2493 5410//2493 5411//2493
f 3758//2494 3746//2494 3760//2494 3759//2494
f 166//3 162//3 161//3 165//3
f 2143//2495 2132//2495 2131//2495 2142//2495
f 402//4 404//4 403//4 401//4
f 1144//2496 1122//2496 1121//2496 1143//2496
f 1668//2497 1648//2497 1647//2497 1667//2497
f 3553//2498 3555//2498 3582//2498 3573//2498
f 7813//2499 7786//2499 7787//2499 7812//2499
f 5402//231 5403//231 5417//231 5416//231
f 5424//2500 5437//2500 5438//2500
f 6729//3 6727//3 6723//3 6722//3
f 5373//2501 5349//2501 5348//2501 5372//2501
f 5581//2502 5578//2502 5597//2502 5596//2502
f 5456//4 5458//4 5454//4 5452//4 5450//4 5451//4 5453//4 5460//4 5459//4 5457//4 5455//4
f 3655//2503 3637//2503 3638//2503 3657//2503
f 5462//2504 5449//2504 5448//2504 5461//2504
f 5431//2505 5433//2505 5432//2505 5430//2505
f 1520//2506 1521//2506 1541//2506 1542//2506
f 5453//2507 5451//2507 5466//2507
f 2316//2508 2319//2508 2310//2508 2306//2508
f 5466//1653 5467//1653 5453//1653
f 5453//2509 5467//2509 5468//2509
f 5453//2510 5468//2510 5460//2510
f 5468//1656 5469//1656 5460//1656
f 5460//2511 5469//2511 5470//2511
f 5460//2512 5470//2512 5459//2512
f 5470//1659 5471//1659 5459//1659
f 5459//2513 5471//2513 5472//2513
f 5459//2514 5472//2514 5457//2514
f 5472//2515 5473//2515 5457//2515
f 5457//2516 5473//2516 5474//2516
f 5457//2517 5474//2517 5455//2517
f 5474//2518 5475//2518 5455//2518
f 5455//2519 5475//2519 5476//2519
f 5455//2520 5476//2520 5456//2520
f 5476//2521 5477//2521 5456//2521
f 5456//2522 5477//2522 5478//2522
f 5456//2523 5478//2523 5458//2523
f 5478//2524 5479//2524 5458//2524
f 5458//2525 5479//2525 5480//2525
f 5458//2526 5480//2526 5454//2526
f 5480//2527 5481//2527 5454//2527
f 5454//2528 5481//2528 5482//2528
f 5454//2529 5482//2529 5452//2529
f 5482//2530 5483//2530 5452//2530
f 7487//2531 7454//2531 7453//2531 7486//2531
f 4104//2532 4217//2532 4221//2532 4108//2532
f 5510//2533 5507//2533 5508//2533 5505//2533
f 5462//2534 5485//2534 5486//2534
f 2724//2535 2723//2535 2737//2535 2740//2535
f 5464//2536 5487//2536 5488//2536
f 5465//2537 5489//2537 5466//2537
f 5490//2538 5477//2538 5491//2538
f 5491//2539 5477//2539 5476//2539
f 8176//2540 8177//2540 8174//2540 8175//2540
f 5493//2541 5474//2541 5473//2541
f 5493//2542 5473//2542 5494//2542
f 5473//2543 5472//2543 5494//2543
f 5494//2544 5472//2544 5471//2544
f 5494//2545 5471//2545 5495//2545
f 5471//2546 5470//2546 5495//2546
f 5495//2547 5470//2547 5469//2547
f 5495//2548 5469//2548 5496//2548
f 5469//2549 5468//2549 5496//2549
f 5496//2550 5468//2550 5467//2550
f 5496//2551 5467//2551 5497//2551
f 5467//2552 5466//2552 5497//2552
f 5497//1698 5466//1698 5489//1698
f 5497//2553 5489//2553 5498//2553
f 5489//2554 5488//2554 5498//2554
f 5498//2555 5488//2555 5487//2555
f 5498//2556 5487//2556 5499//2556
f 5487//2557 5486//2557 5499//2557
f 5499//2558 5486//2558 5485//2558
f 5499//2559 5485//2559 5500//2559
f 5485//2560 5484//2560 5500//2560
f 5500//2561 5484//2561 5483//2561
f 5500//2562 5483//2562 5501//2562
f 5483//2563 5482//2563 5501//2563
f 5501//2564 5482//2564 5481//2564
f 5501//2565 5481//2565 5502//2565
f 5481//2566 5480//2566 5502//2566
f 5502//2567 5480//2567 5479//2567
f 5502//2568 5479//2568 5490//2568
f 5490//2569 5479//2569 5478//2569
f 5490//2570 5478//2570 5477//2570
f 5503//2571 5504//2571 5505//2571
f 5508//2572 5509//2572 5503//2572
f 5503//2573 5505//2573 5508//2573
f 6343//3 6346//3 6342//3 6341//3
f 5507//2574 5510//2574 5511//2574
f 6474//4 6475//4 6465//4 6473//4
f 442//2143 444//2143 443//2143 441//2143
f 756//2575 758//2575 757//2575 755//2575
f 8039//2576 8038//2576 8041//2576 8040//2576
f 8000//1150 8001//1150 7947//1150 7946//1150
f 1920//2577 1922//2577 1921//2577 1919//2577
f 3602//2578 3791//2578 3603//2578
f 5529//2579 5528//2579 5530//2579
f 5530//2580 5528//2580 5527//2580
f 5530//2581 5527//2581 5531//2581
f 6251//3 6253//3 6252//3 6250//3
f 5716//2582 5715//2582 5853//2582 5852//2582
f 5543//2583 5544//2583 5545//2583
f 1945//2584 1946//2584 1827//2584 1908//2584
f 112//20 6//20 70//20 111//20
f 740//2585 718//2585 717//2585 739//2585
f 6267//4 6266//4 6264//4 6262//4 6297//4 6299//4 6300//4 6296//4 6277//4 6274//4 6273//4 6272//4 6271//4 6270//4 6269//4 6268//4
f 5557//2586 5558//2586 5540//2586
f 3151//2587 3150//2587 3147//2587 3163//2587 3162//2587
f 5532//2588 5533//2588 5561//2588
f 5562//2589 5563//2589 5564//2589
f 5564//2590 5563//2590 5565//2590
f 5566//2591 5567//2591 5565//2591
f 5565//2592 5567//2592 5568//2592
f 5565//2593 5568//2593 5564//2593
f 5569//2594 5570//2594 5566//2594
f 5566//2595 5570//2595 5571//2595
f 5566//2596 5571//2596 5567//2596
f 5572//2597 5573//2597 5569//2597
f 5569//2598 5573//2598 5574//2598
f 5569//2599 5574//2599 5570//2599
f 5575//2600 5576//2600 5572//2600
f 5572//2601 5576//2601 5577//2601
f 5572//2602 5577//2602 5573//2602
f 5578//2603 5579//2603 5575//2603
f 5575//2604 5579//2604 5580//2604
f 5575//2605 5580//2605 5576//2605
f 5581//2606 5582//2606 5578//2606
f 5578//2607 5582//2607 5583//2607
f 5578//2608 5583//2608 5579//2608
f 5584//2609 5585//2609 5581//2609
f 5581//2610 5585//2610 5586//2610
f 5581//2611 5586//2611 5582//2611
f 5587//2612 5588//2612 5584//2612
f 5584//2613 5588//2613 5589//2613
f 5584//2614 5589//2614 5585//2614
f 5536//2615 5590//2615 5591//2615
f 5536//2616 5591//2616 5587//2616
f 5587//2617 5591//2617 5592//2617
f 5587//2618 5592//2618 5588//2618
f 5931//4 5932//4 5927//4 5930//4
f 6038//3 6063//3 6044//3 6037//3
f 8363//62 8367//62 8362//62 8361//62
f 8448//33 8450//33 8449//33 8447//33
f 5240//2619 5241//2619 5218//2619 5217//2619
f 2054//2620 2006//2620 2005//2620 2064//2620 2036//2620 2052//2620 2053//2620
f 5593//2621 5534//2621 5536//2621
f 7015//237 7016//237 7011//237 7013//237
f 5147//3 5146//3 5651//3 5636//3 5613//3 5537//3 5151//3 5150//3 5149//3 5148//3
f 2247//202 2235//202 2229//202 2228//202
f 5330//2417 5318//2417 5308//2417 5307//2417
f 5533//2622 5563//2622 5561//2622
f 5604//2623 5605//2623 5606//2623
f 5606//2624 5605//2624 5607//2624
f 5606//2625 5607//2625 5608//2625
f 5608//2626 5607//2626 5609//2626
f 8163//2627 8152//2627 8161//2627 8162//2627
f 2536//2628 2537//2628 2573//2628 2558//2628
f 2655//2629 2657//2629 2678//2629
f 1722//2630 1723//2630 1672//2630 1670//2630
f 8013//2631 8015//2631 8017//2631 8007//2631 8343//2631 8054//2631 8055//2631 8049//2631 8048//2631 8047//2631 8042//2631 8043//2631 8044//2631 8045//2631 8046//2631 8056//2631 8057//2631 8058//2631 8059//2631 8050//2631 8051//2631 8036//2631 8028//2631 8031//2631 8033//2631 8035//2631 8026//2631 8020//2631 8023//2631 8025//2631 8018//2631 8010//2631
f 5901//2632 5894//2632 5895//2632 5899//2632
f 2878//2633 2891//2633 2892//2633 2879//2633
f 3677//2634 3654//2634 3653//2634 3642//2634 3676//2634
f 2811//2635 2769//2635 2813//2635 2815//2635
f 5620//2636 5535//2636 5621//2636
f 5593//2637 5622//2637 5621//2637 5534//2637
f 7745//2638 7756//2638 7758//2638 7760//2638 7763//2638 7762//2638 7765//2638 7753//2638 7751//2638 7749//2638 7747//2638
f 5538//2639 5540//2639 5559//2639 5539//2639 5537//2639 5613//2639 5612//2639 5618//2639 5623//2639
f 5625//2640 5626//2640 5606//2640
f 5606//2641 5626//2641 5627//2641
f 6224//2642 6228//2642 6229//2642 6222//2642
f 5289//3 5290//3 5291//3 5303//3 5302//3 5301//3 5300//3 5299//3 5298//3 5297//3 5296//3 5285//3 5286//3 5287//3 5288//3
f 5631//2643 5604//2643 5606//2643
f 2602//629 2601//629 2600//629 2599//629 2598//629 2597//629 2596//629 2595//629 2594//629 2593//629 2592//629 2591//629 2590//629 2589//629 2587//629 2588//629 2654//629 3029//629 3030//629 3031//629 3032//629 3033//629 2643//629 2640//629 2639//629 2637//629 2636//629 2635//629 2634//629 2633//629 2632//629 2631//629 2630//629 2629//629 2628//629 2627//629 2626//629 2623//629 2624//629 2625//629 2622//629 2621//629 2620//629 2619//629 2618//629 2617//629 2616//629 2615//629 2614//629 2613//629 2612//629 2611//629 2610//629 2609//629 2608//629 2607//629 2606//629 2605//629 2604//629 2603//629
f 5839//2644 5730//2644 5727//2644 5840//2644
f 5631//2645 5632//2645 5637//2645
f 5637//26 5632//26 5638//26
f 5633//2646 5634//2646 5639//2646
f 5639//2647 5634//2647 5635//2647
f 5639//2648 5635//2648 5640//2648
f 3950//2649 3951//2649 3942//2649 3891//2649
f 7929//2650 7857//2650 7845//2650 7928//2650
f 5626//2651 5643//2651 5642//2651 5627//2651
f 2174//2652 2156//2652 2155//2652 2175//2652
f 1905//100 1922//100 1942//100 1943//100
f 5629//2653 5628//2653 5641//2653
f 2187//2654 2185//2654 2188//2654 2186//2654
f 2530//2655 2531//2655 2525//2655 2517//2655 2516//2655
f 5645//2656 5633//2656 5639//2656
f 5645//2657 5639//2657 5648//2657
f 1872//2658 1966//2658 1969//2658 1881//2658
f 5651//2659 5653//2659 5654//2659
f 5640//2660 5651//2660 5652//2660
f 5652//2661 5651//2661 5654//2661
f 5652//2662 5654//2662 5655//2662
f 5657//2663 5658//2663 5656//2663
f 5652//2664 5655//2664 5657//2664
f 5650//2665 5531//2665 5659//2665 5647//2665 5646//2665 5649//2665
f 5657//2666 5656//2666 5652//2666
f 3608//2667 3609//2667 3594//2667 4378//2667
f 5658//3 5660//3 5656//3
f 5658//74 5506//74 5511//74 5514//74 5521//74 5522//74 5660//74
f 5990//2668 5991//2668 5983//2668 5982//2668
f 7276//2669 7277//2669 7268//2669 7269//2669
f 6281//2670 6283//2670 6282//2670 6280//2670
f 6704//21 6725//21 6728//21 6729//21 6722//21
f 5671//134 5690//134 5692//134 5691//134
f 5674//74 5675//74 5670//74 4794//74 5672//74
f 5664//4 5662//4 5666//4 5678//4 5676//4 5675//4 5680//4 5681//4
f 7788//2671 7772//2671 7746//2671 7748//2671 7750//2671 7752//2671 7754//2671 7766//2671 7761//2671 7774//2671 7791//2671 7792//2671 7793//2671 7790//2671 7789//2671
f 6514//1413 6516//1413 6515//1413 6513//1413
f 5682//3 5683//3 5686//3 5687//3 5688//3 5669//3 5670//3 5677//3 5679//3 5665//3 5661//3 5663//3
f 6169//26 6168//26 6174//26 6175//26
f 8551//3 8552//3 8554//3 8553//3
f 4796//134 4797//134 5686//134 5683//134
f 6177//12 6182//12 6183//12 6179//12
f 6177//4 6179//4 6178//4 6176//4
f 6231//26 6223//26 6222//26 6229//26 6227//26 6233//26 6232//26 6230//26
f 5936//134 5940//134 5956//134 5957//134
f 1762//1946 1763//1946 1578//1946 1576//1946
f 522//2672 524//2672 523//2672 521//2672
f 5702//32 5692//32 5690//32 5689//32 5688//32 5687//32
f 848//2673 826//2673 825//2673 847//2673
f 5316//12 5317//12 5294//12 5295//12
f 5507//2674 5511//2674 5506//2674
f 5706//74 5346//74 5347//74 5516//74 5504//74 5503//74 5509//74 5705//74
f 5707//3 5706//3 5705//3
f 64//20 62//20 61//20 63//20
f 8543//2675 8500//2675 8498//2675 8544//2675
f 5318//2676 5319//2676 5309//2676 5308//2676
f 8420//4 8419//4 8422//4 8424//4
f 5711//33 5515//33 5516//33 5347//33 5342//33 5344//33 5709//33
f 5712//2677 5512//2677 5711//2677
f 5711//2678 5512//2678 5515//2678
f 5712//2679 5713//2679 5512//2679
f 5512//2680 5713//2680 5714//2680
f 5512//2681 5714//2681 5513//2681
f 8457//2682 8458//2682 8460//2682 8459//2682
f 8432//4 8430//4 8429//4 8431//4
f 2146//2683 2145//2683 2167//2683 2170//2683
f 5718//2684 5524//2684 5719//2684
f 5719//2685 5524//2685 5523//2685
f 5719//2686 5523//2686 5717//2686
f 7343//2687 7313//2687 7312//2687 7289//2687
f 5728//2688 5729//2688 5720//2688
f 2785//2689 2786//2689 2789//2689 2787//2689 2788//2689 2790//2689 2791//2689 2784//2689 2773//2689 2772//2689 2780//2689 2782//2689 2778//2689 2777//2689 2762//2689 2761//2689 2764//2689 2759//2689 2755//2689 2754//2689
f 5720//2690 5730//2690 5728//2690
f 293//1269 295//1269 294//1269 292//1269
f 6049//74 6047//74 6042//74 6048//74
f 4402//32 4398//32 4397//32 4396//32
f 5365//745 5367//745 5366//745 5364//745
f 8305//1582 8307//1582 8306//1582 8304//1582
f 2251//2691 2252//2691 2238//2691 2237//2691
f 5764//2692 5765//2692 5766//2692
f 5766//2693 5765//2693 5760//2693
f 5783//2694 5766//2694 5760//2694 5777//2694
f 497//2695 496//2695 512//2695 509//2695
f 369//2696 373//2696 372//2696 371//2696
f 5781//2697 5782//2697 5777//2697
f 2030//2698 2028//2698 2025//2698 2022//2698 2001//2698
f 5326//1529 5327//1529 5317//1529 5316//1529
f 8569//3 8570//3 8567//3 8568//3
f 2207//2699 2188//2699 2185//2699 2189//2699
f 5770//2700 5785//2700 5772//2700
f 2846//2701 2848//2701 2850//2701 2851//2701
f 2850//2702 2848//2702 2844//2702 2849//2702
f 5788//2703 5774//2703 5772//2703
f 5788//2704 5772//2704 5789//2704
f 5634//2705 5610//2705 5611//2705 5612//2705 5635//2705
f 1466//2706 1480//2706 1535//2706 1534//2706 1530//2706
f 5790//2707 5788//2707 5792//2707
f 5792//2708 5788//2708 5789//2708
f 1910//2709 1907//2709 1908//2709 1865//2709 1864//2709 1906//2709
f 5797//334 5798//334 5762//334 5761//334 5779//334 5778//334 5795//334 5796//334
f 2707//1012 2710//1012 2709//1012 2706//1012
f 5746//2710 5744//2710 5742//2710 5741//2710 5749//2710 5754//2710 5752//2710 5751//2710 5756//2710 5795//2710 5778//2710 5780//2710 5781//2710 5777//2710 5767//2710 5769//2710 5771//2710 5773//2710 5775//2710 5794//2710 5739//2710 5737//2710
f 6837//3 6836//3 6839//3 6838//3
f 5476//2711 5475//2711 5492//2711 5491//2711
f 1825//993 1827//993 1946//993 1947//993
f 514//134 518//134 517//134 516//134
f 472//2712 474//2712 473//2712 471//2712
f 4345//2713 4346//2713 4341//2713 4340//2713
f 4876//2714 4877//2714 4872//2714 4874//2714
f 2290//2715 2292//2715 2293//2715 2291//2715 2289//2715
f 8501//2716 8499//2716 8498//2716 8500//2716
f 5648//2717 5647//2717 5659//2717 5799//2717 5800//2717
f 5638//2718 5629//2718 5637//2718
f 5637//2719 5629//2719 5641//2719
f 5648//2720 5800//2720 5801//2720 5604//2720 5631//2720 5637//2720 5642//2720 5643//2720 5644//2720 5645//2720
f 2092//2721 2094//2721 2096//2721
f 5735//2722 5718//2722 5723//2722 5725//2722 5722//2722 5721//2722
f 5642//2723 5637//2723 5641//2723
f 3483//2724 4336//2724 4337//2724 3533//2724
f 5605//2725 5802//2725 5803//2725
f 5605//2726 5803//2726 5614//2726
f 1913//2727 1901//2727 1914//2727 1912//2727
f 5619//2728 5803//2728 5804//2728
f 2776//2729 2768//2729 2783//2729 2781//2729 2779//2729
f 5590//2730 5804//2730 5805//2730
f 5806//2731 5586//2731 5807//2731
f 5807//2732 5586//2732 5585//2732
f 5809//2733 5588//2733 5592//2733
f 5809//2734 5592//2734 5805//2734
f 5805//2735 5592//2735 5591//2735
f 5805//2736 5591//2736 5590//2736
f 5810//2737 5603//2737 5811//2737
f 5811//2738 5603//2738 5562//2738
f 5811//2739 5562//2739 5812//2739
f 5562//2740 5564//2740 5812//2740
f 5812//2741 5564//2741 5568//2741
f 5812//2742 5568//2742 5813//2742
f 5813//2743 5568//2743 5567//2743
f 5815//2744 5570//2744 5574//2744
f 5815//2745 5574//2745 5816//2745
f 5574//2746 5573//2746 5816//2746
f 5816//2747 5573//2747 5577//2747
f 5816//2748 5577//2748 5817//2748
f 5817//2749 5577//2749 5576//2749
f 5819//2750 5579//2750 5583//2750
f 5819//2751 5583//2751 5806//2751
f 5806//2752 5583//2752 5582//2752
f 5806//2753 5582//2753 5586//2753
f 2492//2754 2521//2754 2514//2754 2513//2754 2564//2754 2520//2754 2475//2754 2476//2754 2479//2754 2480//2754 2483//2754 2484//2754 2487//2754 2488//2754 2491//2754
f 3566//2755 3567//2755 3562//2755 3561//2755 4312//2755
f 2305//2756 2306//2756 2300//2756 2302//2756 2303//2756 2304//2756
f 8215//2757 8216//2757 8209//2757 8204//2757
f 2962//2758 2961//2758 2967//2758 2966//2758
f 5561//2759 5825//2759 5532//2759
f 5532//2760 5825//2760 5826//2760
f 2527//2761 2646//2761 2645//2761 2528//2761 2529//2761
f 3556//2762 3558//2762 3557//2762 3555//2762
f 4479//32 4923//32 4924//32 4477//32
f 8201//2763 8198//2763 8199//2763 8200//2763
f 3793//2764 4347//2764 4343//2764 4333//2764
f 4298//2765 4301//2765 4297//2765 4281//2765
f 2570//2766 2573//2766 2572//2766 2571//2766
f 5837//2767 5836//2767 5840//2767 5727//2767 5726//2767
f 2807//2768 2804//2768 2756//2768 2766//2768 2806//2768
f 5730//2769 5839//2769 5838//2769
f 5730//2770 5838//2770 5728//2770
f 3793//2771 3795//2771 4354//2771 4347//2771
f 458//2772 460//2772 459//2772 457//2772
f 8524//26 8521//26 8522//26 8523//26
f 6020//32 6025//32 6024//32 6022//32
f 5737//1946 5739//1946 5738//1946 5736//1946
f 8398//20 8414//20 8411//20 8410//20 8408//20 8406//20 8404//20 8402//20 8400//20 8435//20 8439//20 8437//20 8436//20 8418//20 8417//20 8394//20 8392//20 8396//20
f 8505//20 8506//20 8504//20 8488//20 8490//20 8503//20
f 7009//228 6957//228 6959//228 6958//228
f 7017//126 7015//126 7013//126 7014//126
f 6896//4 6898//4 6897//4 6901//4 6877//4 6876//4 6852//4 6847//4
f 5777//2773 5760//2773 5758//2773 5759//2773 5768//2773 5767//2773
f 6977//1961 6979//1961 6978//1961 6976//1961
f 6962//32 6963//32 6958//32 6960//32
f 6629//12 6631//12 6630//12 6628//12
f 2142//2774 2131//2774 2139//2774 2141//2774
f 3563//2775 3564//2775 3558//2775 3556//2775
f 2414//203 2416//203 2415//203 2413//203
f 278//2776 279//2776 265//2776 264//2776
f 6522//26 6546//26 6543//26 6523//26
f 5843//3 5842//3 5230//3 5229//3 5241//3
f 8390//3 8372//3 8371//3 8388//3 8415//3 8418//3 8436//3 8434//3 8433//3 8435//3 8400//3 8399//3
f 6560//2777 6561//2777 6559//2777
f 5849//2778 5723//2778 5852//2778
f 5849//2779 5852//2779 5853//2779
f 5855//2780 5847//2780 5845//2780
f 4370//2781 4435//2781 4368//2781 4369//2781
f 5856//2782 5845//2782 5846//2782
f 5856//2783 5846//2783 5857//2783
f 5857//2784 5846//2784 5848//2784
f 5857//2785 5848//2785 5853//2785
f 5853//2786 5848//2786 5850//2786
f 5853//2787 5850//2787 5849//2787
f 5851//2788 5842//2788 5858//2788
f 5858//2789 5842//2789 5843//2789
f 5858//2790 5843//2790 5854//2790
f 5854//2791 5843//2791 5844//2791
f 5854//2792 5844//2792 5847//2792
f 5707//2793 5705//2793 5858//2793
f 5750//993 5757//993 5756//993 5751//993
f 5708//2794 5855//2794 5710//2794
f 5710//2795 5856//2795 5709//2795
f 5709//2796 5856//2796 5857//2796
f 3787//2797 3785//2797 4363//2797 4362//2797
f 4362//2798 4356//2798 3791//2798 3792//2798
f 5855//2799 5338//2799 5341//2799
f 5341//2800 5340//2800 5854//2800
f 5854//2801 5340//2801 5339//2801
f 5854//2802 5339//2802 5858//2802
f 5858//2803 5339//2803 5336//2803
f 3745//2804 3744//2804 3748//2804 3747//2804
f 6927//2805 6933//2805 6936//2805 6935//2805 6934//2805
f 8493//21 8502//21 8555//21 8556//21
f 8574//4 8572//4 8571//4 8573//4
f 2197//2806 2199//2806 2201//2806 2202//2806
f 8526//3 8524//3 8523//3 8525//3
f 6619//2807 6618//2807 6621//2807 6620//2807
f 7407//2808 7408//2808 7380//2808 7385//2808
f 6218//4 6220//4 6215//4 6212//4
f 8370//12 8369//12 8366//12 8364//12
f 2204//2809 2191//2809 2190//2809 2187//2809 2186//2809 2206//2809 2211//2809 2216//2809
f 3095//203 3097//203 3096//203 3094//203
f 6464//4 6468//4 6467//4 6466//4
f 3103//26 3105//26 3104//26 3102//26
f 193//12 198//12 200//12 194//12
f 16//12 18//12 17//12 15//12
f 6997//3 6994//3 6995//3 6996//3
f 1630//2810 1764//2810 1767//2810 1629//2810
f 8487//2811 8516//2811 8514//2811 8486//2811
f 6874//2812 6875//2812 6871//2812 6873//2812
f 7161//2813 7128//2813 7112//2813 7160//2813
f 5145//2814 5146//2814 5136//2814 5135//2814
f 2587//2815 2589//2815 2584//2815 2583//2815
f 5995//2816 5996//2816 5988//2816 5987//2816
f 5866//2817 5862//2817 5861//2817 5738//2817 1569//2817 1567//2817 1565//2817 1563//2817 1561//2817 5865//2817 5870//2817 5869//2817 5867//2817
f 7434//2818 7433//2818 7435//2818 7436//2818
f 3501//2819 3502//2819 4328//2819 4327//2819
f 5972//2820 5971//2820 5978//2820 5977//2820
f 5871//2821 5861//2821 5862//2821
f 6338//3 6340//3 6339//3 6337//3
f 5866//2822 5873//2822 5874//2822
f 1525//2823 1523//2823 1551//2823 1552//2823
f 5862//2824 5875//2824 5871//2824
f 6811//1735 6812//1735 6798//1735 6810//1735
f 5869//2825 5878//2825 5879//2825
f 2555//577 2556//577 2550//577 2548//577 2540//577 2539//577
f 3872//2826 3884//2826 3889//2826 3873//2826
f 5864//2827 5882//2827 5883//2827
f 5871//2828 5884//2828 5861//2828
f 5860//2829 5885//2829 5886//2829
f 5860//2830 5886//2830 5859//2830
f 5859//2831 5886//2831 5887//2831
f 2321//2832 2315//2832 2276//2832 2277//2832 2339//2832 2328//2832 2327//2832
f 5884//2833 5871//2833 5885//2833
f 1999//2834 2001//2834 2022//2834
f 5885//2835 5888//2835 5886//2835
f 5886//2836 5888//2836 5887//2836
f 1441//2837 5889//2837 5880//2837
f 5880//2838 5889//2838 5882//2838
f 5880//2839 5882//2839 5881//2839
f 2716//2840 2712//2840 2677//2840 2687//2840 2715//2840
f 5624//2841 5641//2841 5628//2841
f 5890//2842 5891//2842 5876//2842
f 5876//2843 5891//2843 5878//2843
f 5876//2844 5878//2844 5877//2844
f 3574//2845 3573//2845 3600//2845 3598//2845
f 5892//2846 5874//2846 5873//2846
f 5874//2847 5892//2847 5875//2847
f 5875//2848 5892//2848 1453//2848
f 4067//2849 4065//2849 4102//2849 4099//2849
f 1914//2850 1917//2850 1916//2850 1915//2850
f 2687//2851 2689//2851 2697//2851
f 5892//2852 1417//2852 1453//2852
f 1419//2853 1456//2853 1453//2853 1417//2853
f 5727//2854 5730//2854 5720//2854 5721//2854 5722//2854
f 2193//2855 2205//2855 2194//2855 2192//2855
f 5879//2856 5878//2856 1420//2856
f 1420//2857 5878//2857 5891//2857
f 1420//2858 5891//2858 1421//2858
f 1421//2859 5891//2859 5890//2859
f 3540//2860 3517//2860 3570//2860 3569//2860
f 1429//2861 1440//2861 1439//2861 1437//2861 1434//2861
f 1707//2862 1691//2862 1690//2862 1706//2862
f 1428//2863 5882//2863 5889//2863
f 1428//2864 5889//2864 1429//2864
f 1429//2865 5889//2865 1441//2865
f 2094//2866 2105//2866 2103//2866 2100//2866 2096//2866
f 1442//2867 5887//2867 5888//2867
f 5609//2868 5611//2868 5610//2868 5608//2868
f 7041//2869 7073//2869 7074//2869 7039//2869
f 1697//2870 1703//2870 1695//2870 1696//2870
f 1427//2871 5888//2871 1425//2871
f 5890//379 5897//379 5896//379
f 5897//2872 5898//2872 5899//2872
f 5900//2873 1424//2873 1422//2873
f 2706//2632 2709//2632 2708//2632 2705//2632
f 6703//4 6717//4 6649//4 6665//4 6696//4 6701//4 6699//4 6718//4 6710//4 6707//4 6704//4
f 1436//1022 1435//1022 1438//1022 1433//1022 1432//1022 1444//1022 1449//1022 1451//1022 1447//1022 1446//1022 1455//1022 1459//1022 1461//1022 1457//1022 1423//1022 1424//1022 5900//1022 5901//1022 5899//1022 5898//1022
f 3506//2874 3503//2874 3544//2874 3543//2874
f 5387//2875 5386//2875 5410//2875 5409//2875
f 4084//2876 4086//2876 4085//2876 4083//2876
f 8248//2877 8226//2877 8249//2877
f 2442//163 2444//163 2443//163 2441//163
f 6917//12 6918//12 6923//12 6924//12 6925//12 6913//12 6912//12 6911//12 6909//12 6907//12 6903//12 6905//12 6922//12 6921//12
f 5616//2878 5617//2878 5611//2878 5609//2878
f 5230//2879 5231//2879 5221//2879 5220//2879
f 6833//1265 6842//1265 6836//1265 6835//1265
f 868//324 870//324 869//324 867//324
f 2482//2880 2484//2880 2483//2880 2481//2880
f 3290//2881 3291//2881 3281//2881 3280//2881
f 6494//3 6496//3 6495//3 6493//3
f 6939//21 6941//21 6940//21 6937//21
f 5918//4 5922//4 5944//4 5919//4
f 1101//21 1097//21 1112//21 1109//21
f 5931//33 5951//33 5949//33 5932//33 5946//33 5950//33 5952//33 5947//33
f 1834//134 1836//134 1835//134 1833//134
f 5945//74 5925//74 5923//74 5926//74 5954//74 5953//74 5950//74 5946//74
f 8400//21 8402//21 8401//21 8399//21
f 6124//2882 6123//2882 6132//2882 6133//2882
f 8378//20 8375//20 8376//20 8377//20
f 5921//134 5919//134 5944//134 5953//134 5945//134 5948//134 5955//134 5943//134
f 8473//21 8475//21 8464//21 8360//21
f 5947//32 5937//32 5935//32 5938//32 5948//32
f 1546//2883 1539//2883 1532//2883 1547//2883
f 5955//4 5952//4 5940//4 5941//4 5942//4 5953//4
f 6933//21 6931//21 6947//21 6936//21
f 2286//2884 2348//2884 2347//2884 2285//2884
f 6198//2885 6197//2885 6186//2885 6185//2885
f 8411//12 8412//12 8409//12 8410//12
f 7400//2886 7389//2886 7388//2886 7399//2886 7398//2886
f 8195//2887 8196//2887 8197//2887 8194//2887
f 5972//2888 5977//2888 5976//2888 5973//2888
f 6991//2889 6969//2889 6968//2889 6990//2889
f 1657//2890 1655//2890 1692//2890 1689//2890
f 6679//2891 6682//2891 6681//2891 6677//2891
f 5987//3 5988//3 5989//3 5976//3 5977//3 5978//3 5979//3 5980//3 5981//3 5975//3 5974//3 5982//3 5983//3 5984//3 5985//3 5986//3
f 6922//26 6940//26 6941//26 6923//26 6918//26 6915//26 6919//26
f 8417//4 8416//4 8393//4 8394//4
f 5998//2892 5999//2892 5991//2892 5990//2892
f 7545//2893 7548//2893 7555//2893 7556//2893
f 178//113 124//113 126//113 125//113
f 8170//2894 8171//2894 8157//2894 8159//2894
f 6004//2895 6005//2895 5997//2895 5996//2895
f 6557//12 6556//12 6558//12 6563//12 6562//12
f 2702//1018 2703//1018 2701//1018 2700//1018
f 8388//21 8371//21 8373//21 8375//21 8378//21 8380//21 8382//21 8383//21 8385//21 8387//21
f 2342//2896 2277//2896 2278//2896 2341//2896
f 5997//32 6005//32 6009//32 6012//32 6013//32 6014//32 5957//32 5956//32 5942//32 5924//32 6010//32 6011//32 6006//32 5998//32 5990//32 5982//32 5974//32 5966//32 5960//32 5959//32 5973//32 5976//32 5989//32
f 141//2897 143//2897 142//2897 140//2897
f 7446//237 7437//237 7465//237 7466//237 7460//237 7459//237 7458//237 7453//237 7454//237 7455//237 7456//237 7457//237 7418//237 7417//237 7451//237 7452//237 7447//237 7439//237 7442//237 7444//237
f 6001//3 6000//3 5999//3 5998//3 6006//3 6007//3 6008//3 6009//3 6005//3 6004//3 6003//3 6002//3
f 6012//2898 6009//2898 6008//2898
f 6013//2899 6012//2899 6016//2899
f 6016//2900 6012//2900 6008//2900
f 6015//2901 6007//2901 6006//2901
f 2111//2902 2110//2902 2125//2902 2144//2902
f 6016//2903 6017//2903 6014//2903 6013//2903
f 6010//2904 6018//2904 6015//2904 6011//2904
f 6439//3 6441//3 6440//3 6438//3
f 3407//162 3408//162 3391//162 3390//162
f 6002//2905 6003//2905 5995//2905 5994//2905
f 6148//3 6149//3 6150//3 6152//3
f 5629//2906 5638//2906 5630//2906
f 6020//3 6022//3 6021//3 6019//3
f 7059//2907 7031//2907 7029//2907 7058//2907
f 8360//20 8364//20 8366//20 8365//20 8363//20 8361//20
f 2473//1881 2475//1881 2602//1881 2603//1881
f 196//32 202//32 203//32 197//32
f 5319//2879 5320//2879 5310//2879 5309//2879
f 576//217 577//217 808//217 809//217
f 6691//12 6697//12 6687//12 6686//12 6692//12
f 2926//894 2993//894 2992//894 2925//894
f 6054//134 6053//134 6051//134 6050//134 6068//134 6067//134 6069//134 6070//134
f 6086//476 6087//476 6081//476 6080//476
f 6084//2908 6085//2908 6079//2908 6078//2908
f 1579//2909 1581//2909 1784//2909 1785//2909
f 6069//32 6067//32 6043//32 6046//32 6072//32
f 6045//32 6043//32 6067//32 6066//32 6071//32 6069//32 6072//32
f 622//21 624//21 623//21 621//21
f 5595//2910 5596//2910 5555//2910 5557//2910
f 6028//32 6033//32 6032//32 6030//32
f 1100//91 1102//91 1108//91 1111//91
f 6070//134 6068//134 6050//134 6054//134
f 6074//4 6060//4 6061//4 6073//4 6070//4 6069//4 6062//4
f 6949//26 6948//26 6898//26 6940//26
f 1891//577 1896//577 1897//577 1893//577
f 4135//2911 4136//2911 4084//2911 4083//2911
f 6140//3 6141//3 6142//3 6144//3
f 1952//32 1953//32 1832//32 1830//32
f 3205//2912 3206//2912 3196//2912 3195//2912
f 5398//2913 5397//2913 5399//2913 5411//2913
f 6761//2914 6763//2914 6762//2914 6760//2914
f 6090//2915 6089//2915 6094//2915 6093//2915
f 257//2916 259//2916 258//2916 256//2916
f 3971//1177 3962//1177 3963//1177 3972//1177
f 5548//2917 5550//2917 5549//2917 5547//2917
f 6097//3 6098//3 6092//3 6091//3 6099//3 6100//3 6101//3 6102//3 6103//3 6104//3 6105//3 6106//3 6093//3 6094//3 6095//3 6096//3
f 5732//2023 5733//2023 5720//2023 5729//2023 5731//2023
f 4040//4 3988//4 4173//4 4174//4
f 6179//20 6183//20 6181//20 6178//20
f 6036//32 6038//32 6037//32 6035//32
f 219//2918 221//2918 220//2918 218//2918
f 4287//2919 4289//2919 4288//2919 4286//2919
f 6116//2920 6108//2920 6107//2920 6115//2920
f 8381//26 8382//26 8380//26 8379//26
f 6121//2921 6122//2921 6114//2921 6113//2921
f 6123//3 6124//3 6126//3 6122//3 6121//3 6120//3 6119//3 6118//3 6117//3 6116//3 6115//3 6125//3
f 6107//2922 6108//2922 6100//2922 6099//2922
f 6030//134 6032//134 6031//134 6029//134
f 4841//2923 4843//2923 4842//2923 4839//2923
f 6076//74 6090//74 6093//74 6106//74 6114//74 6122//74 6126//74 6129//74 6130//74 6131//74 6052//74 6074//74 6062//74 6044//74 6127//74 6128//74 6125//74 6115//74 6107//74 6099//74 6091//74 6083//74 6077//74
f 5935//134 5937//134 5936//134 5930//134
f 6129//2924 6126//2924 6124//2924
f 5842//2925 5851//2925 5841//2925
f 6130//2926 6129//2926 6133//2926
f 6133//2927 6129//2927 6124//2927
f 6195//2928 6203//2928 6190//2928 6188//2928
f 6132//2929 6123//2929 6125//2929
f 6133//2930 6134//2930 6131//2930 6130//2930
f 3627//2931 3628//2931 3618//2931 3626//2931
f 6127//2932 6135//2932 6132//2932 6128//2932
f 8456//20 8457//20 8459//20 8465//20 8467//20
f 530//2933 532//2933 531//2933 529//2933
f 8612//32 8610//32 8602//32 8605//32
f 6138//21 6140//21 6144//21 6145//21
f 357//2934 359//2934 358//2934 356//2934
f 4615//264 4617//264 4616//264 4614//264
f 6176//26 6180//26 6182//26 6177//26
f 6161//20 6160//20 6166//20 6167//20
f 2269//2935 2282//2935 2281//2935 2270//2935
f 6136//21 6154//21 6156//21 6158//21
f 3527//2936 3529//2936 3528//2936 3526//2936
f 7410//2937 7382//2937 7381//2937 7409//2937
f 6534//2938 6543//2938 6538//2938 6533//2938
f 4792//32 5671//32 5691//32 5693//32 5673//32
f 205//33 209//33 208//33 207//33
f 2049//2939 2054//2939 2053//2939 2050//2939
f 6290//182 6276//182 6277//182 6296//182 6288//182
f 6157//26 6159//26 6158//26 6156//26
f 7076//2940 7077//2940 7019//2940 7022//2940
f 7004//2941 7003//2941 7002//2941 6966//2941 6967//2941
f 399//2942 400//2942 398//2942 397//2942
f 6212//2943 6213//2943 6214//2943
f 6213//2944 6212//2944 6215//2944
f 6218//2945 6217//2945 6219//2945
f 6218//2946 6219//2946 6220//2946
f 3010//2947 3022//2947 3023//2947 3011//2947
f 6212//2948 6214//2948 6221//2948
f 96//12 98//12 97//12 94//12
f 4485//2949 4487//2949 4486//2949 4484//2949
f 283//2950 284//2950 267//2950 266//2950
f 8381//2951 8384//2951 8383//2951 8382//2951
f 7227//2952 7218//2952 7217//2952 7226//2952
f 3477//2953 3478//2953 3455//2953 3454//2953
f 6247//3 6249//3 6248//3 6246//3 6245//3 6243//3
f 6227//2954 6229//2954 6228//2954 6226//2954
f 6237//4 6236//4 6232//4 6233//4
f 4164//546 4165//546 4052//546 4050//546
f 6248//2955 6249//2955 6251//2955 6250//2955
f 6265//26 6266//26 6267//26 6248//26 6250//26 6252//26 6255//26 6259//26 6260//26
f 1557//2956 1558//2956 1556//2956 1555//2956
f 1080//2957 1082//2957 1081//2957 1079//2957
f 2276//2958 2273//2958 2272//2958 2277//2958
f 6271//182 6272//182 6241//182 6239//182 6249//182 6247//182
f 806//3 515//3 516//3 517//3 519//3 811//3 793//3 795//3 713//3 715//3 810//3 572//3 576//3 623//3 611//3 597//3 599//3 601//3 603//3 605//3 607//3 609//3 613//3 615//3 617//3 619//3 621//3
f 6161//3 6163//3 6162//3 6160//3
f 642//290 644//290 643//290 641//290
f 6287//21 6285//21 6283//21 6281//21 6279//21 6291//21 6292//21 6293//21 6294//21 6295//21 6290//21 6288//21 6289//21
f 6236//2959 6235//2959 6230//2959 6232//2959
f 6322//21 6321//21 6314//21 6313//21
f 7343//126 7289//126 7288//126 7342//126
f 5905//33 5906//33 5909//33 5904//33
f 6320//21 6319//21 6306//21 6305//21
f 2420//288 2422//288 2421//288 2419//288
f 2428//21 2430//21 2429//21 2427//21
f 62//12 64//12 73//12 77//12 76//12 60//12 58//12
f 646//2960 648//2960 647//2960 645//2960
f 6296//2961 6300//2961 6291//2961 6279//2961 6278//2961 6304//2961 6289//2961 6288//2961
f 872//2962 850//2962 849//2962 871//2962
f 181//20 6393//20 6392//20 180//20
f 6318//12 6317//12 6310//12 6307//12
f 6314//20 6305//20 6306//20 6307//20 6310//20 6308//20 6309//20 6311//20 6312//20 6313//20
f 8483//134 8485//134 8484//134 8482//134
f 3881//170 3859//170 3862//170 3882//170
f 6321//2885 6320//2885 6305//2885 6314//2885
f 3949//2963 3911//2963 3952//2963 3954//2963
f 6725//4 6704//4 6707//4 6724//4
f 6854//12 6856//12 6855//12 6853//12
f 2617//3 2618//3 2491//3 2488//3
f 3028//803 3032//803 3031//803 3025//803
f 5434//2964 5426//2964 5443//2964 5442//2964
f 2885//38 2886//38 2873//38 2877//38
f 6865//20 6866//20 6862//20 6861//20
f 6862//21 6864//21 6863//21 6861//21
f 5388//2965 5387//2965 5409//2965 5408//2965
f 6358//12 6334//12 6330//12 6329//12 6357//12
f 2144//2966 2125//2966 2132//2966 2143//2966
f 6361//2967 6362//2967 6345//2967 6325//2967 6327//2967 6360//2967
f 1193//106 1194//106 1175//106 1173//106
f 5584//2968 5581//2968 5596//2968 5595//2968
f 5667//3 5689//3 5690//3 5671//3 5668//3
f 6996//20 6999//20 6998//20 6997//20
f 6366//20 6368//20 6367//20 6365//20
f 8481//20 8480//20 8483//20 8482//20
f 6364//4 6361//4 6360//4 6359//4 6358//4 6357//4 6356//4 6355//4 6354//4 6353//4 6351//4 6349//4 6384//4 6386//4 6387//4 6383//4
f 5337//134 5708//134 5345//134 5343//134 5346//134 5706//134 5707//134 5335//134 5333//134 5334//134
f 74//3 73//3 64//3 63//3 66//3 65//3 72//3 75//3
f 4338//2969 4339//2969 4335//2969 4334//2969
f 6373//21 6391//21 6365//21 6388//21 6386//21 6384//21 6385//21
f 6369//21 6371//21 6373//21 6385//21 6390//21 6389//21 6388//21 6365//21 6367//21
f 6391//1990 6376//1990 6375//1990 6383//1990 6387//1990 6378//1990 6366//1990 6365//1990
f 2836//2970 2837//2970 2857//2970 2856//2970
f 3016//2971 3017//2971 3014//2971 3015//2971
f 6943//2812 6942//2812 6938//2812 6934//2812
f 6374//26 6376//26 6391//26 6373//26
f 6406//3 193//3 192//3 6402//3 6399//3 6396//3 6394//3 181//3 180//3 6403//3 6404//3 6405//3
f 6401//21 6413//21 6398//21 6400//21
f 6405//26 6407//26 6410//26 6406//26
f 6402//128 192//128 6412//128 6413//128 6401//128
f 56//260 22//260 19//260 15//260 17//260 26//260
f 6404//128 6409//128 6408//128 6407//128 6405//128
f 6407//4 6408//4 6414//4 6415//4 6392//4 6393//4 6395//4 6397//4 6398//4 6413//4 6412//4 6411//4 6410//4
f 6416//182 6403//182 180//182 6392//182 6415//182
f 5676//134 5677//134 5670//134 5675//134
f 6910//26 6908//26 6907//26 6909//26
f 3024//2972 3030//2972 3029//2972 3026//2972
f 5662//134 5664//134 5663//134 5661//134
f 6442//2973 6447//2973 6446//2973 6443//2973
f 1833//74 1835//74 1954//74 1955//74
f 585//2974 586//2974 573//2974 584//2974
f 5567//2975 5571//2975 5814//2975 5813//2975
f 6452//2976 6455//2976 6454//2976 6453//2976
f 2267//2977 2284//2977 2283//2977 2268//2977
f 6861//2978 6863//2978 6872//2978 6902//2978 6868//2978 6865//2978
f 8156//2979 8168//2979 8169//2979 8158//2979
f 4147//2980 4148//2980 4096//2980 4095//2980
f 6463//2981 6462//2981 6442//2981 6445//2981
f 6447//2982 6442//2982 6462//2982 6461//2982
f 1785//2983 1786//2983 1580//2983 1579//2983
f 1376//2984 1378//2984 1377//2984 1375//2984
f 1613//2985 1615//2985 1614//2985 1612//2985
f 6985//20 6983//20 6981//20 6979//20 6977//20 6975//20 6973//20 6971//20 6969//20 6991//20 6989//20 6994//20 6992//20 6993//20 6995//20 6987//20
f 4806//134 4799//134 4801//134 4805//134 4803//134 4804//134
f 1963//120 1962//120 1961//120 1960//120 1959//120 1958//120 1957//120 1956//120 1955//120 1954//120 1953//120 1952//120 1951//120 1950//120 1949//120 1948//120 1947//120 1946//120 1945//120 1944//120 1943//120 1942//120 1941//120 1940//120 1939//120 1938//120 1937//120 1936//120 1935//120 1934//120 1933//120 1931//120 1932//120 1998//120 2384//120 2385//120 2386//120 2387//120 2388//120 1987//120 1984//120 1983//120 1981//120 1980//120 1979//120 1978//120 1977//120 1976//120 1975//120 1974//120 1973//120 1972//120 1971//120 1970//120 1967//120 1968//120 1969//120 1966//120 1965//120 1964//120
f 8295//1582 8296//1582 8328//1582 8323//1582 8325//1582 8332//1582 8335//1582 8322//1582 8321//1582 8316//1582 8315//1582 8314//1582 8312//1582 8313//1582 8336//1582 8293//1582
f 1707//2986 1718//2986 1717//2986 1691//2986
f 8553//2987 8554//2987 8556//2987 8555//2987
f 6469//2988 6466//2988 6443//2988 6446//2988
f 6965//134 6967//134 6966//134 6964//134
f 6989//228 6991//228 6990//228 6988//228
f 4118//2989 4120//2989 4123//2989 4122//2989
f 6420//134 6425//134 6423//134 6418//134
f 6474//2990 6473//2990 6454//2990 6434//2990 6436//2990
f 3282//208 3283//208 3268//208 3269//208
f 8519//4 8520//4 8522//4 8521//4
f 4784//3 4785//3 4781//3 4780//3 4777//3
f 6899//3 6900//3 6893//3 6878//3 6875//3 6874//3
f 618//1416 620//1416 619//1416 617//1416
f 650//2991 652//2991 651//2991 649//2991
f 287//2992 276//2992 275//2992 274//2992
f 277//2993 278//2993 264//2993 268//2993
f 2257//2994 2258//2994 2244//2994 2243//2994
f 6880//26 6882//26 6881//26 6879//26
f 6501//20 6500//20 6497//20 6499//20 6503//20 6502//20 6484//20 6485//20
f 7295//2995 7326//2995 7327//2995 7296//2995
f 5921//3 5943//3 5924//3 5920//3
f 5968//2996 5967//2996 5975//2996 5981//2996
f 6518//1413 6520//1413 6519//1413 6498//1413 6492//1413 6491//1413 6489//1413 6486//1413 6505//1413 6521//1413 6508//1413 6509//1413 6512//1413 6517//1413
f 5916//32 5917//32 5915//32 5914//32
f 6170//2997 6171//2997 6173//2997 6172//2997
f 6441//2998 6439//2998 6468//2998 6464//2998 6444//2998
f 6570//2999 6572//2999 6573//2999 6571//2999 6526//2999
f 6845//3000 6851//3000 6850//3000 6849//3000
f 2704//3001 2699//3001 2703//3001 2702//3001
f 6521//3 6505//3 6503//3 6499//3 6498//3 6519//3 6517//3 6512//3
f 6529//3 6530//3 6532//3 6533//3 6538//3 6539//3 6540//3 6537//3 6536//3 6535//3
f 5310//21 5311//21 5300//21 5301//21
f 8508//26 8492//26 8494//26 8496//26 8507//26
f 738//313 740//313 739//313 737//313
f 6531//12 6534//12 6533//12 6532//12
f 1567//3002 1568//3002 1566//3002 1565//3002
f 7483//3003 7460//3003 7466//3003 7482//3003
f 6940//21 6953//21 6951//21 6949//21
f 3118//4 3117//4 3122//4 3121//4
f 6526//3 6544//3 6545//3 6524//3
f 1192//3004 1193//3004 1173//3004 1172//3004
f 6555//3005 6556//3005 6557//3005
f 6556//3006 6555//3006 6558//3006
f 6561//3007 6560//3007 6562//3007
f 6561//3008 6562//3008 6563//3008
f 6555//3009 6557//3009 6564//3009
f 6526//26 6571//26 6541//26 6525//26
f 6545//12 6544//12 6539//12 6538//12 6543//12 6546//12
f 6847//20 6852//20 6851//20 6845//20
f 4401//4 4406//4 4415//4 4408//4
f 6917//20 6921//20 6920//20 6916//20
f 2253//3010 2254//3010 2240//3010 2239//3010
f 5937//3 5939//3 5920//3 5936//3
f 6579//20 6575//20 6574//20 6584//20 6583//20 6581//20
f 6758//12 6759//12 6761//12 6760//12
f 6566//20 6568//20 6569//20 6567//20 6565//20
f 1485//3011 1484//3011 1500//3011 1518//3011
f 3625//3012 3627//3012 3626//3012 3624//3012
f 614//293 616//293 615//293 613//293
f 3503//3013 3500//3013 3545//3013 3544//3013
f 976//2696 980//2696 979//2696 978//2696
f 6552//3014 6554//3014 6553//3014 6551//3014
f 4771//3015 4556//3015 4557//3015 4560//3015 4770//3015 4638//3015 4641//3015
f 1565//3016 1566//3016 1564//3016 1563//3016
f 7913//3017 7870//3017 7849//3017 7912//3017
f 6609//12 6610//12 6611//12 6593//12 6591//12 6599//12 6601//12 6588//12 6589//12 6605//12 6608//12
f 8324//3 8326//3 8325//3 8323//3
f 6568//12 6541//12 6571//12 6573//12 6569//12
f 66//3018 68//3018 67//3018 65//3018
f 2889//20 2890//20 2871//20 2870//20
f 6223//3019 6225//3019 6224//3019 6222//3019
f 8500//4 8498//4 8493//4 8492//4 8508//4 8510//4 8511//4 8513//4 8479//4 8477//4 8481//4 8482//4 8484//4 8486//4 8514//4 8505//4 8503//4 8502//4
f 722//3020 724//3020 723//3020 721//3020
f 4669//33 4672//33 4678//33 4675//33 4674//33 4671//33
f 6630//3 6633//3 6634//3 6635//3 6622//3 6624//3 6626//3 6628//3
f 192//26 199//26 198//26 193//26
f 6622//3021 6621//3021 6625//3021 6624//3021
f 6593//4 6611//4 6613//4 6615//4 6619//4 6620//4 6623//4 6636//4 6637//4 6596//4 6592//4
f 3753//3022 3754//3022 3768//3022 3767//3022
f 4279//3023 4281//3023 4280//3023 4278//3023
f 8509//26 8512//26 8511//26 8510//26
f 6636//20 6635//20 6634//20 6639//20 6638//20 6637//20
f 7001//3 6998//3 6999//3 7000//3
f 1288//3024 1290//3024 1289//3024 1287//3024
f 8559//4 8558//4 8539//4 8540//4
f 1274//3025 1262//3025 1261//3025 1273//3025
f 6644//20 6645//20 6643//20 6640//20 6641//20 6642//20
f 6162//3026 6163//3026 6165//3026 6164//3026
f 6658//3 6660//3 6659//3 6657//3
f 6665//21 6642//21 6641//21 6660//21 6658//21 6664//21
f 2719//1268 2743//1268 2742//1268 2715//1268
f 3174//2238 3186//2238 3187//2238 3185//2238
f 6665//26 6664//26 6661//26 6663//26 6667//26 6666//26 6648//26 6649//26
f 6073//74 6065//74 6058//74 6059//74
f 6983//113 6985//113 6984//113 6982//113
f 4387//3 4389//3 4388//3 4386//3
f 1232//71 1234//71 1233//71 1231//71
f 6707//21 6710//21 6709//21 6708//21
f 6747//825 6749//825 6748//825 6746//825
f 720//3004 722//3004 721//3004 719//3004
f 251//3027 253//3027 252//3027 250//3027
f 8074//3028 8054//3028 8053//3028 8073//3028
f 8549//12 8550//12 8552//12 8551//12
f 586//2124 587//2124 574//2124 573//2124
f 5312//91 5313//91 5298//91 5299//91
f 6690//21 6689//21 6696//21 6693//21 6695//21
f 6041//4 6035//4 6058//4 6056//4
f 6430//33 6431//33 6433//33 6432//33
f 6649//21 6717//21 6711//21 6712//21
f 5869//3029 5879//3029 5872//3029 5867//3029
f 6515//21 6518//21 6517//21 6513//21
f 8597//20 8595//20 8585//20 8587//20
f 6702//26 6701//26 6696//26 6716//26 6715//26 6719//26
f 6727//12 6726//12 6724//12 6707//12 6723//12
f 3057//168 3035//168 3034//168 3056//168
f 6715//21 6714//21 6718//21 6721//21 6720//21 6719//21
f 8268//3030 8355//3030 8270//3030 8267//3030 8265//3030
f 6711//3031 6717//3031 6703//3031 6705//3031
f 6781//20 6782//20 6784//20 6783//20
f 8564//21 8582//21 8581//21 8577//21 8575//21 8573//21 8571//21 8569//21 8568//21 8565//21
f 8576//20 8574//20 8573//20 8575//20
f 7064//3032 7048//3032 7025//3032 7063//3032
f 7220//3033 7204//3033 7253//3033 7254//3033
f 6735//26 6731//26 6730//26 6740//26 6739//26 6737//26
f 6109//3034 6110//3034 6102//3034 6101//3034
f 6736//20 6738//20 6741//20 6732//20 6733//20 6734//20
f 5936//3 5957//3 5949//3 5951//3
f 468//106 470//106 469//106 467//106
f 5993//993 5994//993 5986//993 5985//993
f 3983//3035 3984//3035 4206//3035 4212//3035 4216//3035 3996//3035 3994//3035
f 6753//360 6756//360 6759//360 6758//360
f 6762//3 6764//3 6765//3 6766//3 6755//3 6753//3 6758//3 6760//3
f 2266//3 2267//3 2255//3 2254//3 2265//3
f 6751//26 6749//26 6747//26 6750//26
f 6042//74 6044//74 6063//74 6064//74
f 2853//3036 2840//3036 2839//3036 2835//3036 2855//3036 2859//3036
f 4500//3 4488//3 4490//3 4492//3 4494//3 4496//3 4498//3
f 6743//3037 6745//3037 6744//3037 6742//3037
f 6744//21 6745//21 6748//21 6749//21 6751//21 6777//21 6778//21
f 6816//4 6825//4 6810//4 6811//4 6813//4 6815//4
f 8543//12 8544//12 8542//12 8541//12
f 6221//3038 6216//3038 6218//3038 6212//3038
f 6746//3 6748//3 6745//3 6743//3 6779//3
f 6747//12 6746//12 6779//12 6780//12 6782//12 6781//12 6750//12
f 4536//163 4519//163 4520//163 4535//163
f 4124//3039 4125//3039 4121//3039 4119//3039
f 3254//3 3255//3 3256//3 3257//3 3258//3 3259//3 3260//3 3261//3 3262//3 3250//3 3251//3 3252//3 3263//3 3274//3 3273//3 3272//3 3271//3 3270//3 3269//3 3268//3 3267//3 3266//3 3265//3 3264//3 3253//3
f 8221//20 8220//20 8218//20 8219//20
f 8223//12 8222//12 8218//12 8220//12
f 345//4 347//4 346//4 344//4
f 6783//3 6786//3 6787//3 6772//3 6773//3 6775//3 6777//3 6751//3 6750//3 6781//3
f 6771//272 6769//272 6756//272 6757//272
f 6065//3 6066//3 6067//3 6049//3 6048//3 6040//3 6068//3
f 6785//26 6754//26 6755//26 6766//26 6787//26 6786//26
f 3018//3040 3019//3040 3017//3040 3016//3040
f 3466//3041 3467//3041 3457//3041 3456//3041
f 456//2313 458//2313 457//2313 455//2313
f 4403//32 4404//32 4400//32 4399//32
f 2014//3042 2015//3042 2012//3042 2011//3042
f 6808//2976 6809//2976 6800//2976 6799//2976 6802//2976 6801//2976
f 6791//3043 6800//3043 6811//3043 6810//3043
f 6804//104 6806//104 6805//104 6803//104
f 7559//4 7594//4 7676//4 7560//4
f 8602//20 8610//20 8608//20 8603//20
f 6814//2982 6817//2982 6816//2982 6815//2982
f 2594//3044 2595//3044 2577//3044 2582//3044
f 6196//3045 6194//3045 6187//3045 6189//3045
f 331//74 333//74 332//74 330//74
f 8593//4 8594//4 8595//4 8597//4 8598//4 8591//4 8592//4 8596//4
f 8609//74 8611//74 8599//74 8606//74
f 5571//3046 5570//3046 5815//3046 5814//3046
f 6817//975 6821//975 6789//975 6788//975
f 6833//3 6835//3 6834//3 6832//3
f 2296//3047 2295//3047 2323//3047 2322//3047
f 6796//202 6798//202 6790//202 6793//202 6794//202
f 1677//3048 1679//3048 1728//3048 1729//3048
f 7162//3049 7106//3049 7128//3049 7161//3049
f 6818//3 6819//3 6807//3 6812//3 6798//3 6824//3
f 6883//3050 6884//3050 6882//3050 6880//3050
f 8605//3 8602//3 8603//3 8604//3 8606//3 8599//3 8600//3 8601//3
f 5923//33 5925//33 5924//33 5922//33
f 6739//3051 6740//3051 6741//3051 6738//3051
f 6831//4 6830//4 6843//4 6840//4
f 156//26 154//26 152//26 164//26 161//26 158//26
f 8604//134 8603//134 8608//134 8607//134
f 6839//12 6836//12 6842//12 6843//12 6830//12
f 2279//3052 2351//3052 2350//3052 2288//3052
f 6356//21 6331//21 6332//21 6333//21 6355//21
f 2246//26 2247//26 2228//26 2227//26
f 6342//228 6339//228 6340//228 6341//228
f 6348//3 6350//3 6352//3 6347//3 6344//3 6345//3 6362//3 6363//3 6377//3 6382//3
f 6898//12 6900//12 6899//12 6897//12
f 6573//3 6572//3 6567//3 6569//3
f 6576//26 6577//26 6578//26 6580//26 6582//26 6585//26
f 6866//3 6867//3 6870//3 6869//3 6864//3 6862//3
f 6065//33 6038//33 6036//33 6066//33
f 6872//2805 6863//2805 6864//2805 6869//2805 6871//2805
f 6877//250 6901//250 6902//250 6872//250
f 5//26 6//26 4//26 2//26
f 6875//3053 6878//3053 6876//3053 6877//3053 6872//3053 6871//3053
f 19//26 20//26 16//26 15//26
f 6000//3054 6001//3054 5993//3054 5992//3054
f 6904//3 6906//3 6905//3 6903//3
f 6889//21 6890//21 6892//21 6885//21 6883//21 6880//21 6879//21 6850//21 6851//21 6852//21 6876//21 6878//21 6893//21 6894//21
f 6949//3 6951//3 6950//3 6948//3
f 6884//12 6886//12 6891//12 6888//12 6887//12 6881//12 6882//12
f 6859//3 6857//3 6853//3 6855//3
f 6904//21 6908//21 6910//21 6916//21 6920//21 6919//21 6906//21
f 6372//3055 6374//3055 6373//3055 6371//3055
f 5992//3056 5993//3056 5985//3056 5984//3056
f 6044//134 6062//134 6061//134 6037//134
f 6260//228 6259//228 6256//228 6257//228
f 6905//26 6906//26 6919//26 6915//26 6914//26 6940//26 6922//26
f 5968//3057 5969//3057 5963//3057 5964//3057
f 6147//20 6149//20 6148//20 6146//20
f 6113//3058 6114//3058 6106//3058 6105//3058
f 6885//26 6892//26 6894//26 6893//26 6900//26 6898//26 6896//26 6886//26
f 5569//3059 5566//3059 5601//3059 5600//3059
f 6915//12 6848//12 6844//12 6846//12 6914//12
f 6837//3050 6834//3050 6835//3050 6836//3050
f 6895//21 6896//21 6847//21 6845//21 6849//21
f 805//731 804//731 813//731 815//731
f 5754//3060 5755//3060 5753//3060 5752//3060
f 6235//3061 6234//3061 6231//3061 6230//3061
f 6834//3062 6837//3062 6841//3062 6832//3062
f 6888//20 6890//20 6889//20 6887//20
f 6891//26 6886//26 6896//26 6895//26 6894//26 6892//26
f 7007//113 6956//113 7004//113 6967//113
f 602//295 604//295 603//295 601//295
f 6089//3063 6090//3063 6076//3063 6075//3063
f 6933//2978 6927//2978 6926//2978 6932//2978 6930//2978 6931//2978
f 3896//3064 3895//3064 3907//3064 3902//3064
f 6927//250 6929//250 6928//250 6926//250
f 7003//21 6992//21 6994//21 6997//21 6998//21 7001//21 7002//21
f 6913//4 6925//4 6928//4 6929//4 6937//4 6940//4 6914//4 6846//4
f 6987//2961 6989//2961 6988//2961 6986//2961
f 6312//3 6311//3 6324//3 6323//3
f 6915//3 6918//3 6917//3 6916//3 6910//3 6909//3 6911//3 6848//3
f 6939//3 6938//3 6942//3 6924//3 6923//3 6941//3
f 6380//3050 6379//3050 6388//3050 6389//3050
f 6943//3065 6926//3065 6928//3065 6925//3065 6924//3065 6942//3065
f 6932//3066 6926//3066 6943//3066 6945//3066 6944//3066
f 6621//3 6618//3 6617//3 6632//3 6631//3 6629//3 6627//3 6625//3
f 6085//3067 6086//3067 6080//3067 6079//3067
f 5958//3 5959//3 5960//3 5965//3 5964//3 5963//3 5961//3 5962//3
f 6028//3 6030//3 6029//3 6027//3
f 6561//4 6563//4 6558//4 6555//4
f 6898//12 6948//12 6950//12 6952//12
f 6979//3068 6981//3068 6980//3068 6978//3068
f 6961//21 6898//21 6960//21 6958//21 6959//21
f 6551//26 6553//26 6550//26 6549//26
f 6464//3069 6466//3069 6462//3069 6463//3069
f 7099//3070 7100//3070 7097//3070 7098//3070
f 6299//12 6297//12 6304//12 6278//12 6280//12 6282//12 6284//12 6298//12 6303//12 6302//12 6301//12
f 6957//3071 6955//3071 6961//3071 6959//3071
f 6965//12 7006//12 7008//12 7007//12 6967//12
f 6987//20 6995//20 6994//20 6989//20
f 6858//4 6860//4 6856//4 6854//4
f 6969//3072 6971//3072 6970//3072 6968//3072
f 6470//3073 6471//3073 6449//3073 6448//3073 6453//3073
f 6417//3074 6409//3074 6404//3074 6403//3074 6416//3074
f 6939//3053 6937//3053 6929//3053 6927//3053 6934//3053 6938//3053
f 6973//45 6975//45 6974//45 6972//45
f 6946//20 6947//20 6931//20 6930//20
f 6951//20 6953//20 6952//20 6950//20
f 6869//129 6870//129 6873//129 6871//129
f 6964//20 6966//20 7002//20 7001//20 7000//20 7005//20 6963//20 6962//20
f 6616//21 6639//21 6634//21 6633//21 6632//21 6617//21
f 6912//20 6913//20 6846//20 6844//20
f 6971//3075 6973//3075 6972//3075 6970//3075
f 4907//64 4905//64 4904//64 4906//64
f 35//21 36//21 38//21 40//21 45//21 42//21 41//21
f 6921//4 6922//4 6919//4 6920//4
f 6264//2967 6266//2967 6265//2967 6263//2967
f 6494//1413 6493//1413 6497//1413 6500//1413
f 6975//3076 6977//3076 6976//3076 6974//3076
f 6968//26 6954//26 7008//26 6990//26
f 7010//3 6993//3 6992//3 7003//3 7004//3 6956//3 6957//3 7009//3
f 5914//134 5915//134 5913//134 5911//134
f 2235//3077 2248//3077 2249//3077 2236//3077
f 5737//3078 5736//3078 5747//3078 5746//3078
f 8362//26 8367//26 8368//26 8369//26 8370//26 8359//26
f 7015//3079 7017//3079 8339//3079 7018//3079 7016//3079
f 7016//3080 7018//3080 7012//3080 7011//3080
f 4388//33 4389//33 4415//33 4406//33
f 6378//26 6387//26 6386//26 6388//26 6379//26
f 5390//3081 5389//3081 5407//3081 5406//3081
f 2729//3082 2731//3082 2726//3082 2658//3082
f 4533//3 4532//3 4531//3 4530//3 4529//3 4528//3 4539//3 4538//3 4537//3 4838//3 4840//3 4866//3 4718//3 4716//3 4714//3 4711//3 4712//3 4535//3 4534//3
f 1509//3083 1465//3083 1512//3083 1511//3083 1510//3083
f 8454//2682 8455//2682 8366//2682 8453//2682
f 7061//3084 7035//3084 7033//3084 7060//3084
f 7066//3085 7046//3085 7047//3085 7065//3085
f 7044//3086 7067//3086 7068//3086 7042//3086
f 4053//476 4055//476 4166//476 4167//476
f 7230//3087 7215//3087 7213//3087 7229//3087
f 5308//202 5309//202 5302//202 5303//202
f 7078//3088 7020//3088 7019//3088 7077//3088
f 7079//3089 7021//3089 7020//3089 7078//3089
f 762//2933 764//2933 763//2933 761//2933
f 484//3090 462//3090 461//3090 483//3090
f 7093//3091 7094//3091 7092//3091 7091//3091
f 4959//3 4951//3 2982//3 2981//3 2980//3 2979//3 2977//3 2978//3 4958//3
f 5435//3092 5436//3092 5426//3092 5434//3092
f 5043//21 5044//21 5033//21 5034//21
f 2108//3093 2107//3093 2118//3093 2123//3093
f 7119//237 7110//237 7112//237 7128//237 7106//237 7107//237 7122//237 7123//237 7124//237 7139//237 7140//237 7137//237 7138//237 7125//237 7134//237 7135//237 7102//237 7097//237 7100//237 7095//237 7093//237 7091//237 7080//237 7108//237 7126//237 7127//237 7129//237 7130//237 7113//237 7111//237 7109//237 7121//237 7120//237 7118//237 7116//237 7103//237 7104//237 7105//237 7114//237 7115//237 7117//237
f 5134//1269 5135//1269 5120//1269 5121//1269
f 103//3 101//3 102//3 92//3 93//3 104//3
f 5323//569 5324//569 5314//569 5313//569
f 5259//1306 5260//1306 5243//1306 5242//1306
f 4169//4 4170//4 3987//4 4056//4
f 6269//12 6244//12 6245//12 6246//12 6268//12
f 5225//104 5226//104 5207//104 5208//104
f 3781//33 3786//33 3785//33 3613//33 3611//33 3614//33 3780//33
f 6868//3066 6902//3066 6873//3066 6870//3066 6867//3066
f 7118//3094 7150//3094 7151//3094 7116//3094
f 8237//3095 8227//3095 8248//3095 8247//3095
f 200//3 198//3 199//3 203//3 202//3 201//3
f 7157//3096 7117//3096 7115//3096 7156//3096
f 5227//12 5228//12 5205//12 5206//12
f 7356//3033 7357//3033 7349//3033 7348//3033
f 846//2312 848//2312 847//2312 845//2312
f 5696//33 5698//33 5699//33 5697//33 5680//33
f 243//2313 245//2313 244//2313 242//2313
f 1889//629 1879//629 1989//629 1993//629
f 7175//3097 7133//3097 7136//3097 7174//3097
f 2462//3098 2464//3098 2463//3098 2461//3098
f 5328//3099 5329//3099 5306//3099 5305//3099
f 4408//4 4407//4 4427//4 4420//4 4430//4 4429//4 4428//4 4381//4
f 7177//3100 7178//3100 7108//3100 7131//3100
f 4949//4 4935//4 4933//4 4937//4 4938//4 4946//4 4945//4 4944//4 4941//4 4939//4 4931//4 4930//4
f 6832//20 6841//20 6840//20 6843//20 6842//20 6833//20
f 560//3101 562//3101 561//3101 559//3101
f 6426//32 6428//32 6431//32 6430//32
f 381//3102 383//3102 382//3102 380//3102
f 5219//202 5220//202 5213//202 5214//202
f 5360//104 5362//104 5382//104 5381//104
f 866//155 868//155 867//155 865//155
f 4939//202 4940//202 4932//202 4931//202
f 4513//1246 4515//1246 4514//1246 4512//1246
f 2609//3 2610//3 2483//3 2480//3
f 4758//3103 4756//3103 4753//3103 4752//3103
f 4121//3104 4105//3104 4113//3104 4218//3104 4219//3104 4120//3104
f 7420//3105 7419//3105 7417//3105 7418//3105
f 1746//1946 1747//1946 1634//1946 1632//1946
f 7228//3106 7229//3106 7213//3106 7219//3106
f 1957//3 1958//3 1839//3 1836//3
f 439//3107 441//3107 415//3107 417//3107 419//3107
f 7909//3108 7865//3108 7863//3108 7908//3108
f 4675//2019 4677//2019 4676//2019 4674//2019
f 4777//134 4779//134 4778//134 4776//134
f 4593//231 4613//231 4612//231 4592//231
f 4018//3109 4020//3109 4186//3109 4187//3109
f 4506//3 4508//3 4510//3 4512//3 4514//3 4502//3 4504//3
f 4733//3 4735//3 4734//3 4732//3
f 8346//3110 7908//3110 7863//3110 7853//3110 7906//3110 7907//3110
f 7245//3111 7201//3111 7199//3111 7244//3111
f 3708//3112 3710//3112 3709//3112 3707//3112
f 1543//3113 1534//3113 1535//3113 1544//3113
f 7443//3114 7444//3114 7442//3114 7441//3114
f 4505//3115 4507//3115 4506//3115 4504//3115
f 6469//3116 6470//3116 6460//3116 6461//3116
f 7255//3117 7216//3117 7220//3117 7254//3117
f 1605//3118 1607//3118 1606//3118 1604//3118
f 1818//3119 1820//3119 1819//3119 1817//3119
f 6566//4 6525//4 6541//4 6568//4
f 7181//3120 7180//3120 7263//3120 7264//3120
f 4420//134 4427//134 4426//134 4424//134
f 7271//237 7270//237 7266//237 7267//237 7269//237 7268//237 7273//237 7272//237
f 4419//134 4421//134 4420//134 4390//134
f 4710//3121 4712//3121 4711//3121 4709//3121
f 7627//209 7597//209 7599//209 7626//209
f 7292//237 7290//237 7304//237 7303//237 7301//237 7299//237 7297//237 7295//237 7296//237 7298//237 7300//237 7302//237 7291//237 7293//237 7306//237 7308//237 7310//237 7311//237 7285//237 7283//237 7284//237 7286//237 7287//237 7288//237 7289//237 7312//237 7309//237 7307//237 7305//237 7294//237
f 6262//26 6264//26 6263//26 6261//26
f 7315//3122 7316//3122 7305//3122 7307//3122
f 7320//3123 7304//3123 7290//3123 7319//3123
f 4284//3124 4264//3124 4263//3124 4261//3124 4262//3124 4275//3124 4274//3124 4285//3124
f 4658//33 4684//33 4683//33 4682//33 4657//33 4655//33
f 6432//74 6433//74 6429//74 6427//74
f 7721//920 7692//920 7694//920 7720//920
f 4091//3125 4093//3125 4142//3125 4143//3125
f 6408//3126 6409//3126 6417//3126 6414//3126
f 280//3127 281//3127 270//3127 269//3127
f 4151//4 4154//4 4043//4 4058//4
f 6501//12 6478//12 6477//12 6496//12 6494//12 6500//12
f 4573//3 4561//3 4563//3 4565//3 4567//3 4569//3 4571//3
f 1366//3128 1344//3128 1343//3128 1365//3128
f 4539//202 4516//202 4517//202 4538//202
f 4549//3 4551//3 4550//3 4548//3
f 4001//3129 4002//3129 3995//3129 3997//3129
f 7345//3130 7347//3130 7346//3130 7344//3130
f 6583//3131 6584//3131 6585//3131 6582//3131
f 184//74 190//74 191//74 185//74
f 7359//3132 7360//3132 7361//3132 7358//3132
f 5237//1529 5238//1529 5228//1529 5227//1529
f 7352//3133 7353//3133 7351//3133 7350//3133
f 4489//32 4488//32 4500//32 4501//32
f 6829//3134 6828//3134 6823//3134 6820//3134 6819//3134
f 4509//3 4507//3 4520//3 4519//3 4511//3
f 8178//3135 8172//3135 8174//3135 8177//3135
f 986//3136 988//3136 987//3136 985//3136
f 408//3 406//3 405//3 407//3
f 5223//91 5224//91 5209//91 5210//91
f 6089//3137 6088//3137 6095//3137 6094//3137
f 7081//237 7092//237 7094//237 7096//237 7099//237 7098//237 7101//237 7089//237 7087//237 7085//237 7083//237
f 3740//3138 3739//3138 3753//3138 3752//3138
f 4486//3139 4487//3139 4912//3139 4839//3139 4842//3139 4914//3139 4913//3139
f 7405//3003 7387//3003 7393//3003 7404//3003
f 7401//3140 7390//3140 7389//3140 7400//3140
f 7234//3141 7210//3141 7211//3141 7233//3141
f 7402//3142 7403//3142 7392//3142 7391//3142
f 4792//134 4794//134 4793//134 4791//134
f 4395//32 4392//32 4393//32 4394//32
f 6479//3143 6488//3143 6490//3143 6476//3143
f 5658//3144 5703//3144 5507//3144 5506//3144
f 638//32 640//32 639//32 637//32
f 3529//3145 3531//3145 3530//3145 3528//3145
f 7235//3146 7236//3146 7186//3146 7208//3146
f 6572//3147 6570//3147 6565//3147 6567//3147
f 7086//3148 7084//3148 7083//3148 7085//3148
f 3815//315 3816//315 3813//315 3812//315
f 7430//573 7429//573 7436//573 7435//573
f 3201//2881 3202//2881 3192//2881 3191//2881
f 3944//3149 3926//3149 3941//3149 3943//3149
f 3037//3 3035//3 3057//3 3055//3 3053//3 2340//3 2344//3 3039//3
f 2583//3150 2585//3150 2588//3150 2587//3150
f 5915//4 5917//4 5912//4 5913//4
f 28//3151 29//3151 25//3151 27//3151
f 6707//20 6708//20 6706//20 6704//20
f 8115//3152 8137//3152 8344//3152 8138//3152 8139//3152 8116//3152
f 3073//12 3075//12 3074//12 3072//12
f 764//3153 742//3153 741//3153 763//3153
f 8265//3 8267//3 8266//3 8264//3
f 6607//3154 6608//3154 6605//3154 6604//3154
f 4165//4 4166//4 4055//4 4052//4
f 7323//3155 7299//3155 7301//3155 7322//3155
f 1218//156 1220//156 1219//156 1217//156
f 7499//126 7492//126 7503//126 7504//126
f 2636//3156 2637//3156 2464//3156 2462//3156
f 1622//3157 1621//3157 1650//3157 1649//3157
f 7707//1150 7706//1150 7737//1150 7738//1150
f 2575//3158 2577//3158 2595//3158 2596//3158
f 7514//3159 7513//3159 7511//3159 7512//3159
f 3755//3160 3756//3160 3770//3160 3769//3160
f 1132//1733 1134//1733 1133//1733 1131//1733
f 4383//134 4382//134 4467//134 4466//134
f 2448//202 2450//202 2449//202 2447//202
f 3940//2145 3934//2145 3931//2145 3939//2145
f 4555//3 4557//3 4556//3 4554//3
f 3831//1739 3832//1739 3825//1739 3828//1739
f 428//33 485//33 487//33 489//33 490//33 420//33 418//33 416//33 414//33 436//33 434//33 432//33 430//33
f 2270//3 2271//3 2260//3 2259//3 2258//3
f 7925//3161 7926//3161 7843//3161 7858//3161
f 4838//32 4837//32 4841//32 4839//32 4840//32
f 2673//3162 2674//3162 2671//3162 2670//3162
f 7338//237 7337//237 7336//237 7335//237 7334//237 7333//237 7332//237 7331//237 7330//237 7329//237 7328//237 7327//237 7326//237 7635//237 7514//237 7512//237 7519//237 7515//237 7275//237 7282//237 7523//237 7521//237 7528//237 8342//237 8340//237 7012//237 7018//237 8339//237 7642//237 7637//237 7636//237 7325//237 7324//237 7323//237 7322//237 7321//237 7320//237 7319//237 7318//237 7317//237 7316//237 7315//237 7314//237 7313//237 7343//237 7342//237 7341//237 7340//237 7339//237
f 6908//3050 6904//3050 6903//3050 6907//3050
f 6511//1413 6507//1413 6506//1413 6510//1413
f 3752//240 3753//240 3767//240 3766//240
f 893//3127 894//3127 875//3127 874//3127
f 2382//3163 2387//3163 2386//3163 2381//3163
f 6671//3164 6673//3164 6672//3164 6670//3164
f 1949//3 1950//3 1831//3 1828//3
f 7552//233 7549//233 7543//233 7544//233
f 2085//2652 2060//2652 2059//2652 2086//2652
f 4119//3165 4121//3165 4120//3165 4118//3165
f 4654//3 4659//3 4658//3 4655//3
f 976//120 978//120 977//120 975//120
f 91//250 92//250 102//250 100//250
f 3626//3166 3618//3166 3635//3166 3634//3166
f 793//2232 794//2232 796//2232 795//2232
f 31//1418 55//1418 56//1418 26//1418
f 4642//74 4643//74 4644//74 4639//74 4638//74
f 1961//3 1962//3 1843//3 1840//3
f 7568//3167 7567//3167 7589//3167
f 7590//3168 7567//3168 7571//3168
f 7600//3 7599//3 7597//3 7598//3
f 7609//209 7611//209 7608//209 7606//209
f 3481//3169 3512//3169 3541//3169 3540//3169
f 3474//3170 3475//3170 3465//3170 3464//3170
f 7625//3 7622//3 7621//3 7624//3
f 2971//3171 3000//3171 3001//3171 2973//3171 2972//3171
f 4234//3172 4224//3172 4225//3172 4233//3172
f 5385//208 5368//208 5370//208 5374//208
f 1350//2143 1352//2143 1351//2143 1349//2143
f 7589//3 7590//3 7632//3 7633//3 7634//3 8338//3 8341//3 7561//3 7562//3 7565//3 7564//3 7582//3 7583//3 7584//3 7585//3 7586//3 7587//3 7588//3
f 4491//3173 4493//3173 4492//3173 4490//3173
f 1448//3174 1449//3174 1443//3174 1445//3174
f 3061//3 3059//3 3081//3 3079//3 3077//3 2346//3 2347//3 2348//3 2349//3
f 1847//292 1860//292 1861//292 1845//292
f 6807//3175 6819//3175 6820//3175 6808//3175
f 4529//21 4524//21 4523//21 4528//21
f 7821//3176 7822//3176 7785//3176 7783//3176
f 1368//3177 1370//3177 1369//3177 1367//3177
f 1296//178 1298//178 1297//178 1295//178
f 1328//252 1330//252 1329//252 1327//252
f 1384//1809 1386//1809 1385//1809 1383//1809
f 486//234 488//234 487//234 485//234
f 2167//3178 2145//3178 2149//3178 2168//3178
f 1497//3179 1492//3179 1496//3179 1495//3179
f 1022//2313 1024//2313 1023//2313 1021//2313
f 964//120 963//120 959//120 960//120
f 2365//476 2377//476 2378//476 2366//476
f 994//3180 996//3180 995//3180 993//3180
f 758//134 756//134 754//134 752//134 726//134 724//134 722//134 720//134 718//134 740//134 738//134 736//134 734//134 732//134 730//134 789//134 791//134 794//134 793//134 772//134 770//134 768//134 744//134 742//134 764//134 762//134 760//134
f 830//1938 832//1938 831//1938 829//1938
f 984//181 986//181 985//181 983//181
f 3085//21 3087//21 3086//21 3084//21
f 3093//104 3095//104 3094//104 3092//104
f 4919//32 4921//32 4920//32 4918//32
f 3037//21 3039//21 3038//21 3036//21
f 864//3181 866//3181 865//3181 863//3181
f 5350//38 5352//38 5377//38 5376//38
f 2094//245 2093//245 2099//245 2105//245
f 1149//372 1178//372 1172//372 1141//372 1143//372 1121//372 1170//372 1147//372
f 834//3182 836//3182 835//3182 833//3182
f 5554//3183 5556//3183 5555//3183 5553//3183
f 802//4 803//4 714//4 797//4 799//4 716//4 598//4 612//4 624//4 622//4 620//4 618//4 616//4 614//4 610//4 805//4 630//4 629//4 644//4 642//4 640//4 638//4 636//4 634//4 627//4 628//4 800//4 801//4
f 3061//21 3063//21 3062//21 3060//21
f 8202//3184 8201//3184 8200//3184 8203//3184
f 8142//3185 8119//3185 8118//3185 8141//3185
f 4159//4 4160//4 4046//4 4045//4
f 688//3186 690//3186 689//3186 687//3186
f 736//3187 738//3187 737//3187 735//3187
f 600//26 602//26 601//26 599//26
f 3388//3188 3389//3188 3366//3188 3365//3188
f 5684//33 5685//33 5700//33 5701//33
f 5899//3189 5895//3189 5896//3189 5897//3189
f 4820//32 4825//32 4818//32 4819//32
f 320//2107 327//2107 326//2107 318//2107
f 2631//3190 2632//3190 2466//3190 2465//3190
f 821//3 823//3 1111//3 1108//3 1109//3 1112//3 930//3 929//3 937//3 939//3 1087//3 1091//3 1093//3 1011//3 1013//3 1107//3 878//3 907//3 909//3
f 229//3191 231//3191 230//3191 228//3191
f 4586//2161 4588//2161 4587//2161 4585//2161
f 3406//3192 3407//3192 3390//3192 3394//3192
f 536//101 538//101 537//101 535//101
f 4762//1982 4765//1982 4764//1982 4763//1982
f 640//301 642//301 641//301 639//301
f 2485//32 2487//32 2614//32 2615//32
f 52//4 119//4 120//4 97//4
f 2287//3193 2349//3193 2348//3193 2286//3193
f 2461//530 2463//530 2634//530 2635//530
f 4447//4 4443//4 4442//4 4440//4 4441//4 4451//4 4448//4 4417//4 4418//4 4439//4 4446//4
f 3079//26 3081//26 3080//26 3078//26
f 124//3194 122//3194 128//3194 126//3194
f 2//3018 4//3018 3//3018 1//3018
f 6361//26 6364//26 6363//26 6362//26
f 4992//1306 4993//1306 4976//1306 4975//1306
f 6042//4 6047//4 6046//4 6043//4
f 3045//104 3047//104 3046//104 3044//104
f 6359//26 6360//26 6327//26 6328//26
f 7663//3 7665//3 7664//3 7662//3
f 7666//237 7663//237 7662//237 7667//237
f 7669//288 7670//288 7671//288 7664//288 7665//288 7668//288
f 2444//295 2446//295 2445//295 2443//295
f 2452//21 2454//21 2453//21 2451//21
f 920//26 922//26 921//26 919//26
f 6554//3 6552//3 6548//3 6547//3
f 7480//3195 7464//3195 7463//3195 7479//3195
f 6271//21 6247//21 6243//21 6242//21 6270//21
f 998//3196 1000//3196 999//3196 997//3196
f 7675//3030 7676//3030 7634//3030 7633//3030
f 8338//206 7634//206 7676//206 7594//206 7593//206
f 6178//21 6181//21 6180//21 6176//21
f 2404//21 2406//21 2405//21 2403//21
f 1745//4 1746//4 1632//4 1631//4
f 6108//3197 6109//3197 6101//3197 6100//3197
f 5137//1711 5138//1711 5117//1711 5118//1711
f 4715//3198 4716//3198 4718//3198 4717//3198
f 197//21 203//21 199//21 192//21
f 6575//4 6577//4 6576//4 6574//4
f 6821//2973 6817//2973 6814//2973 6820//2973 6823//2973 6822//2973
f 6050//4 6051//4 6047//4 6041//4
f 6497//21 6493//21 6495//21 6492//21 6498//21 6499//21
f 5601//3199 5602//3199 5543//3199 5545//3199
f 3656//3200 3657//3200 3638//3200 3639//3200
f 7720//3201 7694//3201 7696//3201 7719//3201
f 5530//3202 5531//3202 5650//3202 5652//3202
f 7438//3203 7432//3203 7431//3203 7437//3203
f 4511//3204 4513//3204 4512//3204 4510//3204
f 6472//3205 6469//3205 6446//3205 6450//3205 6451//3205
f 5715//3206 5714//3206 5713//3206 5853//3206
f 6204//12 6210//12 6211//12 6205//12
f 5948//3 5928//3 5934//3 5933//3 5946//3 5947//3
f 7829//3207 7801//3207 7773//3207 7828//3207
f 5946//3 5933//3 5929//3 5928//3 5948//3 5945//3
f 7222//3208 7223//3208 7197//3208 7195//3208
f 6169//1164 6175//1164 6173//1164 6171//1164
f 7789//3209 7840//3209 7841//3209 7788//3209
f 4546//3210 4547//3210 4543//3210 4541//3210
f 4243//1485 4244//1485 4241//1485 4242//1485
f 3206//3211 3207//3211 3197//3211 3196//3211
f 1452//3212 1447//3212 1451//3212 1450//3212
f 255//324 257//324 256//324 254//324
f 1064//3213 1066//3213 1065//3213 1063//3213
f 4618//3214 4619//3214 4621//3214 4620//3214
f 4570//3215 4572//3215 4571//3215 4569//3215
f 2426//38 2428//38 2427//38 2425//38
f 5685//74 4796//74 5683//74 5680//74 5700//74
f 2051//3216 2052//3216 2036//3216 2035//3216
f 1872//3 1844//3 1965//3 1966//3
f 1947//3 1948//3 1826//3 1825//3
f 5632//3217 5630//3217 5638//3217
f 1842//3210 1844//3210 1843//3210 1841//3210
f 838//3218 840//3218 839//3218 837//3218
f 7263//3080 7180//3080 7179//3080 7262//3080
f 7812//3219 7787//3219 7775//3219 7811//3219
f 1938//1086 1939//1086 1921//1086 1926//1086
f 3977//190 3968//190 3957//190 3978//190
f 7779//3220 7809//3220 7810//3220 7777//3220
f 5236//3081 5237//3081 5227//3081 5226//3081
f 6035//134 6037//134 6059//134 6058//134
f 1723//3221 1724//3221 1675//3221 1672//3221
f 7803//3222 7802//3222 7830//3222 7831//3222
f 11//26 12//26 8//26 7//26
f 3368//203 3369//203 3360//203 3361//203
f 7739//3223 7740//3223 7690//3223 7705//3223
f 5258//3224 5259//3224 5242//3224 5246//3224
f 7836//3225 7837//3225 7792//3225 7791//3225
f 4477//33 4924//33 4925//33 4482//33
f 7842//3226 7772//3226 7788//3226 7841//3226
f 3996//3227 3998//3227 3997//3227 3995//3227
f 2410//20 2412//20 2411//20 2409//20
f 6791//3228 6788//3228 6789//3228 6792//3228 6793//3228 6790//3228
f 7833//3229 7794//3229 7804//3229 7832//3229
f 2478//442 2480//442 2479//442 2477//442
f 5397//3230 5396//3230 5400//3230 5399//3230
f 5670//33 5668//33 5671//33 4792//33 4794//33
f 6116//3231 6117//3231 6109//3231 6108//3231
f 1367//3232 1369//3232 1357//3232 1359//3232 1381//3232 1383//3232 1385//3232 1387//3232 1389//3232
f 1727//3233 1728//3233 1679//3233 1676//3233
f 5934//74 5918//74 5930//74 5933//74
f 106//3 108//3 107//3 105//3
f 2635//3234 2636//3234 2462//3234 2461//3234
f 4599//163 4607//163 4606//163 4598//163
f 7158//3235 7119//3235 7117//3235 7157//3235
f 5911//74 5913//74 5912//74 5910//74
f 6083//3236 6084//3236 6078//3236 6077//3236
f 4895//3 4894//3 4899//3 4898//3
f 4823//3237 4824//3237 4822//3237 4821//3237
f 537//33 539//33 541//33 543//33 521//33 580//33 581//33 582//33 583//33 584//33 573//33 551//33 553//33 555//33 557//33 559//33 561//33 563//33 565//33 567//33 545//33 547//33 574//33 575//33 570//33 571//33 578//33 579//33 569//33 577//33 576//33 527//33 529//33 531//33 533//33 535//33
f 1512//3238 1506//3238 1503//3238 1511//3238
f 7871//3239 7870//3239 7913//3239 7914//3239
f 5317//37 5305//37 5293//37 5294//37
f 7892//3240 7893//3240 7877//3240 7883//3240
f 4781//461 4783//461 4782//461 4780//461
f 1973//3241 1974//3241 1819//3241 1824//3241
f 7925//3242 7858//3242 7860//3242 7924//3242
f 7868//3243 7867//3243 7916//3243 7917//3243
f 8318//3244 8320//3244 8319//3244 8317//3244
f 5044//3245 5045//3245 5032//3245 5033//3245
f 1572//3246 1574//3246 1573//3246 1571//3246
f 7936//517 7935//517 7934//517 7930//517 7931//517 7933//517 7932//517 7937//517
f 3208//3247 3209//3247 3186//3247 3198//3247
f 4576//2170 4578//2170 4577//2170 4575//2170
f 249//3248 251//3248 250//3248 248//3248
f 2700//3249 2701//3249 2695//3249 2697//3249
f 7450//3250 7451//3250 7417//3250 7419//3250
f 3198//3160 3186//3160 3174//3160 3175//3160
f 7414//3251 7395//3251 7394//3251 7413//3251
f 6604//3 6605//3 6589//3 6587//3 6603//3
f 4139//3252 4140//3252 4088//3252 4087//3252
f 1254//32 1311//32 1312//32 1310//32 1308//32 1262//32 1274//32 1272//32 1270//32 1268//32 1266//32 1286//32 1284//32 1282//32 1280//32 1276//32 1275//32 1306//32 1304//32 1302//32 1300//32 1298//32 1296//32 1294//32 1264//32 1260//32 1258//32 1256//32
f 7982//3253 7953//3253 7955//3253 7981//3253
f 5141//2270 5142//2270 5132//2270 5131//2270
f 7987//3254 7960//3254 7962//3254 7986//3254
f 8414//4 8411//4 8456//4 8467//4 8469//4 8470//4 8472//4 8444//4 8442//4 8446//4 8447//4 8449//4 8451//4 8473//4 8360//4 8364//4 8412//4 8413//4
f 1252//4 1254//4 1253//4 1251//4
f 2256//3255 2257//3255 2243//3255 2242//3255
f 367//1251 355//1251 354//1251 366//1251
f 8086//3256 8085//3256 8087//3256 8088//3256
f 7321//3257 7303//3257 7304//3257 7320//3257
f 3494//3258 3491//3258 3548//3258 3547//3258
f 6354//20 6335//20 6337//20 6339//20 6342//20 6346//20 6347//20 6352//20 6353//20
f 4438//3259 4363//3259 3785//3259 3786//3259
f 1191//3177 1192//3177 1172//3177 1178//3177
f 4891//3260 4892//3260 4887//3260 4886//3260
f 2799//3261 2791//3261 2790//3261 2798//3261
f 1236//20 1238//20 1237//20 1235//20
f 4241//476 4259//476 4260//476 4242//476
f 3475//3262 3476//3262 3453//3262 3465//3262
f 8009//3263 8008//3263 8006//3263 8343//3263 8007//3263
f 7540//3264 7539//3264 7538//3264 7537//3264
f 5969//3265 5970//3265 5961//3265 5963//3265
f 1929//3266 1930//3266 1925//3266 1926//3266 1921//3266 1922//3266 1905//3266 1912//3266 1994//3266 1995//3266
f 8031//3267 8028//3267 8029//3267 8030//3267
f 4885//64 4909//64 4876//64 4874//64 4875//64 4879//64 4908//64 4884//64
f 4010//3268 4012//3268 4178//3268 4179//3268
f 2424//168 2426//168 2425//168 2423//168
f 4106//3269 4129//3269 4128//3269 4117//3269
f 4870//3270 4867//3270 4840//3270 4901//3270 4902//3270 4893//3270 4892//3270 4891//3270 4890//3270 4903//3270 4905//3270 4907//3270 4908//3270 4879//3270 4878//3270 4877//3270 4876//3270 4909//3270 4911//3270
f 1076//3218 1078//3218 1077//3218 1075//3218
f 8068//3271 8058//3271 8057//3271 8067//3271
f 3902//3272 3907//3272 3906//3272 3905//3272
f 8005//1150 7952//1150 7951//1150 8004//1150
f 3441//1416 3453//1416 3454//1416 3452//1416
f 8099//3273 8100//3273 8094//3273 8093//3273
f 2804//3274 2825//3274 2824//3274 2805//3274
f 3739//2270 3738//2270 3754//2270 3753//2270
f 7916//3275 7867//3275 7873//3275 7915//3275
f 5933//134 5930//134 5927//134 5929//134
f 490//3276 489//3276 492//3276 491//3276
f 8075//329 8076//329 8049//329 8055//329
f 3747//3277 3748//3277 3762//3277 3761//3277
f 5928//33 5922//33 5918//33 5934//33
f 4048//3278 4051//3278 4052//3278 4055//3278 4056//3278 3987//3278 3988//3278 4040//3278 4032//3278 4057//3278 4058//3278 4043//3278 4044//3278 4047//3278
f 972//3279 974//3279 973//3279 971//3279
f 4717//3280 4718//3280 4866//3280 4719//3280
f 4181//1989 4182//1989 4016//1989 4013//1989
f 1773//3281 1774//3281 1605//3281 1604//3281
f 908//3245 910//3245 909//3245 907//3245
f 891//3282 892//3282 876//3282 879//3282
f 860//294 862//294 861//294 859//294
f 896//3283 897//3283 884//3283 883//3283
f 8097//3284 8098//3284 8096//3284 8095//3284
f 8094//3285 8095//3285 8096//3285 8093//3285
f 4283//3286 4281//3286 4297//3286 4296//3286
f 4925//32 4471//32 4469//32 4474//32 4476//32 4482//32
f 5146//3287 5147//3287 5137//3287 5136//3287
f 8112//3288 8113//3288 8079//3288 8081//3288
f 804//3289 803//3289 814//3289 813//3289
f 213//3290 215//3290 214//3290 212//3290
f 3701//163 3703//163 3726//163 3725//163
f 6450//303 6446//303 6447//303 6452//303 6453//303 6448//303
f 3488//3291 3486//3291 3483//3291 3549//3291
f 3668//3292 3667//3292 3684//3292 3683//3292
f 3469//3293 3470//3293 3460//3293 3459//3293
f 5699//32 5695//32 5691//32 5658//32 5657//32 5655//32 5654//32 5653//32 5427//32 5429//32 5439//32 5445//32 5463//32 5451//32 5450//32 5461//32 5448//32 5444//32 5425//32 5424//32 5438//32 5841//32 5851//32 5705//32 5697//32
f 3280//12 3281//12 3270//12 3271//12
f 2352//3294 2326//3294 2328//3294 2343//3294
f 2628//3295 2629//3295 2472//3295 2470//3295
f 7242//3296 7189//3296 7188//3296 7241//3296
f 3006//25 3007//25 3004//25 3005//25
f 3118//33 3121//33 4431//33 4432//33 3110//33 3108//33 3109//33 3112//33 4433//33 3120//33
f 247//3297 249//3297 248//3297 246//3297
f 4183//3298 4184//3298 4015//3298 4014//3298
f 3901//3299 3904//3299 3899//3299 3898//3299
f 2641//3300 2642//3300 2644//3300 2638//3300
f 652//3301 654//3301 653//3301 651//3301
f 826//976 828//976 827//976 825//976
f 982//223 984//223 983//223 981//223
f 354//185 355//185 339//185 338//185
f 4040//3302 4174//3302 4177//3302 4039//3302
f 4255//3303 4256//3303 4254//3303 4253//3303
f 604//163 606//163 605//163 603//163
f 973//32 961//32 947//32 881//32 873//32 1104//32 1003//32 1005//32 824//32 822//32 963//32 965//32 967//32 969//32 971//32
f 2955//3304 2960//3304 2946//3304 2945//3304
f 6429//3 6433//3 6431//3 6428//3
f 8179//910 8173//910 8172//910 8178//910
f 1929//3305 1995//3305 1998//3305 1932//3305
f 8198//3306 8197//3306 8196//3306 8199//3306
f 1460//3162 1461//3162 1459//3162 1458//3162
f 4890//3307 4891//3307 4886//3307 4888//3307
f 1266//3279 1268//3279 1267//3279 1265//3279
f 136//1990 139//1990 138//1990 137//1990
f 151//26 149//26 147//26 145//26 143//26 141//26 139//26 136//26 135//26 158//26 161//26 162//26 163//26 164//26 152//26
f 868//33 866//33 864//33 893//33 892//33 891//33 890//33 840//33 838//33 1106//33 1105//33 1009//33 1007//33 1004//33 1003//33 1104//33 1107//33 828//33 900//33 899//33 898//33 897//33 896//33 895//33 862//33 860//33 858//33 856//33 854//33 852//33 850//33 872//33 870//33
f 3075//2305 3077//2305 3076//2305 3074//2305
f 2932//3308 2934//3308 2935//3308 2933//3308 2931//3308
f 2623//100 2626//100 2471//100 2526//100
f 4383//33 4382//33 4424//33 4391//33
f 154//3072 156//3072 155//3072 153//3072
f 1148//3309 1150//3309 1149//3309 1147//3309
f 4666//3310 4667//3310 4663//3310 4661//3310
f 7845//3311 7844//3311 7927//3311 7928//3311
f 8514//12 8516//12 8506//12 8505//12
f 2857//3312 2837//3312 2838//3312 2858//3312
f 556//3313 558//3313 557//3313 555//3313
f 2091//3299 2090//3299 2130//3299 2138//3299
f 930//71 932//71 931//71 929//71
f 6819//3314 6815//3314 6816//3314 6818//3314
f 800//3315 628//3315 626//3315 816//3315
f 6814//3316 6815//3316 6813//3316 6809//3316
f 7474//3317 7470//3317 7469//3317 7473//3317
f 902//104 904//104 903//104 901//104
f 2205//3318 2204//3318 2216//3318 2220//3318
f 2888//91 2889//91 2870//91 2875//91
f 7173//3319 7174//3319 7136//3319 7135//3319
f 2361//3320 2362//3320 2359//3320 2360//3320
f 3299//3321 3300//3321 3277//3321 3276//3321
f 1708//3322 1710//3322 1713//3322 1712//3322
f 8054//3323 8074//3323 8075//3323 8055//3323
f 8239//3324 8233//3324 8240//3324
f 592//3325 593//3325 580//3325 579//3325
f 8236//33 8243//33 8242//33 8231//33
f 2121//3326 2122//3326 2120//3326 2119//3326
f 8227//3327 8226//3327 8248//3327
f 8250//3328 8228//3328 8239//3328
f 6019//33 6026//33 6025//33 6020//33
f 7811//3329 7775//3329 7777//3329 7810//3329
f 4699//134 4700//134 4704//134 4727//134 4692//134 4691//134 4728//134 4729//134
f 1758//476 1759//476 1646//476 1644//476
f 8275//3030 8272//3030 8271//3030 8274//3030
f 1813//3330 1815//3330 1978//3330 1979//3330
f 6723//26 6707//26 6704//26 6722//26
f 8275//104 8274//104 8277//104 8261//104 8260//104 8276//104
f 8278//202 8279//202 8280//202 8281//202 8262//202 8263//202
f 7399//3331 7388//3331 7397//3331 7416//3331
f 8282//3030 8283//3030 8280//3030 8279//3030
f 5947//33 5946//33 5932//33 5931//33
f 8286//3030 8256//3030 8258//3030 8285//3030
f 8254//3 8357//3 8223//3 8220//3 8221//3 8224//3 8354//3 8244//3 8245//3 8246//3 8247//3 8248//3 8249//3 8294//3 8295//3 8293//3 8292//3 8252//3
f 132//21 175//21 177//21 176//21 134//21
f 1841//993 1843//993 1962//993 1963//993
f 1794//3332 1795//3332 1574//3332 1572//3332
f 74//26 78//26 77//26 73//26
f 3887//312 3870//312 3866//312 3888//312
f 1670//3333 1672//3333 1671//3333 1669//3333
f 3568//3334 3569//3334 3564//3334 3563//3334
f 7413//3335 7394//3335 7384//3335 7412//3335
f 1559//3336 1560//3336 1558//3336 1557//3336
f 1771//2911 1772//2911 1606//2911 1603//2911
f 4275//3337 4277//3337 4276//3337 4274//3337
f 626//119 628//119 627//119 625//119
f 7188//192 7187//192 7240//192 7241//192
f 3654//3338 3656//3338 3639//3338 3641//3338
f 181//21 186//21 188//21 182//21
f 5967//3339 5968//3339 5964//3339 5965//3339
f 1681//3340 1683//3340 1732//3340 1733//3340
f 4531//91 4526//91 4525//91 4530//91
f 7990//3341 7991//3341 7963//3341 7961//3341
f 4411//3 4414//3 4409//3 4410//3 4412//3
f 3738//3342 3737//3342 3755//3342 3754//3342
f 1145//372 1147//372 1170//372 1179//372 1171//372 1177//372 1180//372 1181//372 1182//372 1183//372 1174//372 1184//372 1178//372 1149//372 1151//372 1153//372 1155//372 1157//372 1159//372 1161//372 1163//372 1165//372 1167//372
f 2474//3343 2476//3343 2475//3343 2473//3343
f 1710//3344 1809//3344 1812//3344 1713//3344
f 6419//33 6422//33 6424//33 6421//33
f 352//32 209//32 205//32 204//32 211//32 489//32 487//32 370//32 371//32 372//32 374//32 376//32 378//32 380//32 382//32 384//32 387//32 389//32 390//32 392//32 393//32 408//32 407//32 504//32 263//32 261//32 360//32 362//32 364//32 366//32 354//32 338//32 340//32 342//32 344//32 346//32 348//32 350//32
f 1477//2470 1478//2470 1476//2470 1473//2470
f 3743//3345 3742//3345 3750//3345 3749//3345
f 4580//3346 4582//3346 4581//3346 4579//3346
f 4339//3347 4340//3347 4336//3347 4335//3347
f 7816//3348 7767//3348 7782//3348 7815//3348
f 3959//3349 3976//3349 3975//3349 3960//3349
f 3848//1746 3844//1746 3846//1746 3847//1746
f 5348//253 5350//253 5376//253 5375//253
f 1240//4 1238//4 1236//4 1399//4 1406//4 1224//4 1222//4 1220//4 1218//4 1216//4 1214//4 1210//4 1208//4 1206//4 1204//4 1202//4 1318//4 1316//4 1229//4 1230//4 1402//4 1403//4 1404//4 1405//4 1401//4 1232//4 1231//4 1244//4 1242//4
f 6146//4 6153//4 6151//4 6147//4
f 1062//235 1040//235 1039//235 1061//235
f 6256//3 6259//3 6255//3 6254//3
f 8082//3350 8081//3350 8079//3350 8352//3350 8080//3350
f 3854//3042 3841//3042 3852//3042 3853//3042
f 4122//3351 4124//3351 4119//3351 4118//3351
f 946//42 933//42 935//42 945//42
f 6200//4 6199//4 6184//4 6193//4
f 6206//20 6208//20 6210//20 6204//20
f 5359//2814 5361//2814 5360//2814 5358//2814
f 8067//3352 8057//3352 8056//3352 8066//3352
f 8041//3353 8038//3353 8037//3353 8036//3353
f 1625//3354 1623//3354 1626//3354 1627//3354
f 1733//3355 1734//3355 1682//3355 1681//3355
f 7009//2941 6958//2941 6963//2941 7005//2941 7010//2941
f 22//3356 56//3356 27//3356 24//3356 21//3356
f 6713//20 6665//20 6649//20 6712//20
f 5110//3 5111//3 5122//3 5121//3 5120//3 5119//3 5118//3 5117//3 5106//3 5107//3 5108//3 5109//3
f 6088//3357 6089//3357 6075//3357 6082//3357
f 1725//3358 1726//3358 1674//3358 1673//3358
f 78//4 79//4 76//4 77//4
f 2982//3359 2921//3359 2981//3359
f 8000//3360 7946//3360 7948//3360 7999//3360
f 7817//20 7816//20 8300//20 8302//20
f 4384//74 4423//74 4420//74 4424//74 4382//74
f 6067//3 6068//3 6040//3 6039//3 6049//3
f 4381//3361 4428//3361 3775//3361 3774//3361
f 2519//4 2533//4 2535//4 2522//4 2524//4 2536//4 2558//4 2557//4 2511//4 2510//4 2551//4 2556//4 2555//4 2506//4 2505//4
f 90//12 88//12 104//12 93//12
f 5665//33 5679//33 5678//33 5666//33
f 3772//32 3771//32 3777//32 4430//32 4431//32 3121//32 3122//32 3783//32
f 6452//3362 6460//3362 6458//3362 6455//3362
f 7746//3363 7745//3363 7747//3363 7748//3363
f 311//74 313//74 312//74 310//74
f 844//3364 842//3364 840//3364 890//3364 889//3364 900//3364 828//3364 826//3364 848//3364 846//3364
f 4760//2185 4750//2185 4751//2185 4761//2185 4759//2185 4754//2185 4755//2185 4757//2185
f 2498//3365 2500//3365 2499//3365 2497//3365
f 2438//355 2440//355 2439//355 2437//355
f 1321//33 1323//33 1325//33 1327//33 1329//33 1331//33 1351//33 1353//33 1355//33 1357//33 1369//33 1397//33 1398//33 1309//33 1310//33 1312//33 1314//33 1394//33 1392//33 1381//33 1359//33 1361//33 1363//33 1365//33 1343//33 1345//33 1347//33 1349//33 1333//33 1335//33 1337//33 1339//33 1341//33 1319//33
f 5930//3265 5936//3265 5951//3265 5931//3265
f 3542//3366 3543//3366 3523//3366 3521//3366
f 5152//3367 5140//3367 5130//3367 5129//3367
f 239//3368 241//3368 240//3368 238//3368
f 100//3151 99//3151 95//3151 91//3151
f 2521//3 2492//3 2621//3 2622//3
f 1107//3276 1104//3276 873//3276 878//3276
f 1765//2169 1768//2169 1602//2169 1617//2169
f 6602//26 6603//26 6587//26 6586//26
f 8167//533 8155//533 8154//533 8166//533
f 1960//32 1961//32 1840//32 1838//32
f 6037//32 6061//32 6060//32 6055//32
f 6691//20 6693//20 6696//20 6697//20
f 8307//288 8305//288 8310//288 8311//288 8314//288 8315//288
f 6587//3369 6589//3369 6588//3369 6586//3369
f 8307//3 8315//3 8316//3 8306//3
f 6274//20 6277//20 6276//20 6275//20
f 3709//3370 3711//3370 3730//3370 3729//3370
f 5315//1711 5316//1711 5295//1711 5296//1711
f 4235//3371 4227//3371 4224//3371 4234//3371
f 4105//3044 4121//3044 4125//3044 4126//3044
f 5357//3372 5359//3372 5358//3372 5356//3372
f 6550//12 6553//12 6554//12 6547//12 6528//12
f 160//2961 135//2961 136//2961 137//2961
f 8334//3 8335//3 8332//3 8331//3
f 6528//21 6530//21 6529//21 6527//21
f 4721//3373 4865//3373 4712//3373 4710//3373
f 1493//851 1494//851 1487//851 1490//851
f 8271//4 8270//4 8355//4 8358//4 8225//4 8219//4 8218//4 8222//4 8356//4 8253//4 8337//4 8336//4 8313//4 8308//4 8310//4 8305//4 8304//4 8317//4 8319//4 8333//4 8330//4 8329//4 8327//4 8328//4 8296//4 8303//4 8297//4 8301//4 8289//4 8287//4 8286//4 8285//4 8282//4 8279//4 8278//4 8277//4 8274//4
f 2714//3374 2744//3374 2733//3374 2713//3374
f 3291//3375 3292//3375 3282//3375 3281//3375
f 106//3062 115//3062 109//3062 108//3062
f 1697//3376 1706//3376 1705//3376 1701//3376
f 4960//163 4962//163 4966//163 4965//163
f 8309//1582 8311//1582 8310//1582 8308//1582
f 5966//3377 5967//3377 5965//3377 5960//3377
f 7353//3378 7352//3378 7354//3378 7355//3378
f 2446//3 2987//3 2986//3 2985//3 2984//3 2991//3 2992//3 2422//3 2420//3 2418//3 2416//3 2414//3 2436//3 2434//3 2432//3 2430//3 2428//3 2426//3 2993//3 4831//3 4815//3 4829//3 4789//3 4787//3 4788//3 4771//3 4641//3 4640//3 4483//3 4475//3 4474//3 4469//3 4468//3 4948//3 4936//3 4929//3 4919//3 4918//3 4917//3 4914//3 4842//3 4843//3 4834//3 4835//3 1994//3 1997//3 1996//3 1993//3 1989//3 1990//3 1991//3 1992//3 1988//3 1986//3 1987//3 2388//3 2383//3 2378//3 2377//3 2358//3 2357//3 2356//3 2355//3 2354//3 2353//3 2352//3 2343//3 2342//3 2341//3 4459//3 4458//3 4457//3 4456//3 4455//3 4454//3 4453//3 4452//3 4463//3 4462//3 4461//3 2340//3 3053//3 3051//3 3049//3 3047//3 3045//3 3043//3 3041//3 3039//3 2344//3 2345//3 2346//3 3077//3 3075//3 3073//3 3071//3 3069//3 3067//3 3065//3 3063//3 3061//3 2349//3 2350//3 2351//3 2338//3 2337//3 2336//3 2335//3 2334//3 3083//3 3105//3 3103//3 3101//3 3099//3 3097//3 3095//3 3093//3 3091//3 3089//3 3087//3 3085//3 4950//3 4772//3 4774//3 4833//3 4804//3 4803//3 4832//3 2990//3 2989//3 2988//3 2982//3 4951//3 4952//3 4953//3 4954//3 4955//3 4962//3 4960//3 4961//3 4956//3 4957//3 4958//3 2978//3 2976//3 2975//3 2865//3 2864//3 3020//3 3021//3 3026//3 3029//3 2654//3 2651//3 2650//3 2653//3 2652//3 2649//3 2645//3 2646//3 2647//3 2648//3 2644//3 2642//3 2643//3 3033//3 3027//3 3023//3 3022//3 3003//3 3002//3 3001//3 3000//3 2999//3 2440//3 2438//3 2460//3 2458//3 2456//3 2454//3 2452//3 2450//3 2448//3
f 7069//3379 7070//3379 7045//3379 7043//3379
f 6021//74 6023//74 6026//74 6019//74
f 4469//33 4471//33 4473//33 4472//33 4470//33 4468//33
f 974//74 972//74 970//74 968//74 966//74 964//74 960//74 958//74 1006//74 1004//74 1007//74 954//74 952//74 950//74 948//74 962//74
f 6330//3 6334//3 6336//3 6335//3 6333//3 6332//3
f 39//3 40//3 38//3 37//3
f 4209//3380 4206//3380 4207//3380 4208//3380
f 970//181 972//181 971//181 969//181
f 6358//128 6359//128 6328//128 6326//128 6336//128 6334//128
f 8013//3381 8010//3381 8011//3381 8012//3381
f 6348//182 6382//182 6385//182 6384//182 6349//182
f 5131//34 5132//34 5123//34 5124//34
f 6479//21 6486//21 6489//21 6488//21
f 6396//182 6399//182 6400//182 6398//182 6397//182
f 1226//3382 1212//3382 1211//3382 1225//3382
f 6406//2967 6410//2967 6411//2967 193//2967
f 6169//3 6171//3 6170//3 6168//3
f 4864//3 4838//3 4537//3 4536//3 4535//3 4712//3 4865//3
f 3784//4 3782//4 3781//4 3780//4 3779//4 3778//4 3765//4 3766//4 3767//4 3768//4 3769//4 3770//4 3759//4 3760//4 3761//4 3690//4 3691//4 3692//4 3783//4
f 6627//3383 6629//3383 6628//3383 6626//3383
f 546//3384 548//3384 547//3384 545//3384
f 4596//202 4604//202 4603//202 4595//202
f 4484//3 4486//3 4913//3 4915//3
f 6480//21 6485//21 6484//21 6483//21 6482//21 6481//21
f 42//26 44//26 43//26 41//26
f 6557//3 6562//3 6560//3 6559//3 6564//3
f 8334//288 8333//288 8319//288 8320//288 8322//288 8335//288
f 2363//3385 2364//3385 2362//3385 2361//3385
f 7837//3386 7838//3386 7793//3386 7792//3386
f 8269//4 8255//4 8356//4 8222//4 8225//4 8358//4 8355//4 8268//4
f 8329//1582 8326//1582 8324//1582 8327//1582
f 8324//206 8323//206 8328//206 8327//206
f 8306//91 8316//91 8321//91 8318//91 8317//91 8304//91
f 8337//209 8292//209 8293//209 8336//209
f 6675//3387 6676//3387 6673//3387 6671//3387
f 466//3388 468//3388 467//3388 465//3388
f 8312//3 8314//3 8311//3 8309//3
f 1066//22 1068//22 1067//22 1065//22
f 8312//209 8309//209 8308//209 8313//209
f 6057//3 6059//3 6037//3 6055//3
f 5556//3389 5558//3389 5557//3389 5555//3389
f 5885//3390 5860//3390 5861//3390 5884//3390
f 4590//104 4610//104 4609//104 4589//104
f 1626//3391 1628//3391 1617//3391 1616//3391
f 7232//3392 7205//3392 7221//3392 7231//3392
f 8348//3393 8138//3393 8344//3393
f 5057//3394 5058//3394 5048//3394 5047//3394
f 1673//3395 1675//3395 1724//3395 1725//3395
f 5597//3396 5598//3396 5551//3396 5553//3396
f 2750//3397 2749//3397 2759//3397 2765//3397
f 6055//3 6052//3 6053//3 6054//3
f 4452//38 4453//38 4440//38 4442//38
f 3746//3398 3747//3398 3761//3398 3760//3398
f 5922//4 5927//4 5926//4 5923//4
f 6795//12 6792//12 6789//12 6824//12 6797//12
f 4167//4 4168//4 4054//4 4053//4
f 8233//3399 8239//3399 8228//3399
f 5351//3400 5353//3400 5352//3400 5350//3400
f 4455//1269 4456//1269 4448//1269 4451//1269
f 6579//228 6581//228 6580//228 6578//228
f 3620//3401 3623//3401 3622//3401 3621//3401
f 706//4 708//4 707//4 705//4
f 4548//461 4553//461 4552//461 4549//461
f 359//3402 361//3402 360//3402 358//3402
f 343//3403 345//3403 344//3403 342//3403
f 1584//3404 1586//3404 1585//3404 1583//3404
f 281//840 282//840 271//840 270//840
f 110//3 109//3 112//3 111//3
f 5733//3405 5734//3405 5735//3405 5721//3405 5720//3405
f 5864//333 5883//333 5876//333 5865//333
f 2490//33 2492//33 2491//33 2489//33
f 3620//3406 3621//3406 3619//3406
f 6208//4 6209//4 6211//4 6210//4
f 5922//32 5924//32 5943//32 5944//32
f 8206//3407 8205//3407 8212//3407 8213//3407
f 2637//3305 2639//3305 2638//3305 2464//3305
f 295//231 297//231 296//231 294//231
f 6800//3408 6809//3408 6813//3408 6811//3408
f 4896//3 4897//3 4900//3 4912//3 4487//3 4485//3 4916//3 4639//3 4644//3 4645//3 4686//3 4656//3 4657//3 4682//3 4680//3 4670//3 4671//3 4674//3 4676//3 4871//3 4910//3 4882//3 4883//3 4906//3 4904//3
f 758//2313 760//2313 759//2313 757//2313
f 5930//4 5918//4 5938//4 5935//4
f 4503//74 4502//74 4514//74 4515//74
f 375//223 377//223 376//223 374//223
f 1152//717 1154//717 1153//717 1151//717
f 3473//3211 3474//3211 3464//3211 3463//3211
f 1322//3409 1324//3409 1323//3409 1321//3409
f 499//4 500//4 299//4 297//4 295//4 293//4 412//4 410//4
f 1098//20 1100//20 1111//20 1110//20
f 170//3 167//3 168//3 169//3
f 3789//134 3615//134 3610//134 3612//134 3787//134 3788//134 3601//134 3606//134 3607//134 3790//134
f 1290//3410 1292//3410 1291//3410 1289//3410
f 462//3411 464//3411 463//3411 461//3411
f 2938//3412 2937//3412 2965//3412 2964//3412
f 69//4 70//4 82//4 85//4 86//4 94//4 97//4 71//4
f 6597//26 6594//26 6595//26 6590//26 6592//26 6596//26
f 6045//3 6072//3 6052//3 6131//3 6134//3 6135//3 6127//3 6044//3
f 2908//3413 2927//3413 2926//3413 2909//3413
f 3008//3414 3009//3414 3007//3414 3006//3414
f 6196//20 6197//20 6198//20 6199//20 6200//20 6201//20 6202//20 6203//20 6195//20 6194//20
f 2611//3 2612//3 2482//3 2481//3
f 2498//578 2506//578 2507//578 2500//578
f 5970//3415 5971//3415 5962//3415 5961//3415
f 2872//203 2878//203 2879//203 2866//203
f 2975//3416 2976//3416 2933//3416 2935//3416 2974//3416
f 3794//3417 3793//3417 4333//3417 4332//3417
f 1518//3418 1500//3418 1499//3418 1517//3418
f 6632//3021 6633//3021 6630//3021 6631//3021
f 1160//550 1162//550 1161//550 1159//550
f 1202//288 1204//288 1203//288 1201//288
f 6082//3 6075//3 6076//3 6077//3 6078//3 6079//3 6080//3 6081//3
f 1940//3419 1941//3419 1920//3419 1919//3419
f 6207//21 6209//21 6208//21 6206//21
f 8333//3244 8334//3244 8331//3244 8330//3244
f 6118//3420 6119//3420 6111//3420 6110//3420
f 2603//3 2604//3 2474//3 2473//3
f 7754//3421 7752//3421 7751//3421 7753//3421
f 6120//3422 6121//3422 6113//3422 6112//3422
f 6817//3423 6788//3423 6825//3423 6816//3423
f 1695//3424 1716//3424 1719//3424 1696//3424
f 644//135 629//135 631//135 643//135
f 5580//3425 5579//3425 5819//3425 5818//3425
f 836//3426 838//3426 837//3426 835//3426
f 778//134 776//134 774//134 772//134 793//134 789//134 730//134 728//134 726//134 752//134 750//134 748//134 746//134 744//134 768//134 766//134 788//134 786//134 784//134 782//134 780//134
f 6138//4 6145//4 6143//4 6139//4
f 5492//4 5493//4 5494//4 5495//4 5496//4 5497//4 5498//4 5499//4 5416//4 5417//4 5418//4 5419//4 5420//4 5421//4 5513//4 5514//4 5511//4 5510//4 5491//4
f 2561//3427 2599//3427 2600//3427 2559//3427
f 4467//74 4382//74 4387//74 4464//74
f 6705//3 6706//3 6708//3 6709//3 6714//3 6715//3 6716//3 6713//3 6712//3 6711//3
f 2660//571 2659//571 2669//571 2675//571
f 6112//3428 6113//3428 6105//3428 6104//3428
f 2561//344 2578//344 2598//344 2599//344
f 5049//12 5050//12 5027//12 5028//12
f 2058//224 2088//224 2077//224 2057//224
f 3120//3 4433//3 4435//3 4434//3 3119//3
f 6614//3429 6615//3429 6613//3429 6612//3429
f 4798//32 4797//32 4792//32 4791//32
f 302//59 303//59 289//59 288//59
f 1254//3430 1256//3430 1255//3430 1253//3430
f 5321//1702 5322//1702 5312//1702 5311//1702
f 6199//3431 6198//3431 6185//3431 6184//3431
f 2489//32 2491//32 2618//32 2619//32
f 4741//3432 4743//3432 4742//3432 4740//3432
f 179//300 178//300 125//300 130//300 174//300
f 6609//20 6608//20 6607//20 6606//20
f 6435//3 6437//3 6436//3 6434//3
f 3548//3433 3549//3433 3535//3433 3537//3433
f 4600//12 4608//12 4607//12 4599//12
f 4378//3434 3790//3434 3607//3434 3608//3434
f 7968//3435 7979//3435 7980//3435 7957//3435
f 2760//851 2761//851 2758//851 2757//851
f 662//185 661//185 657//185 658//185
f 4655//191 4657//191 4656//191 4654//191
f 5320//1363 5321//1363 5311//1363 5310//1363
f 4753//3 4755//3 4754//3 4752//3
f 1189//3436 1190//3436 1184//3436 1174//3436
f 1395//2232 1396//2232 1398//2232 1397//2232
f 7141//3437 7126//3437 7108//3437 7178//3437
f 7909//3438 7910//3438 7866//3438 7865//3438
f 6239//3 6241//3 6240//3 6238//3
f 716//4 714//4 803//4 804//4 805//4 610//4 608//4 606//4 604//4 602//4 600//4 598//4
f 7621//209 7620//209 7623//209 7624//209
f 1086//3439 1064//3439 1063//3439 1085//3439
f 1229//227 1236//227 1235//227 1227//227
f 6287//20 6289//20 6304//20 6286//20
f 5853//3440 5713//3440 5712//3440 5857//3440
f 8444//33 8472//33 8474//33 8443//33
f 4117//3441 4101//3441 4100//3441 4116//3441
f 6279//26 6281//26 6280//26 6278//26
f 2705//3189 2708//3189 2692//3189 2691//3189
f 285//3442 286//3442 273//3442 272//3442
f 7997//3443 7973//3443 7971//3443 7996//3443
f 6612//3444 6613//3444 6611//3444 6610//3444
f 70//12 113//12 114//12 110//12 111//12
f 3982//284 3984//284 3983//284 3981//284
f 1798//3445 1801//3445 1800//3445 1799//3445
f 2779//3446 2780//3446 2774//3446 2776//3446
f 3195//168 3196//168 3177//168 3178//168
f 7442//3447 7439//3447 7440//3447 7441//3447
f 6396//20 6397//20 6395//20 6394//20
f 3920//3448 3919//3448 3903//3448 3902//3448 3905//3448 3901//3448 3900//3448 3929//3448 3930//3448 3931//3448 3934//3448 3932//3448 3933//3448 3926//3448 3927//3448 3928//3448 3916//3448 3917//3448 3922//3448 3924//3448
f 1882//3449 1968//3449 1967//3449 1877//3449 1876//3449
f 1342//3450 1320//3450 1319//3450 1341//3450
f 5779//3451 5761//3451 5762//3451 5763//3451 5780//3451 5778//3451
f 4036//3452 4038//3452 4027//3452 4026//3452
f 6897//3065 6899//3065 6874//3065 6873//3065 6902//3065 6901//3065
f 752//3453 754//3453 753//3453 751//3453
f 4372//3 4371//3 3698//3 3696//3 3720//3 3718//3 3716//3 3714//3 3712//3 3710//3 3708//3 3706//3 3467//3 3466//3 4364//3
f 3809//3454 3814//3454 3829//3454 3819//3454 3818//3454 3807//3454
f 5491//4 5510//4 5505//4 5504//4 5516//4 5515//4 5512//4 5513//4 5421//4 5422//4 5423//4 5412//4 5413//4 5414//4 5415//4 5416//4 5499//4 5500//4 5501//4 5502//4 5490//4
f 2629//3455 2630//3455 2467//3455 2472//3455
f 3545//3456 3546//3456 3526//3456 3528//3456
f 6511//12 6512//12 6509//12 6507//12
f 1474//3457 1479//3457 1478//3457 1477//3457
f 4245//3458 4246//3458 4244//3458 4243//3458
f 4773//292 4775//292 4774//292 4772//292
f 4576//32 4575//32 4587//32 4588//32
f 3377//3287 3378//3287 3368//3287 3367//3287
f 6475//12 6474//12 6436//12 6437//12
f 2258//3459 2259//3459 2245//3459 2244//3459
f 1663//3460 1668//3460 1667//3460 1661//3460
f 4465//32 4386//32 4383//32 4466//32
f 4957//227 4956//227 4963//227 4974//227
f 7719//3461 7696//3461 7698//3461 7718//3461
f 6485//12 6542//12 6535//12 6536//12
f 1837//74 1839//74 1958//74 1959//74
f 8072//3462 8073//3462 8053//3462 8052//3462
f 6537//26 6501//26 6485//26 6536//26
f 6806//3463 6804//3463 6802//3463 6799//3463 6812//3463
f 7710//3464 7732//3464 7733//3464 7708//3464
f 698//4 700//4 699//4 697//4
f 7760//1253 7758//1253 7757//1253 7759//1253
f 2238//231 2239//231 2225//231 2224//231
f 6478//26 6480//26 6481//26 6479//26 6476//26 6477//26
f 3546//3465 3547//3465 3524//3465 3526//3465
f 4532//20 4527//20 4526//20 4531//20
f 4538//26 4517//26 4518//26 4537//26
f 2798//3466 2790//3466 2796//3466 2797//3466
f 6349//20 6351//20 6350//20 6348//20
f 1737//3467 1738//3467 1686//3467 1685//3467
f 498//301 497//301 509//301 508//301
f 6624//21 6625//21 6627//21 6626//21
f 5041//253 5042//253 5035//253 5036//253
f 8288//3030 8254//3030 8255//3030 8269//3030 8264//3030 8266//3030 8273//3030 8276//3030 8260//3030 8262//3030 8281//3030 8284//3030 8259//3030 8257//3030 8287//3030 8289//3030 8291//3030 8290//3030
f 1494//3468 1496//3468 1492//3468 1491//3468 1475//3468 1474//3468 1477//3468 1473//3468 1472//3468 1501//3468 1502//3468 1503//3468 1506//3468 1504//3468 1505//3468 1498//3468 1499//3468 1500//3468 1488//3468 1489//3468
f 4624//3469 4690//3469 4635//3469 4625//3469
f 1829//74 1831//74 1950//74 1951//74
f 6670//3470 6672//3470 6685//3470 6674//3470
f 3509//3471 3506//3471 3543//3471 3542//3471
f 5226//1711 5227//1711 5206//1711 5207//1711
f 8286//206 8287//206 8257//206 8256//206
f 3966//3472 3973//3472 3972//3472 3963//3472
f 2924//3473 2991//3473 2984//3473 2923//3473
f 6695//3 6694//3 6688//3 6690//3
f 8283//104 8282//104 8285//104 8258//104 8259//104 8284//104
f 1644//33 1646//33 1645//33 1643//33
f 2864//3474 2865//3474 2847//3474 2846//3474 2851//3474 2860//3474
f 2913//3 2914//3 2903//3 2902//3 2901//3
f 8277//3030 8278//3030 8263//3030 8261//3030
f 674//134 676//134 675//134 673//134
f 5464//3475 5465//3475 5446//3475 5447//3475
f 1741//4 1744//4 1633//4 1648//4
f 942//3476 944//3476 943//3476 941//3476
f 8276//3 8273//3 8272//3 8275//3
f 1696//3477 1707//3477 1706//3477 1697//3477
f 2017//2 2018//2 2015//2 2014//2
f 4708//20 4706//20 4705//20 4707//20
f 5675//134 5691//134 5695//134 5694//134
f 8268//204 8265//204 8264//204 8269//204
f 1212//4 1226//4 1224//4 1406//4 1318//4 1202//4 1200//4 1198//4
f 1404//3476 1403//3476 1415//3476 1414//3476
f 3461//26 3462//26 3445//26 3446//26
f 4636//3050 4631//3050 4629//3050 4637//3050
f 7315//3478 7307//3478 7309//3478 7314//3478
f 2228//3 2229//3 2223//3 2224//3 2225//3 2226//3 2233//3 2234//3 2230//3 2231//3 2232//3 2227//3
f 6564//3479 6559//3479 6561//3479 6555//3479
f 6418//32 6423//32 6422//32 6419//32
f 7317//3480 7294//3480 7305//3480 7316//3480
f 8237//596 8247//596 8246//596 8238//596
f 8246//74 8245//74 8234//74 8238//74
f 8238//3 8234//3 8235//3 8236//3 8231//3 8232//3 8233//3 8228//3 8229//3 8230//3 8226//3 8227//3 8237//3
f 8244//577 8235//577 8234//577 8245//577
f 2105//3481 2099//3481 2104//3481 2103//3481
f 2431//4 2433//4 2435//4 2413//4 2415//4 2417//4 2419//4 2421//4 5698//4 5696//4 2397//4 2399//4 2401//4 2403//4 2405//4 2407//4 2409//4 2411//4 5815//4 5816//4 5817//4 5818//4 5819//4 5806//4 5807//4 5808//4 5809//4 2445//4 2447//4 2449//4 2451//4 2453//4 2455//4 2457//4 2459//4 2437//4 2439//4 2441//4 2443//4 5805//4 5804//4 5803//4 5802//4 5801//4 5800//4 5799//4 5798//4 5797//4 5796//4 5795//4 5756//4 5757//4 1554//4 1553//4 1812//4 1809//4 1808//4 1810//4 1811//4 1807//4 1803//4 1804//4 1805//4 1806//4 1802//4 1800//4 1801//4 1570//4 1569//4 5738//4 5739//4 5794//4 5793//4 5734//4 5733//4 4971//4 4972//4 4973//4 4974//4 4963//4 4964//4 5694//4 5695//4 5699//4 2427//4 2429//4
f 7462//3482 7461//3482 7475//3482 7476//3482 7477//3482 7478//3482
f 7756//3483 7755//3483 7757//3483 7758//3483
f 8241//537 8232//537 8231//537 8242//537
f 6730//21 6732//21 6741//21 6740//21
f 5759//3484 5784//3484 5770//3484 5768//3484
f 2255//3485 2256//3485 2242//3485 2241//3485
f 2222//3486 2198//3486 2197//3486 2202//3486 2217//3486 2221//3486
f 5238//3487 5239//3487 5216//3487 5228//3487
f 210//134 211//134 204//134 206//134
f 1817//3488 1819//3488 1974//3488 1975//3488
f 3027//3489 3033//3489 3032//3489 3028//3489
f 3462//202 3463//202 3444//202 3445//202
f 7375//3490 7374//3490 7379//3490 7376//3490
f 2657//2231 2656//2231 2680//2231 2686//2231
f 1440//3491 1431//3491 1433//3491 1439//3491
f 1017//134 1043//134 1045//134 1047//134 1049//134 1051//134 1053//134 1065//134 1067//134 1093//134 1094//134 1005//134 1006//134 1008//134 1037//134 1015//134
f 3296//1363 3297//1363 3287//1363 3286//1363
f 5620//3492 5621//3492 5616//3492 5615//3492
f 3500//3493 3497//3493 3546//3493 3545//3493
f 6427//134 6429//134 6428//134 6426//134
f 1928//3494 1930//3494 1929//3494 1927//3494
f 2367//212 2368//212 2374//212 2373//212
f 4595//38 4603//38 4602//38 4601//38
f 8208//3495 8211//3495 8212//3495 8205//3495
f 6180//3 6181//3 6183//3 6182//3
f 4248//4 4247//4 4250//4 4249//4
f 5665//74 5666//74 5662//74 5661//74
f 3845//3496 3846//3496 3837//3496 3810//3496 3805//3496 3804//3496
f 1526//147 1552//147 1541//147 1521//147
f 2605//3 2606//3 2479//3 2476//3
f 6226//3497 6237//3497 6233//3497 6227//3497
f 3562//3498 3563//3498 3556//3498 3554//3498
f 8033//3499 8031//3499 8030//3499 8032//3499
f 595//3500 596//3500 583//3500 582//3500
f 700//3501 702//3501 701//3501 699//3501
f 2376//911 2369//911 2372//911 2374//911 2368//911 2359//911 2079//911 2080//911 2078//911 2077//911 2088//911 2085//911 2086//911 2087//911 2082//911 2083//911 2084//911 2169//911 2177//911 2178//911 2174//911 2175//911 2176//911 2173//911 2171//911 2172//911 2364//911 2366//911 2378//911 2383//911 2382//911 2381//911 2380//911 2379//911
f 2495//577 2508//577 2509//577 2493//577
f 2694//3502 2691//3502 2690//3502 2696//3502 2695//3502 2693//3502
f 337//3315 322//3315 324//3315 336//3315
f 4792//3 5673//3 5672//3 4794//3
f 1138//98 1140//98 1139//98 1137//98
f 3252//3 3253//3 3264//3 3263//3
f 2593//3503 2594//3503 2582//3503 2580//3503
f 2613//3 2614//3 2487//3 2484//3
f 147//3076 149//3076 148//3076 146//3076
f 6675//79 6671//79 6670//79 6674//79
f 8033//3504 8032//3504 8034//3504 8035//3504
f 1154//2483 1156//2483 1155//2483 1153//2483
f 3010//3505 3011//3505 3009//3505 3008//3505
f 2815//312 2832//312 2831//312 2811//312
f 5055//160 5056//160 5046//160 5045//160
f 7319//3506 7290//3506 7292//3506 7318//3506
f 2810//147 2834//147 2833//147 2806//147
f 3733//3507 3745//3507 3747//3507 3746//3507
f 3043//20 3045//20 3044//20 3042//20
f 8071//3508 8072//3508 8052//3508 8051//3508
f 4368//3509 3116//3509 4366//3509 4367//3509
f 7827//3510 7771//3510 7770//3510 7826//3510
f 235//3511 213//3511 212//3511 234//3511
f 452//3512 454//3512 453//3512 451//3512
f 3705//26 3707//26 3728//26 3727//26
f 143//3513 145//3513 144//3513 142//3513
f 8125//3514 8124//3514 8148//3514 8149//3514
f 3139//3515 3140//3515 3123//3515 3127//3515
f 3099//163 3101//163 3100//163 3098//163
f 3713//3160 3715//3160 3732//3160 3731//3160
f 3091//20 3093//20 3092//20 3090//20
f 5324//3516 5325//3516 5315//3516 5314//3516
f 1793//3517 1794//3517 1572//3517 1571//3517
f 564//2957 566//2957 565//2957 563//2957
f 2204//3518 2205//3518 2193//3518 2191//3518
f 8184//3519 8186//3519 8187//3519 8185//3519
f 4281//3520 4283//3520 4282//3520 4280//3520
f 6857//20 6858//20 6854//20 6853//20
f 6735//113 6737//113 6736//113 6734//113
f 8180//517 8182//517 8184//517 8185//517
f 6860//26 6859//26 6855//26 6856//26
f 6119//3521 6120//3521 6112//3521 6111//3521
f 3989//3522 3991//3522 4194//3522 4195//3522
f 524//3523 526//3523 525//3523 523//3523
f 3716//3524 3718//3524 3717//3524 3715//3524
f 7052//3525 7053//3525 7030//3525 7032//3525
f 2203//3526 2205//3526 2220//3526 2219//3526
f 2883//26 2884//26 2876//26 2869//26
f 8179//3527 8178//3527 8177//3527 8176//3527
f 500//156 499//156 507//156 511//156
f 8175//3528 8174//3528 8172//3528 8173//3528
f 2469//3529 2471//3529 2626//3529 2627//3529
f 3468//1529 3469//1529 3459//1529 3458//1529
f 7517//564 7515//564 7516//564 7513//564 7514//564
f 3203//3530 3204//3530 3194//3530 3193//3530
f 3470//3531 3471//3531 3461//3531 3460//3531
f 7542//237 7543//237 7549//237 7546//237 7547//237 7548//237 7545//237 7550//237 7551//237 7530//237 7531//237 7533//237 7535//237 7538//237 7539//237
f 2971//3532 2972//3532 2939//3532 2938//3532 2964//3532
f 3833//3533 3834//3533 3832//3533 3831//3533
f 3196//580 3197//580 3176//580 3177//580
f 5149//3534 5150//3534 5127//3534 5139//3534
f 8151//3535 8133//3535 8128//3535 8127//3535
f 68//26 70//26 69//26 67//26
f 3025//3536 3031//3536 3030//3536 3024//3536
f 5231//1363 5232//1363 5222//1363 5221//1363
f 1609//3537 1611//3537 1610//3537 1608//3537
f 8165//3538 8166//3538 8154//3538 8160//3538
f 692//3539 694//3539 693//3539 691//3539
f 8211//1253 8208//1253 8202//1253 8203//1253
f 8164//3540 8153//3540 8152//3540 8163//3540
f 3200//3541 3201//3541 3191//3541 3190//3541
f 620//3542 622//3542 621//3542 619//3542
f 548//3543 550//3543 549//3543 547//3543
f 684//3544 686//3544 685//3544 683//3544
f 6132//3545 6135//3545 6134//3545 6133//3545
f 4187//1708 4188//1708 4019//1708 4018//1708
f 5508//3546 5704//3546 5705//3546 5509//3546
f 3197//21 3198//21 3175//21 3176//21
f 3560//3547 3585//3547 3584//3547 3559//3547
f 3194//26 3195//26 3178//26 3179//26
f 7533//3548 7534//3548 7536//3548 7535//3548
f 4001//3549 4000//3549 4007//3549 4006//3549
f 540//3550 542//3550 541//3550 539//3550
f 8146//3551 8132//3551 8131//3551 8145//3551
f 3300//3552 3288//3552 3278//3552 3277//3552
f 2279//3553 2338//3553 2351//3553
f 8140//3554 8117//3554 8116//3554 8139//3554
f 7728//3555 7729//3555 7714//3555 7691//3555
f 8181//3556 8180//3556 8185//3556 8187//3556 8351//3556
f 7381//237 7382//237 7383//237 7384//237 7345//237 7344//237 7378//237 7379//237 7374//237 7366//237 7369//237 7371//237 7373//237 7364//237 7392//237 7393//237 7387//237 7386//237 7385//237 7380//237
f 6815//3116 6819//3116 6807//3116 6813//3116
f 828//3512 830//3512 829//3512 827//3512
f 418//3557 420//3557 419//3557 417//3557
f 3382//1271 3383//1271 3373//1271 3372//1271
f 614//3558 613//3558 609//3558 610//3558
f 3318//162 3319//162 3302//162 3301//162
f 662//3102 664//3102 663//3102 661//3102
f 3370//2305 3371//2305 3358//2305 3359//2305
f 4035//3559 4033//3559 4036//3559 4037//3559
f 8156//3560 8155//3560 8167//3560 8168//3560
f 3567//3561 3568//3561 3563//3561 3562//3561
f 2063//190 2087//190 2086//190 2059//190
f 276//3562 277//3562 268//3562 275//3562
f 7101//3563 7102//3563 7090//3563 7089//3563
f 3285//580 3286//580 3265//580 3266//580
f 8114//3564 8113//3564 8112//3564 8111//3564
f 5220//34 5221//34 5212//34 5213//34
f 6773//3565 6774//3565 6776//3565 6775//3565
f 3544//3566 3545//3566 3528//3566 3530//3566
f 3491//3567 3488//3567 3549//3567 3548//3567
f 8095//2631 8094//2631 8100//2631 8107//2631 8105//2631 8103//2631 8102//2631 8110//2631 8111//2631 8112//2631 8081//2631 8082//2631 8089//2631 8087//2631 8085//2631 8084//2631 8092//2631 8097//2631
f 3667//3568 3666//3568 3685//3568 3684//3568
f 8110//533 8102//533 8101//533 8109//533
f 7159//3569 7110//3569 7119//3569 7158//3569
f 8106//3570 8104//3570 8103//3570 8105//3570
f 8186//1150 8184//1150 8182//1150 8183//1150
f 2113//3571 2110//3571 2109//3571 2115//3571 2114//3571 2112//3571
f 8103//3572 8104//3572 8101//3572 8102//3572
f 2725//483 2740//483 2739//483 2721//483
f 7680//1150 7683//1150 7681//1150 7679//1150
f 890//3573 891//3573 879//3573 877//3573
f 3699//12 3701//12 3725//12 3724//12
f 286//71 285//71 284//71 283//71 247//71 245//71 243//71 241//71 239//71 237//71 259//71 257//71 255//71 253//71 251//71 280//71 279//71 504//71 407//71 405//71 402//71 401//71 503//71 506//71 411//71 412//71 495//71 502//71 505//71 227//71 225//71 223//71 221//71 219//71 217//71 215//71 276//71 287//71
f 3732//1269 3715//1269 3717//1269 3721//1269
f 980//2209 982//2209 981//2209 979//2209
f 964//3574 966//3574 965//3574 963//3574
f 7986//3575 7962//3575 7964//3575 7985//3575
f 8085//3576 8086//3576 8083//3576 8084//3576
f 8437//21 8438//21 8419//21 8421//21 8425//21 8428//21 8430//21 8432//21 8434//21 8436//21
f 7824//3577 7778//3577 7776//3577 7823//3577
f 8078//3578 8061//3578 8042//3578 8047//3578
f 940//288 942//288 941//288 939//288
f 8078//3579 8047//3579 8048//3579 8077//3579
f 3035//3370 3037//3370 3036//3370 3034//3370
f 1004//4 1006//4 1005//4 1003//4
f 3467//3580 3468//3580 3458//3580 3457//3580
f 8090//3581 8089//3581 8082//3581 8080//3581
f 7754//3582 7753//3582 7765//3582 7766//3582
f 8069//3583 8059//3583 8058//3583 8068//3583
f 2240//20 2241//20 2233//20 2226//20
f 3820//3216 3819//3216 3830//3216 3835//3216
f 1102//3245 1101//3245 1109//3245 1108//3245
f 3993//3584 4200//3584 4199//3584 3994//3584
f 1569//3585 1570//3585 1568//3585 1567//3585
f 4239//3586 4229//3586 4231//3586 4238//3586
f 8065//3587 8046//3587 8045//3587 8064//3587
f 8064//3588 8045//3588 8044//3588 8063//3588
f 1028//225 1030//225 1029//225 1027//225
f 1140//131 1142//131 1141//131 1139//131
f 7903//3589 7864//3589 7846//3589 7902//3589
f 1068//1177 1070//1177 1069//1177 1067//1177
f 1012//74 1014//74 1013//74 1011//74
f 6029//74 6031//74 6034//74 6027//74
f 7941//3590 7942//3590 7937//3590 7932//3590
f 5144//3591 5145//3591 5135//3591 5134//3591
f 5621//3592 5622//3592 5617//3592 5616//3592
f 7822//3593 7823//3593 7776//3593 7785//3593
f 3986//3594 3988//3594 3987//3594 3985//3594
f 4310//3595 4311//3595 3552//3595 3551//3595
f 2266//3596 2285//3596 2284//3596 2267//3596
f 782//2147 784//2147 783//2147 781//2147
f 4042//284 4044//284 4043//284 4041//284
f 7998//3597 7974//3597 7973//3597 7997//3597
f 1555//3598 1556//3598 1553//3598 1554//3598
f 766//3599 768//3599 767//3599 765//3599
f 2424//3 2422//3 2992//3 2993//3 2426//3
f 4148//3600 4149//3600 4098//3600 4096//3600
f 708//32 706//32 709//32 710//32 654//32 652//32 650//32 648//32 646//32 660//32 672//32 670//32 668//32 666//32 664//32 686//32 684//32 682//32
f 1430//3601 1436//3601 5898//3601 5897//3601 5890//3601 1428//3601
f 7818//3602 7769//3602 7768//3602 7817//3602
f 8040//3603 8006//3603 8008//3603 8039//3603
f 7214//3604 7256//3604 7257//3604 7212//3604
f 4066//3605 4069//3605 4072//3605 4076//3605
f 4106//3606 4117//3606 4116//3606 4107//3606
f 2432//1269 2434//1269 2433//1269 2431//1269
f 8037//533 8029//533 8028//533 8036//533
f 8253//204 8356//204 8255//204 8254//204 8252//204
f 8027//3607 8026//3607 8035//3607 8034//3607
f 8015//3608 8014//3608 8016//3608 8017//3608
f 4709//26 4711//26 4714//26 4713//26
f 8019//3609 8018//3609 8025//3609 8024//3609
f 8024//3610 8025//3610 8023//3610 8022//3610
f 6059//74 6057//74 6056//74 6058//74 6065//74 6068//74 6070//74 6073//74
f 1156//1020 1158//1020 1157//1020 1155//1020
f 8022//3611 8023//3611 8020//3611 8021//3611
f 2282//2001 2344//2001 2340//2001 2281//2001
f 7264//3612 7265//3612 7193//3612 7181//3612
f 952//3301 954//3301 953//3301 951//3301
f 3459//163 3460//163 3447//163 3448//163
f 7083//3613 7084//3613 7082//3613 7081//3613
f 1531//3614 1548//3614 1547//3614 1532//3614
f 996//3615 998//3615 997//3615 995//3615
f 3812//3616 3813//3616 3809//3616 3808//3616
f 8019//579 8011//579 8010//579 8018//579
f 1400//3 1392//3 1391//3 1235//3 1237//3 1239//3 1115//3 1116//3 1117//3 1205//3 1207//3 1209//3 1213//3 1215//3 1217//3 1219//3 1407//3
f 3788//3617 3787//3617 4362//3617 3792//3617
f 1924//3618 1926//3618 1925//3618 1923//3618
f 1124//171 1126//171 1125//171 1123//171
f 5059//3619 5060//3619 5050//3619 5049//3619
f 6110//1946 6111//1946 6103//1946 6102//1946
f 8136//3620 8137//3620 8115//3620
f 7949//323 8002//323 8003//323 7950//323
f 3536//3621 3538//3621 3537//3621 3535//3621
f 4516//38 4539//38 4528//38 4523//38
f 1204//3476 1206//3476 1205//3476 1203//3476
f 7995//3622 7969//3622 7956//3622 7994//3622
f 6694//3623 6695//3623 6693//3623 6691//3623 6692//3623
f 6591//3624 6593//3624 6592//3624 6590//3624
f 3381//3531 3382//3531 3372//3531 3371//3531
f 2261//3625 2248//3625 2235//3625 2247//3625
f 7742//3626 7743//3626 7686//3626 7685//3626
f 3014//1946 3021//1946 3020//1946 3015//1946
f 7993//3627 7954//3627 7965//3627 7992//3627
f 7497//3628 7495//3628 7507//3628 7508//3628
f 7943//1150 7936//1150 7937//1150 7942//1150
f 569//33 579//33 580//33 521//33 523//33 525//33 527//33 576//33 572//33
f 5902//134 5908//134 5907//134 5903//134
f 2597//3629 2598//3629 2578//3629 2576//3629
f 1190//3630 1191//3630 1178//3630 1184//3630
f 1364//2483 1366//2483 1365//2483 1363//2483
f 1276//3631 1280//3631 1279//3631 1278//3631
f 1276//134 1278//134 1277//134 1275//134
f 1923//3632 1925//3632 1935//3632 1936//3632
f 897//1938 898//1938 886//1938 884//1938
f 217//717 219//717 218//717 216//717
f 8070//3633 8050//3633 8059//3633 8069//3633
f 7985//3634 7964//3634 7966//3634 7984//3634
f 241//1177 243//1177 242//1177 240//1177
f 8044//3635 8043//3635 8062//3635 8063//3635
f 7994//3636 7956//3636 7954//3636 7993//3636
f 7970//3637 7978//3637 7979//3637 7968//3637
f 7978//3638 7970//3638 7972//3638 7977//3638
f 8145//3639 8131//3639 8130//3639 8144//3639
f 1316//32 1318//32 1317//32 1315//32
f 4456//20 4457//20 4449//20 4448//20
f 1380//3640 1382//3640 1381//3640 1379//3640
f 2809//3641 2830//3641 2834//3641 2810//3641
f 1340//2993 1342//2993 1341//2993 1339//2993
f 4160//546 4161//546 4048//546 4046//546
f 2322//252 2329//252 2330//252 2297//252 2296//252
f 1208//42 1210//42 1209//42 1207//42
f 7917//579 7918//579 7884//579 7868//579
f 1356//483 1358//483 1357//483 1355//483
f 7949//206 7950//206 7951//206 7952//206 7975//206 7972//206 7970//206 7968//206 7957//206 7955//206 7953//206 7967//206 7966//206 7964//206 7962//206 7960//206 7958//206 7959//206 7961//206 7963//206 7965//206 7954//206 7956//206 7969//206 7971//206 7973//206 7974//206 7948//206 7946//206 7947//206
f 6622//2807 6635//2807 6636//2807 6623//2807
f 5543//3642 5560//3642 5828//3642 5832//3642 5837//3642 5833//3642 5541//3642 5542//3642 5544//3642
f 1220//32 1222//32 1221//32 1219//32
f 3696//3643 3698//3643 3697//3643 3695//3643
f 3859//3644 3821//3644 3860//3644 3862//3644
f 2552//578 2544//578 2543//578 2547//578 2549//578 2551//578
f 6087//3645 6086//3645 6097//3645 6096//3645
f 1593//3646 1592//3646 1595//3646 1594//3646
f 3564//3647 3565//3647 3559//3647 3558//3647
f 3861//3648 3863//3648 3880//3648 3882//3648
f 1985//3649 1982//3649 1983//3649 1984//3649
f 7941//3650 7932//3650 7933//3650 7940//3650
f 2767//3651 2766//3651 2756//3651 2758//3651 2762//3651 2777//3651
f 5345//3 5708//3 5710//3 5709//3 5344//3
f 1592//3652 1591//3652 1596//3652 1595//3652
f 1729//850 1730//850 1678//850 1677//850
f 4713//3653 4714//3653 4716//3653 4715//3653
f 5550//3654 5552//3654 5551//3654 5549//3654
f 3689//4 3690//4 3761//4 3762//4 3763//4 3764//4 3765//4 3778//4 3773//4 3772//4 3783//4 3692//4 3693//4 3694//4 3682//4 3683//4 3684//4 3685//4 3686//4 3687//4 3688//4
f 6088//3655 6087//3655 6096//3655 6095//3655
f 4568//3656 4570//3656 4569//3656 4567//3656
f 7922//3657 7855//3657 7876//3657 7921//3657
f 1185//201 1186//201 1181//201 1180//201
f 7175//3658 7176//3658 7132//3658 7133//3658
f 7923//3659 7856//3659 7855//3659 7922//3659
f 7394//237 7395//237 7396//237 7397//237 7388//237 7389//237 7390//237 7391//237 7392//237 7364//237 7358//237 7361//237 7363//237 7356//237 7348//237 7351//237 7353//237 7355//237 7345//237 7384//237
f 7878//3660 7920//3660 7921//3660 7876//3660
f 2343//3661 2339//3661 2277//3661 2342//3661
f 7920//3662 7878//3662 7880//3662 7919//3662
f 4014//3663 4016//3663 4182//3663 4183//3663
f 7919//3664 7880//3664 7884//3664 7918//3664
f 1364//3665 1362//3665 1370//3665 1368//3665 1346//3665 1344//3665 1366//3665
f 7915//3666 7873//3666 7871//3666 7914//3666
f 3611//74 3613//74 3612//74 3610//74
f 1971//3667 1972//3667 1822//3667 1821//3667
f 1885//3668 1991//3668 1990//3668 1878//3668
f 4796//33 4797//33 4798//33 4795//33
f 3380//3375 3381//3375 3371//3375 3370//3375
f 7912//3669 7849//3669 7847//3669 7911//3669
f 4205//3670 4207//3670 4206//3670 3984//3670
f 4887//3 4889//3 4888//3 4886//3
f 327//731 329//731 328//731 326//731
f 7071//3671 7072//3671 7040//3671 7038//3671
f 4770//2185 4769//2185 4768//2185 4642//2185
f 7905//910 7852//910 7851//910 7904//910
f 8169//1150 8170//1150 8159//1150 8158//1150
f 8092//3672 8091//3672 8098//3672 8097//3672
f 1258//3673 1260//3673 1259//3673 1257//3673
f 519//33 520//33 513//33 515//33
f 5526//4 5527//4 5528//4 5523//4 5524//4 5525//4
f 5432//3674 5434//3674 5442//3674 5441//3674
f 3734//3675 3733//3675 3746//3675 3758//3675
f 7898//3676 7874//3676 7875//3676 7897//3676
f 5048//42 5049//42 5028//42 5029//42
f 7895//3677 7885//3677 7879//3677 7894//3677
f 7893//3678 7894//3678 7879//3678 7877//3678
f 6464//3679 6465//3679 6457//3679 6444//3679
f 215//3680 217//3680 216//3680 214//3680
f 7904//3681 7851//3681 7864//3681 7903//3681
f 4566//3682 4568//3682 4567//3682 4565//3682
f 4962//295 4955//295 4967//295 4966//295
f 1454//3683 1455//3683 1446//3683 1426//3683 1425//3683 1453//3683
f 7889//3684 7854//3684 7862//3684 7888//3684
f 4284//3685 4293//3685 4266//3685 4264//3685
f 7862//3686 7861//3686 7887//3686 7888//3686
f 4627//3121 4637//3121 4689//3121 4628//3121
f 7639//237 7243//237 7242//237 7274//237 7275//237 7515//237 7517//237 7514//237 7635//237 7326//237 7325//237 7636//237 7632//237 7629//237 7631//237 7056//237 7055//237 7400//237 7398//237 7399//237 7416//237 7641//237 7640//237 7478//237 7477//237 7476//237 7506//237 7505//237
f 414//3687 416//3687 415//3687 413//3687
f 2445//4 5809//4 5805//4 2443//4
f 7819//3688 7820//3688 7781//3688 7780//3688
f 2827//3689 2819//3689 2820//3689 2828//3689
f 934//104 1098//104 1110//104 936//104
f 8110//3690 8109//3690 8114//3690 8111//3690
f 3014//2714 3017//2714 3019//2714 2735//2714 2736//2714 2734//2714 2733//2714 2744//2714 2741//2714 2742//2714 3025//2714 3024//2714 3026//2714 3021//2714
f 5053//3691 5054//3691 5044//3691 5043//3691
f 3851//738 3852//738 3839//738 3838//738 3802//738 3801//738
f 7881//3692 7890//3692 7891//3692 7882//3692
f 850//3693 852//3693 851//3693 849//3693
f 596//3694 585//3694 584//3694 583//3694
f 7924//3695 7860//3695 7856//3695 7923//3695
f 6008//3696 6007//3696 6015//3696 6016//3696
f 5157//3 5153//3 5154//3 5164//3 5165//3 5161//3 5162//3 5163//3 5158//3 5159//3 5160//3 5155//3 5156//3
f 5045//1269 5046//1269 5031//1269 5032//1269
f 4917//3697 4918//3697 4920//3697 4922//3697 4481//3697 4480//3697
f 5831//3698 5832//3698 5828//3698 5827//3698
f 7796//3699 7772//3699 7842//3699 7805//3699
f 7793//3700 7838//3700 7839//3700 7790//3700
f 5313//20 5314//20 5297//20 5298//20
f 3210//3701 3211//3701 3188//3701 3187//3701
f 2371//3702 2372//3702 2369//3702 2370//3702
f 1770//3703 1771//3703 1603//3703 1601//3703
f 7836//3704 7791//3704 7774//3704 7835//3704
f 1643//546 1645//546 1756//546 1757//546
f 7342//3671 7288//3671 7287//3671 7341//3671
f 7834//3705 7795//3705 7794//3705 7833//3705
f 3508//3706 3510//3706 4317//3706 4316//3706
f 8213//1150 8214//1150 8207//1150 8206//1150
f 156//2889 158//2889 157//2889 155//2889
f 4562//2154 4564//2154 4563//2154 4561//2154
f 7828//3707 7773//3707 7771//3707 7827//3707
f 1656//3708 1659//3708 1662//3708 1666//3708
f 1195//3709 1196//3709 1177//3709 1176//3709
f 3750//3710 3751//3710 3765//3710 3764//3710
f 6003//3711 6004//3711 5996//3711 5995//3711
f 7896//3712 7897//3712 7875//3712 7869//3712
f 5353//3713 5355//3713 5354//3713 5352//3713
f 6464//3 6466//3 6469//3 6470//3 6473//3 6465//3
f 1795//3714 1797//3714 1796//3714 1574//3714
f 7821//3715 7783//3715 7781//3715 7820//3715
f 7769//910 7818//910 7819//910 7780//910
f 1850//596 1858//596 1859//596 1852//596
f 4878//3716 4879//3716 4875//3716 4873//3716
f 7981//3717 7955//3717 7957//3717 7980//3717
f 7816//1253 7817//1253 7768//1253 7767//1253
f 7168//3718 7140//3718 7139//3718 7167//3718
f 7279//3719 7280//3719 7271//3719 7272//3719
f 2259//3720 2260//3720 2246//3720 2245//3720
f 139//113 141//113 140//113 138//113
f 7799//3721 7797//3721 7806//3721 7807//3721
f 3028//3722 3025//3722 2833//3722 2834//3722 2830//3722 2831//3722 2832//3722 2829//3722 2827//3722 2828//3722 2826//3722 3007//3722 3009//3722 3011//3722 3023//3722 3027//3722
f 6201//3431 6200//3431 6193//3431 6192//3431
f 3611//4 3610//4 3615//4 3614//4
f 5602//3723 5533//3723 5560//3723 5543//3723
f 1571//3724 1573//3724 1792//3724 1793//3724
f 5143//3725 5144//3725 5134//3725 5133//3725
f 5222//614 5223//614 5210//614 5211//614
f 7815//3726 7782//3726 7784//3726 7814//3726
f 3898//3727 3897//3727 3936//3727 3935//3727 3929//3727 3900//3727
f 7840//3728 7789//3728 7790//3728 7839//3728
f 7764//3729 7763//3729 7760//3729 7759//3729
f 1963//3 1964//3 1842//3 1841//3
f 5791//3730 5793//3730 5794//3730 5775//3730 5776//3730 5786//3730
f 1472//3731 1470//3731 1469//3731 1508//3731 1507//3731 1501//3731
f 1803//33 1807//33 1694//33 1653//33 1620//33 1598//33
f 1214//134 1213//134 1209//134 1210//134
f 4796//3 5685//3 5684//3 4797//3
f 7724//3732 7697//3732 7695//3732 7723//3732
f 1955//3 1956//3 1834//3 1833//3
f 2890//104 2878//104 2872//104 2871//104
f 1985//3733 1986//3733 1988//3733 1982//3733
f 289//104 291//104 290//104 288//104
f 5675//4 5674//4 5693//4 5691//4
f 6456//3228 6445//3228 6444//3228 6457//3228
f 5338//3734 5855//3734 5708//3734 5337//3734
f 6656//12 6662//12 6663//12 6661//12 6657//12 6659//12
f 8322//3 8320//3 8318//3 8321//3
f 13//3 11//3 7//3 9//3
f 5953//74 5954//74 5925//74 5945//74
f 7744//3735 7687//3735 7686//3735 7743//3735
f 5697//4 5701//4 5700//4 5680//4
f 7734//1150 7709//1150 7708//1150 7733//1150
f 7148//3736 7121//3736 7109//3736 7147//3736
f 1799//3343 1800//3343 1802//3343 1796//3343
f 1975//2224 1976//2224 1818//2224 1817//2224
f 226//134 228//134 230//134 232//134 234//134 273//134 274//134 275//134 268//134 248//134 250//134 252//134 254//134 256//134 258//134 236//134 238//134 261//134 263//134 262//134
f 744//3737 746//3737 745//3737 743//3737
f 1038//3640 1016//3640 1015//3640 1037//3640
f 5970//3738 5969//3738 5980//3738 5979//3738
f 2726//3739 2723//3739 2661//3739 2658//3739
f 7751//3740 7752//3740 7750//3740 7749//3740
f 3110//3741 4432//3741 4373//3741 3111//3741
f 5150//631 5151//631 5128//631 5127//631
f 7732//1253 7710//1253 7712//1253 7731//1253
f 8273//202 8266//202 8267//202 8270//202 8271//202 8272//202
f 4002//3742 4001//3742 4006//3742 4005//3742
f 7742//3743 7685//3743 7688//3743 7741//3743
f 5835//3744 5836//3744 5831//3744 5830//3744
f 5723//3745 5849//3745 5724//3745 5726//3745 5725//3745
f 606//12 608//12 607//12 605//12
f 6827//3746 6818//3746 6821//3746 6822//3746 6826//3746
f 2931//2023 2933//2023 2976//2023 2978//2023 2977//2023
f 3192//2305 3193//2305 3180//2305 3181//2305
f 5918//33 5920//33 5939//33 5938//33
f 2069//93 2084//93 2083//93 2065//93
f 1280//3747 1282//3747 1281//3747 1279//3747
f 4854//3748 4855//3748 4853//3748 4851//3748
f 2806//3749 2833//3749 2825//3749 2807//3749
f 550//3750 552//3750 551//3750 549//3750
f 7726//3751 7701//3751 7699//3751 7725//3751
f 4172//543 4173//543 3988//543 3986//543
f 5391//3752 5390//3752 5406//3752 5405//3752
f 3851//3753 3801//3753 3864//3753 3863//3753
f 2627//3754 2628//3754 2470//3754 2469//3754
f 7725//3755 7699//3755 7697//3755 7724//3755
f 80//21 81//21 82//21 70//21 68//21 66//21 63//21 61//21 57//21 59//21 79//21 78//21 74//21 75//21
f 5910//33 5912//33 5917//33 5916//33
f 5566//3756 5565//3756 5602//3756 5601//3756
f 7718//3757 7698//3757 7700//3757 7717//3757
f 6015//3758 6018//3758 6017//3758 6016//3758
f 7333//3759 7334//3759 7308//3759 7306//3759
f 7716//3760 7702//3760 7703//3760 7715//3760
f 2243//12 2244//12 2231//12 2230//12
f 1194//307 1195//307 1176//307 1175//307
f 8022//206 8021//206 8027//206 8034//206 8032//206 8030//206 8029//206 8037//206 8038//206 8039//206 8008//206 8009//206 8016//206 8014//206 8012//206 8011//206 8019//206 8024//206
f 6526//21 6525//21 6566//21 6565//21 6570//21
f 7386//3761 7406//3761 7407//3761 7385//3761
f 195//20 201//20 202//20 196//20
f 2208//3762 2210//3762 2214//3762 2213//3762
f 4175//3763 4178//3763 4012//3763 4027//3763
f 2676//3764 2656//3764 2655//3764 2666//3764 2668//3764 2672//3764
f 7679//206 7681//206 7682//206 7677//206
f 714//32 716//32 715//32 713//32
f 4402//134 4403//134 4399//134 4398//134
f 6039//33 6041//33 6047//33 6049//33
f 1078//2109 1080//2109 1079//2109 1077//2109
f 4578//3173 4580//3173 4579//3173 4577//3173
f 7650//204 7649//204 7647//204 7648//204
f 7594//4 7559//4 7563//4 7566//4 7560//4 7676//4 7675//4 7652//4 7647//4 7649//4 7644//4 7643//4 7656//4 7658//4 7672//4 7669//4 7668//4 7666//4 7667//4 7637//4 7642//4 7630//4 7628//4 7627//4 7626//4 7623//4 7620//4 7619//4 7618//4 7615//4 7612//4 7611//4 7609//4 7610//4 7596//4
f 6419//4 6421//4 6420//4 6418//4
f 1660//3233 1688//3233 1739//3233 1740//3233
f 7375//237 7376//237 7377//237 7346//237 7347//237 7354//237 7352//237 7350//237 7349//237 7357//237 7362//237 7360//237 7359//237 7365//237 7372//237 7370//237 7368//237 7367//237
f 5311//614 5312//614 5299//614 5300//614
f 6137//12 6159//12 6157//12 6155//12
f 7284//126 7283//126 7338//126 7339//126
f 938//26 940//26 939//26 937//26
f 1048//3765 1050//3765 1049//3765 1047//3765
f 784//456 786//456 785//456 783//456
f 1082//190 1084//190 1083//190 1081//190
f 4141//3766 4142//3766 4093//3766 4090//3766
f 2380//3489 2385//3489 2384//3489 2379//3489
f 6283//4 6285//4 6284//4 6282//4
f 1016//3128 1018//3128 1017//3128 1015//3128
f 4745//134 4740//134 4742//134 4730//134 4731//134 4767//134
f 6347//113 6346//113 6343//113 6344//113
f 7674//91 7673//91 7672//91 7658//91 7659//91 7661//91
f 6315//12 6316//12 6309//12 6308//12
f 6335//3767 6336//3767 6338//3767 6337//3767
f 7670//204 7669//204 7672//204 7673//204
f 4385//32 4383//32 4391//32 4390//32 4422//32
f 6415//12 6414//12 6417//12 6416//12
f 7666//204 7668//204 7665//204 7663//204
f 4873//3 4875//3 4874//3 4872//3
f 6285//3768 6287//3768 6286//3768 6284//3768
f 7656//288 7643//288 7645//288 7655//288 7660//288 7657//288
f 193//26 6411//26 6412//26 192//26
f 7657//204 7659//204 7658//204 7656//204
f 2373//3769 2374//3769 2372//3769 2371//3769
f 2481//1881 2483//1881 2610//1881 2611//1881
f 4045//1946 4047//1946 4158//1946 4159//1946
f 7651//3 7653//3 7650//3 7648//3
f 7651//3030 7648//3030 7647//3030 7652//3030
f 1669//3770 1671//3770 1720//3770 1721//3770
f 4758//3771 4759//3771 4761//3771 4763//3771 4764//3771 4766//3771 4739//3771 4738//3771 4737//3771 4736//3771 4767//3771 4731//3771 4728//3771 4691//3771 4642//3771 4768//3771 4760//3771 4757//3771 4756//3771
f 1522//3772 1523//3772 1514//3772 1463//3772
f 6596//21 6637//21 6638//21 6597//21
f 876//134 874//134 875//134 882//134 883//134 847//134 825//134 827//134 829//134 878//134 873//134 849//134 851//134 879//134
f 6219//3 6217//3 6216//3 6221//3 6214//3
f 803//74 802//74 811//74 814//74
f 2509//596 2510//596 2503//596 2502//596 2494//596 2493//596
f 6622//3773 6623//3773 6620//3773 6621//3773
f 2928//2896 2995//2896 2994//2896 2927//2896
f 616//20 618//20 617//20 615//20
f 6955//3050 6957//3050 6956//3050 6954//3050
f 5726//3774 5727//3774 5722//3774 5725//3774
f 6575//21 6579//21 6578//21 6577//21
f 184//4 185//4 180//4 181//4 182//4 183//4
f 6828//3 6826//3 6822//3 6823//3
f 680//3775 682//3775 681//3775 679//3775
f 1734//3776 1735//3776 1684//3776 1682//3776
f 2763//3777 2764//3777 2761//3777 2760//3777
f 7297//3778 7324//3778 7325//3778 7326//3778 7295//3778
f 918//253 920//253 919//253 917//253
f 237//3779 239//3779 238//3779 236//3779
f 180//20 187//20 186//20 181//20
f 630//71 632//71 631//71 629//71
f 14//20 13//20 9//20 10//20
f 6526//20 6525//20 6541//20 6540//20 6539//20 6544//20
f 6674//835 6685//835 6676//835 6675//835
f 194//134 200//134 201//134 195//134
f 6161//3780 6167//3780 6165//3780 6163//3780
f 1056//19 1058//19 1057//19 1055//19
f 1695//1254 1711//1254 1715//1254 1716//1254
f 329//3781 331//3781 330//3781 328//3781
f 7049//3782 7050//3782 7036//3782 7037//3782
f 728//3783 730//3783 729//3783 727//3783
f 6471//91 6472//91 6451//91 6449//91
f 432//3784 434//3784 433//3784 431//3784
f 440//3785 442//3785 441//3785 439//3785
f 4237//3786 4230//3786 4228//3786 4236//3786
f 7835//3787 7774//3787 7795//3787 7834//3787
f 333//1257 335//1257 334//1257 332//1257
f 7333//3788 7306//3788 7293//3788 7332//3788
f 7726//3789 7727//3789 7689//3789 7701//3789
f 6531//26 6532//26 6530//26 6528//26
f 6027//33 6034//33 6033//33 6028//33
f 6056//33 6057//33 6055//33 6041//33
f 6492//1992 6495//1992 6496//1992 6477//1992 6476//1992
f 656//3790 658//3790 657//3790 655//3790
f 696//582 698//582 697//582 695//582
f 7805//3791 7806//3791 7797//3791 7796//3791
f 989//134 990//134 992//134 991//134
f 448//3792 450//3792 449//3792 447//3792
f 4564//3115 4566//3115 4565//3115 4563//3115
f 357//167 356//167 352//167 353//167
f 5742//3793 5743//3793 5740//3793 5741//3793
f 460//3794 438//3794 437//3794 459//3794
f 5594//3795 5595//3795 5557//3795 5540//3795
f 910//21 912//21 911//21 909//21
f 8004//3796 7951//3796 7950//3796 8003//3796
f 6541//12 6501//12 6537//12 6540//12
f 3053//288 3055//288 3054//288 3052//288
f 2620//74 2621//74 2492//74 2490//74
f 5358//20 5360//20 5381//20 5380//20
f 6344//26 6343//26 6341//26 6340//26 6338//26 6336//26 6326//26 6325//26 6345//26
f 6399//3797 6402//3797 6401//3797 6400//3797
f 899//3798 900//3798 888//3798 887//3798
f 4379//3799 4376//3799 4377//3799
f 1040//123 1042//123 1041//123 1039//123
f 4291//3800 4293//3800 4292//3800 4290//3800
f 6681//3 6676//3 6685//3 6669//3 6667//3 6663//3 6662//3 6683//3
f 1006//74 980//74 976//74 1008//74
f 6467//2990 6438//2990 6440//2990 6443//2990 6466//2990
f 6459//3801 6456//3801 6455//3801 6458//3801
f 856//170 858//170 857//170 855//170
f 2010//738 2012//738 2016//738 2020//738 2000//738 1999//738
f 7154//3033 7155//3033 7114//3033 7105//3033
f 5679//74 5677//74 5676//74 5678//74
f 7674//3 7671//3 7670//3 7673//3
f 2632//3802 2633//3802 2468//3802 2466//3802
f 880//1282 881//1282 1105//1282 1106//1282
f 3224//3 3220//3 3221//3 3222//3 3217//3 3218//3 3219//3 3214//3 3215//3 3216//3 3212//3 3213//3 3223//3
f 4881//3 4880//3 4885//3 4884//3
f 1216//281 1218//281 1217//281 1215//281
f 1200//26 1202//26 1201//26 1199//26
f 944//12 946//12 945//12 943//12
f 2884//202 2885//202 2877//202 2876//202
f 5139//37 5127//37 5115//37 5116//37
f 1240//614 1242//614 1241//614 1239//614
f 8433//12 8431//12 8429//12 8427//12 8426//12 8423//12 8422//12 8440//12 8439//12 8435//12
f 1304//3803 1306//3803 1305//3803 1303//3803
f 4458//203 4459//203 4444//203 4450//203
f 1392//1070 1394//1070 1393//1070 1391//1070
f 1320//3804 1322//3804 1321//3804 1319//3804
f 1344//201 1346//201 1345//201 1343//201
f 3228//3515 3229//3515 3212//3515 3216//3515
f 5873//3388 5866//3388 5867//3388 5872//3388
f 282//1387 283//1387 266//1387 271//1387
f 4038//3805 4176//3805 4175//3805 4027//3805
f 3913//3806 3912//3806 3928//3806 3946//3806
f 3352//1416 3364//1416 3365//1416 3363//1416
f 918//71 917//71 913//71 914//71
f 7632//3 7590//3 7592//3 7591//3 7580//3 7581//3 7582//3 7564//3 7561//3 8341//3 8338//3 7593//3 7595//3 7629//3
f 2913//3807 2920//3807 2919//3807 2914//3807
f 4991//3808 4992//3808 4975//3808 4979//3808
f 5683//33 5682//33 5681//33 5680//33
f 4255//3809 4258//3809 4257//3809 4256//3809
f 8027//3810 8021//3810 8020//3810 8026//3810
f 5667//134 5669//134 5688//134 5689//134
f 6460//4 6461//4 6462//4 6463//4 6459//4 6458//4
f 7201//237 7202//237 7183//237 7185//237 7206//237 7207//237 7209//237 7203//237 7204//237 7220//237 7216//237 7214//237 7212//237 7191//237 7192//237 7196//237 7194//237 7179//237 7180//237 7181//237 7193//237 7195//237 7197//237 7198//237 7190//237 7217//237 7218//237 7219//237 7213//237 7215//237 7221//237 7205//237 7211//237 7210//237 7208//237 7186//237 7184//237 7182//237 7200//237 7187//237 7188//237 7189//237 7199//237
f 956//74 954//74 1007//74 1008//74 976//74 975//74 1002//74 1000//74 998//74 996//74 994//74 992//74 990//74 988//74 986//74 984//74 982//74 980//74 1006//74 958//74
f 1897//33 1898//33 1892//33 1893//33
f 1629//3811 1767//3811 1766//3811 1628//3811
f 3457//2237 3458//2237 3449//2237 3450//2237
f 7625//202 7624//202 7623//202 7626//202 7599//202 7600//202
f 7628//237 7598//237 7597//237 7627//237
f 5475//3812 5474//3812 5493//3812 5492//3812
f 1623//3813 1629//3813 1628//3813 1626//3813
f 4554//3015 4559//3015 4558//3015 4555//3015
f 3162//3 3163//3 3164//3 3165//3 3166//3 3177//3 3176//3 3175//3 3174//3 3185//3 3184//3 3183//3 3182//3 3171//3 3172//3 3173//3 3161//3
f 7620//104 7621//104 7622//104 7603//104 7604//104 7619//104
f 712//3 710//3 709//3 711//3
f 1782//3814 1783//3814 1615//3814 1613//3814
f 1735//3221 1736//3221 1687//3221 1684//3221
f 4032//3815 4040//3815 4039//3815 4033//3815
f 7173//3816 7135//3816 7134//3816 7172//3816
f 5234//2814 5235//2814 5225//2814 5224//2814
f 3189//3817 3190//3817 3183//3817 3184//3817
f 7103//233 7152//233 7153//233 7104//233
f 2412//227 2390//227 2389//227 2411//227
f 7602//3 7604//3 7603//3 7601//3
f 4956//203 4961//203 4964//203 4963//203
f 7570//577 7569//577 7591//577 7592//577
f 7591//3818 7569//3818 7580//3818
f 7589//3819 7567//3819 7590//3819
f 1549//312 1540//312 1529//312 1550//312
f 1583//3820 1790//3820 1789//3820 1584//3820
f 4954//168 4953//168 4969//168 4968//168
f 4849//33 4848//33 4847//33 4846//33 4859//33 4858//33
f 480//309 482//309 481//309 479//309
f 7606//1582 7605//1582 7610//1582 7609//1582
f 4189//3821 4190//3821 4024//3821 4021//3821
f 7590//832 7571//832 7570//832 7592//832
f 7579//32 7587//32 7586//32 7575//32
f 7587//578 7579//578 7578//578 7588//578
f 7585//292 7576//292 7575//292 7586//292
f 1136//3822 1138//3822 1137//3822 1135//3822
f 1838//3594 1840//3594 1839//3594 1837//3594
f 7584//134 7583//134 7572//134 7577//134
f 1830//3823 1832//3823 1831//3823 1829//3823
f 4669//191 4671//191 4670//191 4668//191
f 7580//3824 7574//3824 7581//3824
f 7574//3825 7580//3825 7569//3825
f 1030//3826 1032//3826 1031//3826 1029//3826
f 931//202 938//202 937//202 929//202
f 4454//231 4455//231 4451//231 4441//231
f 7566//20 7563//20 7564//20 7565//20
f 60//20 76//20 79//20 59//20 97//20 98//20 80//20 75//20 72//20 71//20
f 1959//3 1960//3 1838//3 1837//3
f 4629//3827 4677//3827 4675//3827 4678//3827 4667//3827 4666//3827 4665//3827 4664//3827 4679//3827 4681//3827 4683//3827 4684//3827 4653//3827 4652//3827 4651//3827 4650//3827 4685//3827 4687//3827 4688//3827 4689//3827 4637//3827
f 6295//128 6298//128 6297//128 6262//128 6261//128
f 1103//32 1099//32 1096//32 1095//32
f 1654//3828 1693//3828 1705//3828 1692//3828 1655//3828
f 7010//12 7005//12 7000//12 6999//12 6996//12 6995//12 6993//12
f 4665//285 4666//285 4661//285 4660//285
f 502//32 495//32 494//32 493//32
f 7547//126 7554//126 7555//126 7548//126
f 3712//3829 3714//3829 3713//3829 3711//3829
f 7553//3830 7554//3830 7547//3830 7546//3830
f 167//12 170//12 171//12 172//12 163//12 162//12 166//12
f 4756//3831 4757//3831 4755//3831 4753//3831
f 8283//3 8284//3 8281//3 8280//3
f 1074//3832 1076//3832 1075//3832 1073//3832
f 2079//25 2076//25 2075//25 2080//25
f 3547//3833 3548//3833 3537//3833 3524//3833
f 339//3834 341//3834 340//3834 338//3834
f 630//2107 805//2107 815//2107 632//2107
f 7227//3835 7228//3835 7219//3835 7218//3835
f 7559//21 7561//21 7564//21 7563//21
f 7814//3836 7784//3836 7786//3836 7813//3836
f 4747//3 4746//3 4751//3 4750//3
f 6087//3837 6088//3837 6082//3837 6081//3837
f 5428//3838 5431//3838 5430//3838 5429//3838
f 1822//3839 1824//3839 1823//3839 1821//3839
f 2789//3189 2792//3189 2747//3189 2746//3189
f 3433//3 3434//3 3435//3 3436//3 3437//3 3438//3 3439//3 3440//3 3451//3 3450//3 3449//3 3448//3 3447//3 3446//3 3445//3 3444//3 3443//3 3432//3
f 7995//3840 7996//3840 7971//3840 7969//3840
f 2322//2023 2354//2023 2355//2023 2329//2023
f 6132//3841 6125//3841 6128//3841
f 2360//3 2359//3 2368//3 2367//3
f 2400//202 2402//202 2401//202 2399//202
f 7538//233 7535//233 7536//233 7537//233
f 2408//91 2410//91 2409//91 2407//91
f 1044//33 1042//33 1078//33 1087//33 1089//33 1036//33 1034//33 1032//33 1030//33 1028//33 1026//33 1024//33 1022//33 1020//33 1018//33 1016//33 1038//33 1092//33 1091//33 1066//33 1040//33 1062//33 1060//33 1058//33 1056//33 1054//33 1052//33 1050//33 1048//33 1046//33
f 1294//3842 1296//3842 1295//3842 1293//3842
f 4163//4 4164//4 4050//4 4049//4
f 3704//3843 3706//3843 3705//3843 3703//3843
f 2456//91 2458//91 2457//91 2455//91
f 2206//3844 2207//3844 2212//3844 2211//3844
f 6727//1244 6729//1244 6728//1244 6726//1244
f 6192//3845 6191//3845 6202//3845 6201//3845
f 7526//233 7528//233 7521//233 7520//233
f 3385//1363 3386//1363 3376//1363 3375//1363
f 7525//126 7522//126 7524//126 7527//126
f 1084//3846 1086//3846 1085//3846 1083//3846
f 2285//3847 2347//3847 2346//3847 2284//3847
f 6316//3848 6324//3848 6311//3848 6309//3848
f 6491//12 6492//12 6476//12 6490//12
f 7516//237 7518//237 7511//237 7513//237
f 2446//26 2448//26 2447//26 2445//26
f 365//3849 367//3849 366//3849 364//3849
f 7682//3556 7684//3556 7678//3556 7677//3556
f 7098//3850 7097//3850 7102//3850 7101//3850
f 7553//3851 7546//3851 7549//3851 7552//3851
f 8090//3852 8088//3852 8087//3852 8089//3852
f 7493//564 7505//564 7506//564 7494//564
f 7202//3853 7201//3853 7245//3853 7246//3853
f 7491//3854 7502//3854 7503//3854 7492//3854
f 1956//32 1957//32 1836//32 1834//32
f 4857//1955 4856//1955 4850//1955 4852//1955
f 5774//3855 5776//3855 5775//3855 5773//3855
f 5801//3856 5802//3856 5605//3856 5604//3856
f 2852//57 2854//57 2863//57 2862//57
f 2616//74 2617//74 2488//74 2486//74
f 7497//237 7498//237 7496//237 7500//237 7491//237 7492//237 7499//237 7493//237 7494//237 7495//237
f 5433//3857 5435//3857 5434//3857 5432//3857
f 2830//246 2812//246 2811//246 2831//246
f 7490//3858 7457//3858 7456//3858 7489//3858
f 4157//4 4158//4 4047//4 4044//4
f 2851//3859 2850//3859 2861//3859 2860//3859
f 2209//3860 2180//3860 2179//3860 2357//3860 2358//3860 2215//3860
f 2148//3861 2169//3861 2168//3861 2149//3861
f 7485//2808 7486//2808 7453//2808 7458//2808
f 7483//3862 7484//3862 7459//3862 7460//3862
f 670//3863 672//3863 671//3863 669//3863
f 5063//3864 5051//3864 5041//3864 5040//3864
f 3012//307 3013//307 3019//307 3018//307
f 2932//3 2936//3 2937//3 2938//3 2939//3 2934//3
f 7481//3865 7465//3865 7464//3865 7480//3865
f 4786//3 4790//3 4800//3 4799//3 4806//3 4778//3 4779//3 4782//3 4783//3
f 4247//190 4248//190 4246//190 4245//190
f 7487//3866 7488//3866 7455//3866 7454//3866
f 8017//3867 8016//3867 8009//3867 8007//3867
f 7474//3868 7461//3868 7470//3868
f 5046//20 5047//20 5030//20 5031//20
f 1738//3869 1739//3869 1688//3869 1686//3869
f 7471//3870 7472//3870 7468//3870 7467//3870
f 4039//2909 4177//2909 4176//2909 4038//2909
f 544//3871 522//3871 521//3871 543//3871
f 3065//1269 3067//1269 3066//1269 3064//1269
f 1588//3872 1599//3872 1589//3872 1587//3872
f 3089//91 3091//91 3090//91 3088//91
f 450//3873 452//3873 451//3873 449//3873
f 2422//26 2424//26 2423//26 2421//26
f 3465//231 3453//231 3441//231 3442//231
f 7449//3490 7448//3490 7447//3490 7452//3490
f 7452//3874 7451//3874 7450//3874 7449//3874
f 928//1711 916//1711 915//1711 927//1711
f 7430//237 7435//237 7433//237 7432//237 7438//237 7445//237 7443//237 7441//237 7440//237 7448//237 7449//237 7450//237 7419//237 7420//237 7427//237 7425//237 7423//237 7422//237
f 7489//3875 7456//3875 7455//3875 7488//3875
f 262//234 263//234 504//234 505//234
f 7447//564 7448//564 7440//564 7439//564
f 2550//33 2556//33 2551//33 2549//33
f 7445//3876 7438//3876 7437//3876 7446//3876
f 7445//3877 7446//3877 7444//3877 7443//3877
f 3775//3878 3779//3878 3774//3878
f 279//1809 280//1809 269//1809 265//1809
f 7432//3879 7433//3879 7434//3879 7431//3879
f 7429//3033 7430//3033 7422//3033 7421//3033
f 3288//3287 3289//3287 3279//3287 3278//3287
f 5060//3880 5061//3880 5038//3880 5050//3880
f 4233//3881 4225//3881 4223//3881 4232//3881
f 7415//3882 7396//3882 7395//3882 7414//3882
f 2894//3883 2895//3883 2882//3883 2881//3883
f 1091//33 1087//33 1078//33 1076//33 1074//33 1072//33 1070//33 1068//33 1066//33
f 6524//3014 6545//3014 6546//3014 6522//3014
f 7412//3884 7384//3884 7383//3884 7411//3884
f 974//1251 962//1251 961//1251 973//1251
f 7411//3885 7383//3885 7382//3885 7410//3885
f 1256//3886 1258//3886 1257//3886 1255//3886
f 8071//3887 8051//3887 8050//3887 8070//3887
f 7196//3888 7192//3888 7259//3888 7260//3888
f 499//32 498//32 508//32 507//32
f 7403//3889 7404//3889 7393//3889 7392//3889
f 534//3890 536//3890 535//3890 533//3890
f 4584//3 4582//3 4580//3 4593//3 4592//3 4591//3 4590//3 4589//3 4600//3 4599//3 4598//3 4570//3 4568//3 4566//3 4564//3 4562//3 4574//3 4588//3 4586//3
f 6704//12 6706//12 6705//12 6703//12
f 7402//3891 7391//3891 7390//3891 7401//3891
f 4412//74 4405//74 4413//74 4411//74
f 6330//3154 6332//3154 6331//3154 6329//3154
f 5229//271 5230//271 5220//271 5219//271
f 5403//3892 5404//3892 5418//3892 5417//3892
f 2454//3160 2456//3160 2455//3160 2453//3160
f 898//534 899//534 887//534 886//534
f 2048//2966 2043//2966 2047//2966 2046//2966
f 2119//3893 2120//3893 2114//3893 2116//3893
f 6656//342 6659//342 6660//342 6641//342 6640//342
f 2486//33 2488//33 2487//33 2485//33
f 4493//3346 4495//3346 4494//3346 4492//3346
f 4429//3894 3776//3894 3775//3894 4428//3894
f 7322//3895 7301//3895 7303//3895 7321//3895
f 2854//3896 2853//3896 2859//3896 2863//3896
f 8132//3633 8146//3633 8147//3633 8123//3633
f 6466//3314 6469//3314 6461//3314 6462//3314
f 7375//564 7367//564 7366//564 7374//564
f 7373//3897 7372//3897 7365//3897 7364//3897
f 1511//3261 1503//3261 1502//3261 1510//3261
f 6655//21 6656//21 6640//21 6654//21
f 7373//3898 7371//3898 7370//3898 7372//3898
f 3954//224 3980//224 3969//224 3949//224
f 7367//3899 7368//3899 7369//3899 7366//3899
f 7363//3900 7361//3900 7360//3900 7362//3900
f 5221//21 5222//21 5211//21 5212//21
f 3055//26 3057//26 3056//26 3054//26
f 7354//3901 7347//3901 7345//3901 7355//3901
f 286//3902 287//3902 274//3902 273//3902
f 7275//564 7274//564 7267//564 7266//564
f 4747//3432 4749//3432 4748//3432 4746//3432
f 7338//3086 7283//3086 7285//3086 7337//3086
f 4342//3903 4346//3903 4350//3903 4351//3903
f 7286//126 7340//126 7341//126 7287//126
f 7311//233 7336//233 7337//233 7285//233
f 253//131 255//131 254//131 252//131
f 3287//231 3275//231 3263//231 3264//231
f 7859//3904 7857//3904 7929//3904 7886//3904
f 4000//3905 4001//3905 3997//3905 3999//3905
f 2239//91 2240//91 2226//91 2225//91
f 5859//246 5887//246 5880//246 5868//246
f 704//3906 673//3906 675//3906 703//3906
f 7329//3907 7300//3907 7298//3907 7328//3907
f 4083//3908 4085//3908 4134//3908 4135//3908
f 4651//2178 4652//2178 4647//2178 4646//2178
f 7406//3909 7386//3909 7387//3909 7405//3909
f 5441//3910 5442//3910 5443//3910 5444//3910 5448//3910 5449//3910 5447//3910 5446//3910 5445//3910 5439//3910 5440//3910
f 4161//4 4162//4 4051//4 4048//4
f 5428//3911 5429//3911 5427//3911
f 6041//32 6055//32 6054//32 6050//32
f 3292//3912 3293//3912 3283//3912 3282//3912
f 4647//3 4649//3 4648//3 4646//3
f 6389//3 6390//3 6381//3 6380//3
f 299//3022 301//3022 300//3022 298//3022
f 4046//134 4048//134 4047//134 4045//134
f 7317//3913 7318//3913 7292//3913 7294//3913
f 1854//4 1849//4 1848//4 1846//4 1853//4
f 5355//3725 5357//3725 5356//3725 5354//3725
f 7473//3882 7469//3882 7468//3882 7472//3882
f 7012//3914 7014//3914 7013//3914 7011//3914
f 4793//74 4794//74 4796//74 4795//74
f 2589//3915 2590//3915 2586//3915 2584//3915
f 4343//3916 4344//3916 4339//3916 4338//3916
f 8446//26 8445//26 8448//26 8447//26
f 5857//3917 5712//3917 5711//3917 5709//3917
f 4741//3 4740//3 4745//3 4744//3
f 225//3918 227//3918 226//3918 224//3918
f 7250//3919 7207//3919 7206//3919 7249//3919
f 7281//192 7270//192 7271//192 7280//192
f 4107//3920 4116//3920 4115//3920 4111//3920
f 7902//3921 7846//3921 7848//3921 7901//3921
f 7533//126 7531//126 7532//126 7534//126
f 7269//3922 7267//3922 7274//3922 7276//3922
f 430//3923 432//3923 431//3923 429//3923
f 3735//3 3736//3 3731//3 3732//3 3721//3 3722//3 3733//3 3734//3
f 4507//3682 4509//3682 4508//3682 4506//3682
f 749//3924 751//3924 719//3924 721//3924 747//3924
f 4195//3925 4196//3925 3990//3925 3989//3925
f 8201//206 8202//206 8208//206 8205//206 8206//206 8207//206 8204//206 8209//206 8210//206 8189//206 8190//206 8192//206 8194//206 8197//206 8198//206
f 3281//2305 3282//2305 3269//2305 3270//2305
f 6818//3069 6816//3069 6825//3069 6824//3069
f 4631//3926 4636//3926 4635//3926 4633//3926
f 6602//4 6586//4 6588//4 6601//4 6600//4
f 1010//3 1008//3 1007//3 1009//3
f 3623//3927 3625//3927 3624//3927 3622//3927
f 1039//119 1041//119 1043//119 1017//119 1019//119 1021//119 1023//119 1025//119 1027//119 1029//119 1031//119 1033//119 1035//119 1037//119 1008//119 1010//119 1090//119 1088//119 1095//119 1096//119 1012//119 1011//119 1093//119 1067//119 1069//119 1071//119 1073//119 1075//119 1077//119 1079//119 1081//119 1083//119 1085//119 1063//119 1065//119 1053//119 1055//119 1057//119 1059//119 1061//119
f 4497//1699 4499//1699 4498//1699 4496//1699
f 5130//168 5131//168 5124//168 5125//168
f 7253//3928 7204//3928 7203//3928 7252//3928
f 5329//3929 5330//3929 5307//3929 5306//3929
f 7282//3930 7275//3930 7266//3930 7270//3930 7281//3930
f 4413//33 4425//33 4414//33 4411//33
f 7246//3931 7247//3931 7183//3931 7202//3931
f 4397//33 4395//33 4394//33 4396//33
f 1761//4 1762//4 1576//4 1575//4
f 3313//3 3309//3 3310//3 3311//3 3306//3 3307//3 3308//3 3303//3 3304//3 3305//3 3301//3 3302//3 3312//3
f 4915//3139 4916//3139 4485//3139 4484//3139
f 7324//3932 7297//3932 7299//3932 7323//3932
f 3711//21 3713//21 3731//21 3730//21
f 2596//3933 2597//3933 2576//3933 2575//3933
f 7926//3556 7927//3556 7844//3556 7843//3556
f 3478//3934 3466//3934 3456//3934 3455//3934
f 7230//3935 7231//3935 7221//3935 7215//3935
f 5051//3936 5052//3936 5042//3936 5041//3936
f 2886//21 2887//21 2874//21 2873//21
f 5349//3937 5351//3937 5350//3937 5348//3937
f 7198//3938 7224//3938 7225//3938 7190//3938
f 6885//3 6886//3 6884//3 6883//3
f 3118//74 3120//74 3119//74 3117//74
f 3047//203 3049//203 3048//203 3046//203
f 659//33 660//33 646//33 645//33
f 2383//2972 2388//2972 2387//2972 2382//2972
f 2284//1229 2346//1229 2345//1229 2283//1229
f 52//21 54//21 53//21 51//21
f 5394//6 5393//6 5403//6 5402//6
f 806//74 799//74 797//74 798//74
f 7027//3939 7026//3939 7056//3939 7057//3939
f 7076//3940 7022//3940 7024//3940 7075//3940
f 4955//26 4954//26 4968//26 4967//26
f 7172//3941 7134//3941 7125//3941 7171//3941
f 3818//3942 3820//3942 3828//3942
f 7169//3943 7170//3943 7138//3943 7137//3943
f 686//3024 688//3024 687//3024 685//3024
f 5047//104 5048//104 5029//104 5030//104
f 4959//1269 4958//1269 4973//1269 4972//1269
f 4541//2157 4543//2157 4542//2157 4540//2157
f 4951//231 4959//231 4972//231 4971//231
f 7164//3944 7122//3944 7107//3944 7163//3944
f 401//3945 403//3945 492//3945 489//3945 211//3945 209//3945 352//3945 356//3945 358//3945 360//3945 261//3945 503//3945
f 6394//928 6395//928 6393//928 181//928
f 7494//3946 7506//3946 7507//3946 7495//3946
f 6818//4 6827//4 6829//4 6819//4
f 3994//3947 3996//3947 3995//3947 3993//3947
f 1656//3948 1666//3948 1650//3948 1665//3948
f 4877//2210 4878//2210 4873//2210 4872//2210
f 2882//288 2883//288 2869//288 2868//288
f 7115//3949 7114//3949 7155//3949 7156//3949
f 5081//1306 5082//1306 5065//1306 5064//1306
f 7154//3950 7105//3950 7104//3950 7153//3950
f 1024//3409 1026//3409 1025//3409 1023//3409
f 4640//3951 4641//3951 4638//3951 4639//3951
f 7151//3952 7152//3952 7103//3952 7116//3952
f 4579//3 4581//3 4583//3 4585//3 4587//3 4575//3 4577//3
f 4463//168 4452//168 4442//168 4443//168
f 317//3315 303//3315 302//3315 316//3315
f 7120//3953 7149//3953 7150//3953 7118//3953
f 7147//3954 7109//3954 7111//3954 7146//3954
f 7148//3955 7149//3955 7120//3955 7121//3955
f 5138//12 5139//12 5116//12 5117//12
f 5596//3956 5597//3956 5553//3956 5555//3956
f 7165//3957 7123//3957 7122//3957 7164//3957
f 6790//3958 6799//3958 6800//3958 6791//3958
f 7146//3959 7111//3959 7113//3959 7145//3959
f 7129//3960 7143//3960 7144//3960 7130//3960
f 4305//3961 4306//3961 4271//3961 4270//3961 4287//3961 4286//3961
f 7143//3962 7129//3962 7127//3962 7142//3962
f 349//3963 351//3963 350//3963 348//3963
f 6606//3 6594//3 6597//3 6638//3 6639//3 6616//3 6614//3 6612//3 6610//3 6609//3
f 309//3964 311//3964 310//3964 308//3964
f 6422//3 6423//3 6425//3 6424//3
f 428//3965 430//3965 429//3965 427//3965
f 2123//3966 2118//3966 2122//3966 2121//3966
f 4881//335 4883//335 4882//335 4880//335
f 2727//3967 2728//3967 2666//3967 2655//3967
f 8469//3968 8467//3968 8465//3968 8468//3968
f 7901//3969 7848//3969 7850//3969 7900//3969
f 5395//3970 5394//3970 5402//3970 5401//3970
f 6510//3971 6521//3971 6512//3971 6511//3971
f 549//3972 551//3972 573//3972 574//3972 547//3972
f 1166//3973 1168//3973 1167//3973 1165//3973
f 7763//3974 7764//3974 7761//3974 7762//3974
f 369//33 371//33 370//33 368//33
f 7100//3975 7099//3975 7096//3975 7095//3975
f 1352//2993 1354//2993 1353//2993 1351//2993
f 4133//3976 4134//3976 4085//3976 4082//3976
f 7746//3977 7755//3977 7756//3977 7745//3977
f 7089//3978 7090//3978 7088//3978 7087//3978
f 3211//3979 3199//3979 3189//3979 3188//3979
f 7474//3980 7475//3980 7461//3980
f 1370//1281 1372//1281 1371//1281 1369//1281
f 5829//3981 5830//3981 5826//3981 5825//3981
f 5058//3982 5059//3982 5049//3982 5048//3982
f 3744//3983 3743//3983 3749//3983 3748//3983
f 7075//3984 7024//3984 7039//3984 7074//3984
f 4003//74 4201//74 4200//74 3993//74
f 5600//3985 5601//3985 5545//3985 5547//3985
f 2592//268 2593//268 2580//268 2579//268
f 8240//3986 8233//3986 8232//3986 8241//3986
f 2977//3987 2979//3987 2949//3987 2931//3987
f 7617//202 7616//202 7615//202 7618//202 7602//202 7601//202
f 5575//3988 5572//3988 5599//3988 5598//3988
f 4131//3989 4132//3989 4080//3989 4079//3989
f 7046//233 7066//233 7067//233 7044//233
f 7043//126 7042//126 7068//126 7069//126
f 5363//3990 5365//3990 5364//3990 5362//3990
f 7065//3991 7047//3991 7048//3991 7064//3991
f 4312//3992 3561//3992 3552//3992 4311//3992
f 3132//3 3133//3 3128//3 3129//3 3130//3 3125//3 3126//3 3127//3 3123//3 3124//3 3134//3 3135//3 3131//3
f 7060//3993 7033//3993 7031//3993 7059//3993
f 1721//3994 1722//3994 1670//3994 1669//3994
f 5366//3995 5368//3995 5385//3995 5384//3995
f 2046//2495 2047//2495 2045//2495 2044//2495
f 5668//32 5670//32 5669//32 5667//32
f 361//223 363//223 362//223 360//223
f 7054//3996 7028//3996 7030//3996 7053//3996
f 7034//3997 7051//3997 7052//3997 7032//3997
f 1308//4 1310//4 1309//4 1307//4
f 2460//227 2438//227 2437//227 2459//227
f 39//20 46//20 52//20 50//20
f 7029//237 7031//237 7033//237 7035//237 7023//237 7025//237 7048//237 7047//237 7046//237 7044//237 7042//237 7043//237 7045//237 7038//237 7040//237 7041//237 7039//237 7024//237 7022//237 7019//237 7020//237 7021//237 7037//237 7036//237 7034//237 7032//237 7030//237 7028//237 7026//237 7027//237
f 6463//3998 6459//3998 6465//3998 6464//3998
f 1250//3999 1252//3999 1251//3999 1249//3999
f 5836//4000 5837//4000 5832//4000 5831//4000
f 6272//20 6273//20 6240//20 6241//20
f 6802//3 6804//3 6803//3 6801//3
f 8494//4001 8495//4001 8497//4001 8496//4001
f 8474//21 8472//21 8470//21 8471//21
f 5927//134 5957//134 5954//134 5926//134
f 8452//4002 8475//4002 8473//4002 8451//4002
f 5520//3 5715//3 5716//3 5519//3
f 8372//20 8374//20 8373//20 8371//20
f 8365//3 8368//3 8367//3 8363//3
f 8407//4003 8408//4003 8410//4003 8409//4003
f 8468//20 8471//20 8470//20 8469//20
f 8450//26 8452//26 8451//26 8449//26
f 5972//4004 5973//4004 5959//4004 5958//4004
f 5692//4 5702//4 5697//4 5705//4 5704//4 5703//4 5658//4 5691//4
f 6117//4005 6118//4005 6110//4005 6109//4005
f 8379//12 8377//12 8376//12 8374//12 8372//12 8390//12 8389//12 8386//12 8384//12 8381//12
f 4348//4006 4353//4006 4352//4006 4349//4006
f 5587//4007 5584//4007 5595//4007 5594//4007
f 8614//21 8612//21 8605//21 8601//21
f 8396//3 8392//3 8391//3 8395//3
f 5536//4008 5587//4008 5594//4008 5593//4008
f 8405//3 8406//3 8408//3 8407//3
f 8403//21 8404//21 8406//21 8405//21
f 8383//20 8384//20 8386//20 8385//20
f 8409//26 8412//26 8413//26 8397//26 8395//26 8391//26 8393//26 8416//26 8415//26 8388//26 8387//26 8389//26 8390//26 8399//26 8401//26 8403//26 8405//26 8407//26
f 8389//4 8387//4 8385//4 8386//4
f 5903//3 5905//3 5904//3 5902//3
f 8411//12 8458//12 8457//12 8456//12
f 8419//4009 8420//4009 8421//4009
f 8422//4010 8423//4010 8424//4010
f 8397//4011 8413//4011 8414//4011 8398//4011
f 8380//3 8378//3 8377//3 8379//3
f 8412//4 8411//4 8414//4 8413//4
f 8424//20 8423//20 8426//20 8425//20 8421//20 8420//20
f 8434//26 8432//26 8431//26 8433//26
f 1228//134 1230//134 1229//134 1227//134
f 6024//4 6025//4 6026//4 6023//4
f 8429//26 8430//26 8428//26 8427//26
f 8442//26 8444//26 8443//26 8441//26
f 8440//26 8422//26 8419//26 8438//26
f 4628//4012 4689//4012 4617//4012 4615//4012
f 5943//134 5955//134 5953//134 5944//134
f 8397//21 8398//21 8396//21 8395//21
f 8542//3 8538//3 8537//3 8541//3
f 6032//4 6033//4 6034//4 6031//4
f 906//91 908//91 907//91 905//91
f 8427//3 8428//3 8425//3 8426//3
f 8361//21 8362//21 8359//21 8360//21
f 8437//4 8439//4 8440//4 8438//4
f 8454//20 8462//20 8413//20 8412//20 8455//20
f 5599//4013 5600//4013 5547//4013 5549//4013
f 8455//12 8412//12 8364//12 8366//12
f 4022//4014 4024//4014 4190//4014 4191//4014
f 6911//3000 6912//3000 6844//3000 6848//3000
f 6155//3 6157//3 6156//3 6154//3
f 3456//293 3457//293 3450//293 3451//293
f 8462//4015 8461//4015 8414//4015 8413//4015
f 5911//3 5910//3 5916//3 5914//3
f 5672//134 5673//134 5693//134 5674//134
f 8392//12 8394//12 8393//12 8391//12
f 1636//33 1638//33 1637//33 1635//33
f 8446//74 8442//74 8441//74 8445//74
f 5919//74 5921//74 5920//74 5918//74
f 8373//4 8374//4 8376//4 8375//4
f 5996//4016 5997//4016 5989//4016 5988//4016
f 5598//4017 5599//4017 5549//4017 5551//4017
f 8579//4 8581//4 8582//4 8580//4
f 6506//21 6508//21 6521//21 6510//21
f 8491//21 8502//21 8503//21 8490//21
f 672//4018 660//4018 659//4018 671//4018
f 5684//32 5701//32 5697//32 5686//32 4797//32
f 8489//4001 8491//4001 8490//4001 8488//4001
f 8538//21 8540//21 8539//21 8537//21
f 8489//26 8501//26 8500//26 8502//26 8491//26
f 6378//12 6379//12 6380//12 6381//12 6382//12 6377//12 6375//12 6376//12 6374//12 6372//12 6370//12 6368//12 6366//12
f 8450//4019 8448//4019 8445//4019 8441//4019 8443//4019 8474//4019 8471//4019 8468//4019 8465//4019 8466//4019 8463//4019 8464//4019 8475//4019 8452//4019
f 8504//4020 8507//4020 8496//4020 8497//4020 8499//4020 8501//4020 8489//4020 8488//4020
f 6317//4021 6315//4021 6308//4021 6310//4021
f 6514//12 6519//12 6520//12 6516//12
f 6481//1992 6482//1992 6487//1992 6486//1992 6479//1992
f 8527//4022 8530//4022 8529//4022 8528//4022
f 8257//3 8259//3 8258//3 8256//3
f 5763//4023 5765//4023 5764//4023 5782//4023 5781//4023 5780//4023
f 6643//4024 6652//4024 6654//4024 6640//4024
f 8562//4 8561//4 8564//4 8566//4
f 8527//20 8528//20 8526//20 8525//20
f 8515//12 8513//12 8511//12 8512//12
f 8477//20 8479//20 8478//20 8476//20
f 8479//134 8513//134 8515//134 8478//134
f 8534//12 8517//12 8519//12 8521//12 8524//12 8526//12 8528//12 8529//12 8531//12 8533//12
f 8546//12 8548//12 8547//12 8545//12
f 6457//3958 6435//3958 6434//3958 6454//3958 6455//3958 6456//3958
f 8518//26 8520//26 8519//26 8517//26
f 8510//1500 8508//1500 8507//1500 8509//1500
f 8529//26 8530//26 8532//26 8531//26
f 6643//12 6650//12 6653//12 6652//12
f 5768//4025 5770//4025 5769//4025 5767//4025
f 6470//70 6473//70 6458//70 6460//70
f 6891//4 6892//4 6890//4 6888//4
f 1482//4026 1481//4026 1492//4026 1497//4026
f 8500//20 8543//20 8541//20 8537//20 8539//20 8558//20 8557//20 8534//20 8533//20 8535//20 8536//20 8545//20 8547//20 8549//20 8551//20 8553//20 8555//20 8502//20
f 8561//4027 8562//4027 8563//4027
f 8564//4028 8565//4028 8566//4028
f 8493//21 8495//21 8494//21 8492//21
f 8485//20 8487//20 8486//20 8484//20
f 6731//4 6733//4 6732//4 6730//4
f 8581//26 8579//26 8578//26 8560//26 8559//26 8540//26 8538//26 8542//26 8544//26 8498//26 8493//26 8556//26 8554//26 8552//26 8550//26 8548//26 8546//26 8577//26
f 8532//21 8530//21 8527//21 8525//21 8523//21 8522//21 8520//21 8518//21 8536//21 8535//21
f 6731//12 6735//12 6734//12 6733//12
f 7045//126 7070//126 7071//126 7038//126
f 8534//3 8557//3 8560//3 8578//3 8576//3 8575//3 8577//3 8546//3 8545//3 8536//3 8518//3 8517//3
f 8571//20 8572//20 8570//20 8569//20
f 8580//12 8561//12 8563//12 8567//12 8570//12 8572//12 8574//12 8576//12 8578//12 8579//12
f 8535//4 8533//4 8531//4 8532//4
f 6680//3164 6684//3164 6682//3164 6679//3164
f 6726//20 6728//20 6725//20 6724//20
f 6828//21 6829//21 6827//21 6826//21
f 8498//20 8499//20 8497//20 8495//20 8493//20
f 8502//4 8493//4 8498//4 8500//4
f 8481//32 8477//32 8476//32 8480//32
f 8593//74 8596//74 8586//74 8584//74
f 8566//26 8565//26 8568//26 8567//26 8563//26 8562//26
f 8586//26 8596//26 8592//26 8588//26
f 8590//3 8587//3 8585//3 8583//3 8584//3 8586//3 8588//3 8589//3
f 8595//134 8594//134 8583//134 8585//134
f 6796//4 6797//4 6824//4 6798//4
f 6780//20 6779//20 6743//20 6742//20
f 8589//33 8588//33 8592//33 8591//33
f 8594//12 8593//12 8584//12 8583//12
f 6839//26 6830//26 6831//26 6838//26
f 6810//3998 6798//3998 6824//3998 6825//3998
f 8402//4 8404//4 8403//4 8401//4
f 8611//26 8613//26 8600//26 8599//26
f 4620//4029 4621//4029 4623//4029 4622//4029
f 8607//12 8609//12 8606//12 8604//12
f 28//3 53//3 54//3 47//3 32//3 29//3
l 6844 6845
l 6852 6913
l 6848 6849
l 6846 6847
